p,failure_rate,best_p,best_p_error,best_number_of_series,best_p_step,best_q_step,best_span,latest_p,latest_p_error,latest_number_of_series,latest_p_step,latest_q_step,latest_span,candidates
0.5,0.0,0.5,0.0,200.0,1.0,3.0,5.0,0.5,0.0,200.0,1.0,3.0,5.0, [-0.080000 1表 1裏 1目 1～2局 1試] [-0.005000 1表 1裏 2目 2～5局 200試] [0.000000 1表 3裏 5目 3～15局 200試]
0.51,0.0,0.5,0.0,200.0,4.0,6.0,7.0,0.5,0.0,200.0,4.0,6.0,7.0, [-0.130000 1表 1裏 1目 1～2局 1試] [-0.065000 1表 1裏 2目 2～5局 200試] [-0.035000 1表 1裏 3目 3～9局 200試] [0.030000 3表 3裏 3目 1～2局 200試] [-0.010000 1表 1裏 4目 4～12局 200試] [0.005000 1表 1裏 6目 6～19局 200試] [0.000000 4表 6裏 7目 2～5局 200試]
0.52,0.0,0.5,0.0,200.0,1.0,1.0,4.0,0.5,0.0,200.0,1.0,1.0,4.0, [-0.055000 1表 1裏 1目 1～2局 1試] [-0.040000 1表 1裏 2目 2～5局 200試] [-0.030000 1表 1裏 3目 3～9局 200試] [0.000000 1表 1裏 4目 4～12局 200試]
0.53,0.0,0.5,0.0,200.0,1.0,1.0,9.0,0.5,0.0,200.0,1.0,1.0,9.0, [-0.100000 1表 1裏 1目 1～2局 1試] [-0.055000 1表 1裏 2目 2～5局 200試] [0.010000 2表 2裏 2目 1～2局 200試] [0.005000 1表 4裏 6目 3～19局 200試] [0.000000 1表 1裏 9目 9～29局 200試]
0.54,0.0,0.5,0.0,200.0,1.0,4.0,5.0,0.5,0.0,200.0,1.0,4.0,5.0, [-0.125000 1表 1裏 1目 1～2局 1試] [-0.070000 1表 2裏 2目 1～5局 200試] [-0.035000 2表 2裏 2目 1～2局 200試] [-0.005000 1表 2裏 3目 2～9局 200試] [0.000000 1表 4裏 5目 2～15局 200試]
0.55,0.0,0.5,0.0,200.0,3.0,3.0,5.0,0.5,0.0,200.0,3.0,3.0,5.0, [-0.080000 1表 1裏 1目 1～2局 1試] [-0.050000 1表 1裏 2目 2～5局 200試] [0.045000 1表 1裏 3目 3～9局 200試] [-0.040000 1表 2裏 3目 2～9局 200試] [-0.030000 1表 1裏 4目 4～12局 200試] [0.010000 2表 2裏 5目 3～9局 200試] [0.000000 3表 3裏 5目 2～5局 200試]
0.56,0.0,0.5,0.0,200.0,1.0,2.0,2.0,0.5,0.0,200.0,1.0,2.0,2.0, [-0.045000 1表 1裏 1目 1～2局 1試] [0.005000 1表 1裏 2目 2～5局 200試] [0.000000 1表 2裏 2目 1～5局 200試]
0.57,0.0,0.5,0.0,200.0,2.0,3.0,7.0,0.5,0.0,200.0,2.0,3.0,7.0, [-0.015000 1表 1裏 1目 1～2局 1試] [-0.005000 1表 1裏 2目 2～5局 200試] [0.000000 2表 3裏 7目 3～12局 200試]
0.58,0.0,0.5,0.0,200.0,3.0,3.0,4.0,0.5,0.0,200.0,3.0,3.0,4.0, [-0.010000 1表 1裏 1目 1～2局 1試] [-0.005000 1表 1裏 4目 4～12局 200試] [0.000000 3表 3裏 4目 2～5局 200試]
0.59,0.0,0.5,0.0,200.0,2.0,2.0,3.0,0.5,0.0,200.0,2.0,2.0,3.0, [-0.045000 1表 1裏 1目 1～2局 1試] [0.025000 2表 2裏 2目 1～2局 200試] [-0.020000 1表 1裏 3目 3～9局 200試] [0.005000 1表 2裏 3目 2～9局 200試] [0.000000 2表 2裏 3目 2～5局 200試]
0.6,0.0,0.5,0.0,200.0,2.0,2.0,2.0,0.5,0.0,200.0,2.0,2.0,2.0, [-0.070000 1表 1裏 1目 1～2局 1試] [-0.040000 1表 1裏 2目 2～5局 200試] [0.000000 2表 2裏 2目 1～2局 200試]
0.61,0.0,0.5,0.0,200.0,3.0,3.0,6.0,0.5,0.0,200.0,3.0,3.0,6.0, [-0.065000 1表 1裏 1目 1～2局 1試] [0.030000 1表 1裏 2目 2～5局 200試] [0.015000 1表 1裏 3目 3～9局 200試] [-0.005000 1表 2裏 4目 3～12局 200試] [0.000000 3表 3裏 6目 2～5局 200試]
0.62,0.0,0.5,0.0,200.0,3.0,4.0,4.0,0.5,0.0,200.0,3.0,4.0,4.0, [-0.035000 1表 1裏 1目 1～2局 1試] [-0.010000 1表 2裏 3目 2～9局 200試] [-0.005000 2表 2裏 4目 2～5局 200試] [0.000000 3表 4裏 4目 1～5局 200試]
0.63,0.0,0.5,0.0,200.0,1.0,1.0,5.0,0.5,0.0,200.0,1.0,1.0,5.0, [-0.065000 1表 1裏 1目 1～2局 1試] [-0.035000 1表 1裏 2目 2～5局 200試] [-0.030000 1表 2裏 2目 1～5局 200試] [-0.010000 1表 1裏 4目 4～12局 200試] [0.000000 1表 1裏 5目 5～15局 200試]
0.64,0.0,0.5,0.0,200.0,1.0,2.0,7.0,0.5,0.0,200.0,1.0,2.0,7.0, [-0.030000 1表 1裏 1目 1～2局 1試] [0.025000 1表 1裏 2目 2～5局 200試] [-0.015000 2表 2裏 2目 1～2局 200試] [-0.010000 1表 2裏 4目 3～12局 200試] [-0.005000 2表 2裏 4目 2～5局 200試] [0.000000 1表 2裏 7目 5～22局 200試]
0.65,0.0,0.5,0.0,200.0,3.0,5.0,5.0,0.5,0.0,200.0,3.0,5.0,5.0, [-0.005000 1表 1裏 1目 1～2局 1試] [0.000000 3表 5裏 5目 1～5局 200試]
0.66,0.0,0.5,0.0,200.0,4.0,4.0,4.0,0.5,0.0,200.0,4.0,4.0,4.0, [-0.040000 1表 1裏 1目 1～2局 1試] [0.015000 1表 1裏 2目 2～5局 200試] [0.005000 2表 3裏 4目 2～5局 200試] [0.000000 4表 4裏 4目 1～2局 200試]
0.67,0.0,0.5,0.0,200.0,1.0,2.0,4.0,0.5,0.0,200.0,1.0,2.0,4.0, [-0.010000 1表 1裏 1目 1～2局 1試] [0.000000 1表 2裏 4目 3～12局 200試]
0.68,0.0,0.5,0.0,200.0,2.0,2.0,3.0,0.5,0.0,200.0,2.0,2.0,3.0, [0.030000 1表 1裏 1目 1～2局 1試] [-0.010000 2表 2裏 2目 1～2局 200試] [0.000000 2表 2裏 3目 2～5局 200試]
0.69,0.0,0.5,0.0,200.0,1.0,7.0,7.0,0.5,0.0,200.0,1.0,7.0,7.0, [-0.040000 1表 1裏 1目 1～2局 1試] [0.010000 1表 1裏 2目 2～5局 200試] [0.005000 2表 3裏 3目 1～5局 200試] [0.000000 1表 7裏 7目 1～22局 200試]
0.7,0.0,0.5,0.0,200.0,3.0,3.0,3.0,0.5,0.0,200.0,3.0,3.0,3.0, [-0.085000 1表 1裏 1目 1～2局 1試] [0.060000 1表 1裏 2目 2～5局 200試] [0.020000 2表 2裏 2目 1～2局 200試] [-0.005000 2表 2裏 3目 2～5局 200試] [0.000000 3表 3裏 3目 1～2局 200試]
0.71,0.0,0.5,0.0,200.0,2.0,4.0,5.0,0.5,0.0,200.0,2.0,4.0,5.0, [0.030000 1表 1裏 1目 1～2局 1試] [0.010000 1表 1裏 2目 2～5局 200試] [0.005000 2表 2裏 4目 2～5局 200試] [0.000000 2表 4裏 5目 2～9局 200試]
0.72,0.0,0.5,0.0,200.0,2.0,2.0,4.0,0.5,0.0,200.0,2.0,2.0,4.0, [0.010000 1表 1裏 1目 1～2局 1試] [-0.005000 1表 1裏 2目 2～5局 200試] [0.000000 2表 2裏 4目 2～5局 200試]
0.73,0.0,0.5,0.0,200.0,2.0,2.0,3.0,0.5,0.0,200.0,2.0,2.0,3.0, [-0.060000 1表 1裏 1目 1～2局 1試] [-0.050000 1表 1裏 2目 2～5局 200試] [-0.045000 1表 2裏 2目 1～5局 200試] [-0.005000 2表 2裏 2目 1～2局 200試] [0.000000 2表 2裏 3目 2～5局 200試]
0.74,0.0,0.5,0.0,200.0,1.0,1.0,2.0,0.5,0.0,200.0,1.0,1.0,2.0, [0.015000 1表 1裏 1目 1～2局 1試] [0.000000 1表 1裏 2目 2～5局 200試]
0.75,0.0,0.5,0.0,200.0,2.0,3.0,3.0,0.5,0.0,200.0,2.0,3.0,3.0, [0.055000 1表 1裏 1目 1～2局 1試] [-0.030000 1表 1裏 2目 2～5局 200試] [-0.015000 1表 2裏 2目 1～5局 200試] [0.010000 1表 1裏 3目 3～9局 200試] [0.000000 2表 3裏 3目 1～5局 200試]
0.76,0.0,0.5,0.0,200.0,1.0,1.0,1.0,0.5,0.0,200.0,1.0,1.0,1.0, [0.000000 1表 1裏 1目 1～2局 1試]
0.77,0.0,0.5,0.0,200.0,1.0,1.0,2.0,0.5,0.0,200.0,1.0,1.0,2.0, [0.025000 1表 1裏 1目 1～2局 1試] [0.000000 1表 1裏 2目 2～5局 200試]
0.78,0.0,0.5,0.0,200.0,2.0,4.0,6.0,0.5,0.0,200.0,2.0,4.0,6.0, [0.045000 1表 1裏 1目 1～2局 1試] [0.015000 1表 1裏 2目 2～5局 200試] [-0.010000 1表 1裏 3目 3～9局 200試] [0.005000 2表 2裏 4目 2～5局 200試] [0.000000 2表 4裏 6目 2～9局 200試]
0.79,0.0,0.5,0.0,200.0,2.0,2.0,4.0,0.5,0.0,200.0,2.0,2.0,4.0, [0.075000 1表 1裏 1目 1～2局 1試] [0.025000 1表 1裏 2目 2～5局 200試] [-0.005000 2表 2裏 2目 1～2局 200試] [0.000000 2表 2裏 4目 2～5局 200試]
0.8,0.0,0.5,0.0,200.0,1.0,2.0,6.0,0.5,0.0,200.0,1.0,2.0,6.0, [0.020000 1表 1裏 1目 1～2局 1試] [-0.005000 1表 1裏 2目 2～5局 200試] [0.000000 1表 2裏 6目 4～19局 200試]
0.81,0.0,0.5,0.0,200.0,3.0,3.0,5.0,0.5,0.0,200.0,3.0,3.0,5.0, [0.030000 1表 1裏 1目 1～2局 1試] [0.005000 1表 1裏 2目 2～5局 200試] [0.000000 3表 3裏 5目 2～5局 200試]
0.82,0.0,0.5,0.0,200.0,1.0,1.0,2.0,0.5,0.0,200.0,1.0,1.0,2.0, [-0.040000 1表 1裏 1目 1～2局 1試] [0.000000 1表 1裏 2目 2～5局 200試]
0.83,0.0,0.5,0.0,200.0,1.0,1.0,2.0,0.5,0.0,200.0,1.0,1.0,2.0, [0.035000 1表 1裏 1目 1～2局 1試] [0.000000 1表 1裏 2目 2～5局 200試]
0.84,0.0,0.5,0.0,200.0,1.0,3.0,3.0,0.5,0.0,200.0,1.0,3.0,3.0, [0.050000 1表 1裏 1目 1～2局 1試] [0.015000 1表 2裏 2目 1～5局 200試] [0.000000 1表 3裏 3目 1～9局 200試]
0.85,0.0,0.5,0.0,200.0,1.0,3.0,4.0,0.5,0.0,200.0,1.0,3.0,4.0, [0.045000 1表 1裏 1目 1～2局 1試] [0.015000 1表 2裏 2目 1～5局 200試] [0.010000 1表 2裏 3目 2～9局 200試] [0.000000 1表 3裏 4目 2～12局 200試]
0.86,0.0,0.5,0.0,200.0,1.0,2.0,3.0,0.5,0.0,200.0,1.0,2.0,3.0, [0.050000 1表 1裏 1目 1～2局 1試] [0.035000 1表 2裏 2目 1～5局 200試] [0.010000 1表 1裏 3目 3～9局 200試] [0.000000 1表 2裏 3目 2～9局 200試]
0.87,0.0,0.5,0.0,200.0,1.0,3.0,5.0,0.5,0.0,200.0,1.0,3.0,5.0, [0.050000 1表 1裏 1目 1～2局 1試] [0.020000 1表 2裏 2目 1～5局 200試] [-0.005000 2表 2裏 3目 2～5局 200試] [0.000000 1表 3裏 5目 3～15局 200試]
0.88,0.0,0.5,0.0,200.0,1.0,1.0,6.0,0.5,0.0,200.0,1.0,1.0,6.0, [0.100000 1表 1裏 1目 1～2局 1試] [0.075000 1表 1裏 2目 2～5局 200試] [0.005000 1表 2裏 2目 1～5局 200試] [0.000000 1表 1裏 6目 6～19局 200試]
0.89,0.0,0.5,0.0,200.0,3.0,3.0,5.0,0.5,0.0,200.0,3.0,3.0,5.0, [0.020000 1表 1裏 1目 1～2局 1試] [-0.010000 1表 1裏 4目 4～12局 200試] [0.000000 3表 3裏 5目 2～5局 200試]
0.9,0.0,0.5,0.0,200.0,2.0,2.0,4.0,0.5,0.0,200.0,2.0,2.0,4.0, [0.010000 1表 1裏 1目 1～2局 1試] [0.000000 2表 2裏 4目 2～5局 200試]
0.91,0.0,0.5,0.0,200.0,1.0,1.0,2.0,0.5,0.0,200.0,1.0,1.0,2.0, [0.125000 1表 1裏 1目 1～2局 1試] [0.000000 1表 1裏 2目 2～5局 200試]
0.92,0.0,0.5,0.0,200.0,1.0,1.0,3.0,0.5,0.0,200.0,1.0,1.0,3.0, [0.100000 1表 1裏 1目 1～2局 1試] [0.015000 1表 1裏 2目 2～5局 200試] [0.000000 1表 1裏 3目 3～9局 200試]
0.93,0.0,0.5,0.0,200.0,2.0,4.0,4.0,0.5,0.0,200.0,2.0,4.0,4.0, [0.065000 1表 1裏 1目 1～2局 1試] [0.040000 1表 1裏 2目 2～5局 200試] [-0.010000 1表 1裏 3目 3～9局 200試] [-0.005000 1表 3裏 4目 2～12局 200試] [0.000000 2表 4裏 4目 1～5局 200試]
0.94,0.0,0.5,0.0,200.0,1.0,3.0,4.0,0.5,0.0,200.0,1.0,3.0,4.0, [0.095000 1表 1裏 1目 1～2局 1試] [0.010000 1表 1裏 2目 2～5局 200試] [-0.005000 1表 1裏 4目 4～12局 200試] [0.000000 1表 3裏 4目 2～12局 200試]
0.95,0.0,0.5,0.0,200.0,1.0,5.0,5.0,0.5,0.0,200.0,1.0,5.0,5.0, [0.050000 1表 1裏 1目 1～2局 1試] [0.010000 1表 1裏 3目 3～9局 200試] [0.005000 1表 3裏 4目 2～12局 200試] [0.000000 1表 5裏 5目 1～15局 200試]
0.96,0.0,0.5,0.0,200.0,1.0,2.0,2.0,0.5,0.0,200.0,1.0,2.0,2.0, [0.095000 1表 1裏 1目 1～2局 1試] [0.000000 1表 2裏 2目 1～5局 200試]
0.97,0.0,0.5,0.0,200.0,1.0,1.0,8.0,0.5,0.0,200.0,1.0,1.0,8.0, [0.090000 1表 1裏 1目 1～2局 1試] [0.075000 1表 1裏 2目 2～5局 200試] [0.065000 1表 2裏 2目 1～5局 200試] [-0.030000 1表 3裏 3目 1～9局 200試] [0.015000 1表 1裏 4目 4～12局 200試] [0.005000 1表 5裏 5目 1～15局 200試] [0.000000 1表 1裏 8目 8～25局 200試]
0.98,0.0,0.5,0.0,200.0,2.0,3.0,8.0,0.5,0.0,200.0,2.0,3.0,8.0, [0.075000 1表 1裏 1目 1～2局 1試] [0.065000 1表 2裏 2目 1～5局 200試] [0.020000 2表 2裏 2目 1～2局 200試] [0.015000 1表 3裏 3目 1～9局 200試] [0.010000 1表 1裏 4目 4～12局 200試] [-0.005000 1表 2裏 4目 3～12局 200試] [0.000000 2表 3裏 8目 3～12局 200試]
0.99,0.0,0.5,0.0,200.0,1.0,1.0,4.0,0.5,0.0,200.0,1.0,1.0,4.0, [0.040000 1表 1裏 1目 1～2局 1試] [0.030000 1表 1裏 3目 3～9局 200試] [0.025000 2表 3裏 3目 1～5局 200試] [0.000000 1表 1裏 4目 4～12局 200試]
0.5,0.1,0.5,0.0,200.0,1.0,3.0,5.0,0.5,0.0,200.0,1.0,3.0,5.0, [-0.080000 1表 1裏 1目 1～2局 1試] [-0.005000 1表 1裏 2目 2～5局 200試] [0.000000 1表 3裏 5目 3～15局 200試]
0.51,0.1,0.5,0.0,200.0,4.0,6.0,7.0,0.5,0.0,200.0,4.0,6.0,7.0, [-0.130000 1表 1裏 1目 1～2局 1試] [-0.065000 1表 1裏 2目 2～5局 200試] [-0.035000 1表 1裏 3目 3～9局 200試] [0.030000 3表 3裏 3目 1～2局 200試] [-0.010000 1表 1裏 4目 4～12局 200試] [0.005000 1表 1裏 6目 6～19局 200試] [0.000000 4表 6裏 7目 2～5局 200試]
0.52,0.1,0.5,0.0,200.0,1.0,1.0,4.0,0.5,0.0,200.0,1.0,1.0,4.0, [-0.055000 1表 1裏 1目 1～2局 1試] [-0.040000 1表 1裏 2目 2～5局 200試] [-0.030000 1表 1裏 3目 3～9局 200試] [0.000000 1表 1裏 4目 4～12局 200試]
0.53,0.1,0.5,0.0,200.0,1.0,1.0,9.0,0.5,0.0,200.0,1.0,1.0,9.0, [-0.100000 1表 1裏 1目 1～2局 1試] [-0.055000 1表 1裏 2目 2～5局 200試] [0.010000 2表 2裏 2目 1～2局 200試] [0.005000 1表 4裏 6目 3～19局 200試] [0.000000 1表 1裏 9目 9～29局 200試]
0.54,0.1,0.5,0.0,200.0,1.0,4.0,5.0,0.5,0.0,200.0,1.0,4.0,5.0, [-0.125000 1表 1裏 1目 1～2局 1試] [-0.070000 1表 2裏 2目 1～5局 200試] [-0.035000 2表 2裏 2目 1～2局 200試] [-0.005000 1表 2裏 3目 2～9局 200試] [0.000000 1表 4裏 5目 2～15局 200試]
0.55,0.1,0.5,0.0,200.0,3.0,3.0,5.0,0.5,0.0,200.0,3.0,3.0,5.0, [-0.080000 1表 1裏 1目 1～2局 1試] [-0.050000 1表 1裏 2目 2～5局 200試] [0.045000 1表 1裏 3目 3～9局 200試] [-0.040000 1表 2裏 3目 2～9局 200試] [-0.030000 1表 1裏 4目 4～12局 200試] [0.010000 2表 2裏 5目 3～9局 200試] [0.000000 3表 3裏 5目 2～5局 200試]
0.56,0.1,0.5,0.0,200.0,1.0,2.0,2.0,0.5,0.0,200.0,1.0,2.0,2.0, [-0.045000 1表 1裏 1目 1～2局 1試] [0.005000 1表 1裏 2目 2～5局 200試] [0.000000 1表 2裏 2目 1～5局 200試]
0.57,0.1,0.5,0.0,200.0,2.0,3.0,7.0,0.5,0.0,200.0,2.0,3.0,7.0, [-0.015000 1表 1裏 1目 1～2局 1試] [-0.005000 1表 1裏 2目 2～5局 200試] [0.000000 2表 3裏 7目 3～12局 200試]
0.58,0.1,0.5,0.0,200.0,3.0,3.0,4.0,0.5,0.0,200.0,3.0,3.0,4.0, [-0.010000 1表 1裏 1目 1～2局 1試] [-0.005000 1表 1裏 4目 4～12局 200試] [0.000000 3表 3裏 4目 2～5局 200試]
0.59,0.1,0.5,0.0,200.0,2.0,2.0,3.0,0.5,0.0,200.0,2.0,2.0,3.0, [-0.045000 1表 1裏 1目 1～2局 1試] [0.025000 2表 2裏 2目 1～2局 200試] [-0.020000 1表 1裏 3目 3～9局 200試] [0.005000 1表 2裏 3目 2～9局 200試] [0.000000 2表 2裏 3目 2～5局 200試]
0.6,0.1,0.5,0.0,200.0,2.0,2.0,2.0,0.5,0.0,200.0,2.0,2.0,2.0, [-0.070000 1表 1裏 1目 1～2局 1試] [-0.040000 1表 1裏 2目 2～5局 200試] [0.000000 2表 2裏 2目 1～2局 200試]
0.61,0.1,0.5,0.0,200.0,3.0,3.0,6.0,0.5,0.0,200.0,3.0,3.0,6.0, [-0.065000 1表 1裏 1目 1～2局 1試] [0.030000 1表 1裏 2目 2～5局 200試] [0.015000 1表 1裏 3目 3～9局 200試] [-0.005000 1表 2裏 4目 3～12局 200試] [0.000000 3表 3裏 6目 2～5局 200試]
0.62,0.1,0.5,0.0,200.0,3.0,4.0,4.0,0.5,0.0,200.0,3.0,4.0,4.0, [-0.035000 1表 1裏 1目 1～2局 1試] [-0.010000 1表 2裏 3目 2～9局 200試] [-0.005000 2表 2裏 4目 2～5局 200試] [0.000000 3表 4裏 4目 1～5局 200試]
0.63,0.1,0.5,0.0,200.0,1.0,1.0,5.0,0.5,0.0,200.0,1.0,1.0,5.0, [-0.065000 1表 1裏 1目 1～2局 1試] [-0.035000 1表 1裏 2目 2～5局 200試] [-0.030000 1表 2裏 2目 1～5局 200試] [-0.010000 1表 1裏 4目 4～12局 200試] [0.000000 1表 1裏 5目 5～15局 200試]
0.64,0.1,0.5,0.0,200.0,1.0,2.0,7.0,0.5,0.0,200.0,1.0,2.0,7.0, [-0.030000 1表 1裏 1目 1～2局 1試] [0.025000 1表 1裏 2目 2～5局 200試] [-0.015000 2表 2裏 2目 1～2局 200試] [-0.010000 1表 2裏 4目 3～12局 200試] [-0.005000 2表 2裏 4目 2～5局 200試] [0.000000 1表 2裏 7目 5～22局 200試]
0.65,0.1,0.5,0.0,200.0,3.0,5.0,5.0,0.5,0.0,200.0,3.0,5.0,5.0, [-0.005000 1表 1裏 1目 1～2局 1試] [0.000000 3表 5裏 5目 1～5局 200試]
0.66,0.1,0.5,0.0,200.0,4.0,4.0,4.0,0.5,0.0,200.0,4.0,4.0,4.0, [-0.040000 1表 1裏 1目 1～2局 1試] [0.015000 1表 1裏 2目 2～5局 200試] [0.005000 2表 3裏 4目 2～5局 200試] [0.000000 4表 4裏 4目 1～2局 200試]
0.67,0.1,0.5,0.0,200.0,1.0,2.0,4.0,0.5,0.0,200.0,1.0,2.0,4.0, [-0.010000 1表 1裏 1目 1～2局 1試] [0.000000 1表 2裏 4目 3～12局 200試]
0.68,0.1,0.5,0.0,200.0,2.0,2.0,3.0,0.5,0.0,200.0,2.0,2.0,3.0, [0.030000 1表 1裏 1目 1～2局 1試] [-0.010000 2表 2裏 2目 1～2局 200試] [0.000000 2表 2裏 3目 2～5局 200試]
0.69,0.1,0.5,0.0,200.0,1.0,7.0,7.0,0.5,0.0,200.0,1.0,7.0,7.0, [-0.040000 1表 1裏 1目 1～2局 1試] [0.010000 1表 1裏 2目 2～5局 200試] [0.005000 2表 3裏 3目 1～5局 200試] [0.000000 1表 7裏 7目 1～22局 200試]
0.7,0.1,0.5,0.0,200.0,3.0,3.0,3.0,0.5,0.0,200.0,3.0,3.0,3.0, [-0.085000 1表 1裏 1目 1～2局 1試] [0.060000 1表 1裏 2目 2～5局 200試] [0.020000 2表 2裏 2目 1～2局 200試] [-0.005000 2表 2裏 3目 2～5局 200試] [0.000000 3表 3裏 3目 1～2局 200試]
0.71,0.1,0.5,0.0,200.0,2.0,4.0,5.0,0.5,0.0,200.0,2.0,4.0,5.0, [0.030000 1表 1裏 1目 1～2局 1試] [0.010000 1表 1裏 2目 2～5局 200試] [0.005000 2表 2裏 4目 2～5局 200試] [0.000000 2表 4裏 5目 2～9局 200試]
0.72,0.1,0.5,0.0,200.0,2.0,2.0,4.0,0.5,0.0,200.0,2.0,2.0,4.0, [0.010000 1表 1裏 1目 1～2局 1試] [-0.005000 1表 1裏 2目 2～5局 200試] [0.000000 2表 2裏 4目 2～5局 200試]
0.73,0.1,0.5,0.0,200.0,2.0,2.0,3.0,0.5,0.0,200.0,2.0,2.0,3.0, [-0.060000 1表 1裏 1目 1～2局 1試] [-0.050000 1表 1裏 2目 2～5局 200試] [-0.045000 1表 2裏 2目 1～5局 200試] [-0.005000 2表 2裏 2目 1～2局 200試] [0.000000 2表 2裏 3目 2～5局 200試]
0.74,0.1,0.5,0.0,200.0,1.0,1.0,2.0,0.5,0.0,200.0,1.0,1.0,2.0, [0.015000 1表 1裏 1目 1～2局 1試] [0.000000 1表 1裏 2目 2～5局 200試]
0.75,0.1,0.5,0.0,200.0,2.0,3.0,3.0,0.5,0.0,200.0,2.0,3.0,3.0, [0.055000 1表 1裏 1目 1～2局 1試] [-0.030000 1表 1裏 2目 2～5局 200試] [-0.015000 1表 2裏 2目 1～5局 200試] [0.010000 1表 1裏 3目 3～9局 200試] [0.000000 2表 3裏 3目 1～5局 200試]
0.76,0.1,0.5,0.0,200.0,1.0,1.0,1.0,0.5,0.0,200.0,1.0,1.0,1.0, [0.000000 1表 1裏 1目 1～2局 1試]
0.77,0.1,0.5,0.0,200.0,1.0,1.0,2.0,0.5,0.0,200.0,1.0,1.0,2.0, [0.025000 1表 1裏 1目 1～2局 1試] [0.000000 1表 1裏 2目 2～5局 200試]
0.78,0.1,0.5,0.0,200.0,2.0,4.0,6.0,0.5,0.0,200.0,2.0,4.0,6.0, [0.045000 1表 1裏 1目 1～2局 1試] [0.015000 1表 1裏 2目 2～5局 200試] [-0.010000 1表 1裏 3目 3～9局 200試] [0.005000 2表 2裏 4目 2～5局 200試] [0.000000 2表 4裏 6目 2～9局 200試]
0.79,0.1,0.5,0.0,200.0,2.0,2.0,4.0,0.5,0.0,200.0,2.0,2.0,4.0, [0.075000 1表 1裏 1目 1～2局 1試] [0.025000 1表 1裏 2目 2～5局 200試] [-0.005000 2表 2裏 2目 1～2局 200試] [0.000000 2表 2裏 4目 2～5局 200試]
0.8,0.1,0.5,0.0,200.0,1.0,2.0,6.0,0.5,0.0,200.0,1.0,2.0,6.0, [0.020000 1表 1裏 1目 1～2局 1試] [-0.005000 1表 1裏 2目 2～5局 200試] [0.000000 1表 2裏 6目 4～19局 200試]
0.81,0.1,0.5,0.0,200.0,3.0,3.0,5.0,0.5,0.0,200.0,3.0,3.0,5.0, [0.030000 1表 1裏 1目 1～2局 1試] [0.005000 1表 1裏 2目 2～5局 200試] [0.000000 3表 3裏 5目 2～5局 200試]
0.82,0.1,0.5,0.0,200.0,1.0,1.0,2.0,0.5,0.0,200.0,1.0,1.0,2.0, [-0.040000 1表 1裏 1目 1～2局 1試] [0.000000 1表 1裏 2目 2～5局 200試]
0.83,0.1,0.5,0.0,200.0,1.0,1.0,2.0,0.5,0.0,200.0,1.0,1.0,2.0, [0.035000 1表 1裏 1目 1～2局 1試] [0.000000 1表 1裏 2目 2～5局 200試]
0.84,0.1,0.5,0.0,200.0,1.0,3.0,3.0,0.5,0.0,200.0,1.0,3.0,3.0, [0.050000 1表 1裏 1目 1～2局 1試] [0.015000 1表 2裏 2目 1～5局 200試] [0.000000 1表 3裏 3目 1～9局 200試]
0.85,0.1,0.5,0.0,200.0,1.0,3.0,4.0,0.5,0.0,200.0,1.0,3.0,4.0, [0.045000 1表 1裏 1目 1～2局 1試] [0.015000 1表 2裏 2目 1～5局 200試] [0.010000 1表 2裏 3目 2～9局 200試] [0.000000 1表 3裏 4目 2～12局 200試]
0.86,0.1,0.5,0.0,200.0,1.0,2.0,3.0,0.5,0.0,200.0,1.0,2.0,3.0, [0.050000 1表 1裏 1目 1～2局 1試] [0.035000 1表 2裏 2目 1～5局 200試] [0.010000 1表 1裏 3目 3～9局 200試] [0.000000 1表 2裏 3目 2～9局 200試]
0.87,0.1,0.5,0.0,200.0,1.0,3.0,5.0,0.5,0.0,200.0,1.0,3.0,5.0, [0.050000 1表 1裏 1目 1～2局 1試] [0.020000 1表 2裏 2目 1～5局 200試] [-0.005000 2表 2裏 3目 2～5局 200試] [0.000000 1表 3裏 5目 3～15局 200試]
0.88,0.1,0.5,0.0,200.0,1.0,1.0,6.0,0.5,0.0,200.0,1.0,1.0,6.0, [0.100000 1表 1裏 1目 1～2局 1試] [0.075000 1表 1裏 2目 2～5局 200試] [0.005000 1表 2裏 2目 1～5局 200試] [0.000000 1表 1裏 6目 6～19局 200試]
0.89,0.1,0.5,0.0,200.0,3.0,3.0,5.0,0.5,0.0,200.0,3.0,3.0,5.0, [0.020000 1表 1裏 1目 1～2局 1試] [-0.010000 1表 1裏 4目 4～12局 200試] [0.000000 3表 3裏 5目 2～5局 200試]
0.9,0.1,0.5,0.0,200.0,2.0,2.0,4.0,0.5,0.0,200.0,2.0,2.0,4.0, [0.010000 1表 1裏 1目 1～2局 1試] [0.000000 2表 2裏 4目 2～5局 200試]
0.91,0.1,0.5,0.0,200.0,1.0,1.0,2.0,0.5,0.0,200.0,1.0,1.0,2.0, [0.125000 1表 1裏 1目 1～2局 1試] [0.000000 1表 1裏 2目 2～5局 200試]
0.92,0.1,0.5,0.0,200.0,1.0,1.0,3.0,0.5,0.0,200.0,1.0,1.0,3.0, [0.100000 1表 1裏 1目 1～2局 1試] [0.015000 1表 1裏 2目 2～5局 200試] [0.000000 1表 1裏 3目 3～9局 200試]
0.93,0.1,0.5,0.0,200.0,2.0,4.0,4.0,0.5,0.0,200.0,2.0,4.0,4.0, [0.065000 1表 1裏 1目 1～2局 1試] [0.040000 1表 1裏 2目 2～5局 200試] [-0.010000 1表 1裏 3目 3～9局 200試] [-0.005000 1表 3裏 4目 2～12局 200試] [0.000000 2表 4裏 4目 1～5局 200試]
0.94,0.1,0.5,0.0,200.0,1.0,3.0,4.0,0.5,0.0,200.0,1.0,3.0,4.0, [0.095000 1表 1裏 1目 1～2局 1試] [0.010000 1表 1裏 2目 2～5局 200試] [-0.005000 1表 1裏 4目 4～12局 200試] [0.000000 1表 3裏 4目 2～12局 200試]
0.95,0.1,0.5,0.0,200.0,1.0,5.0,5.0,0.5,0.0,200.0,1.0,5.0,5.0, [0.050000 1表 1裏 1目 1～2局 1試] [0.010000 1表 1裏 3目 3～9局 200試] [0.005000 1表 3裏 4目 2～12局 200試] [0.000000 1表 5裏 5目 1～15局 200試]
0.96,0.1,0.5,0.0,200.0,1.0,2.0,2.0,0.5,0.0,200.0,1.0,2.0,2.0, [0.095000 1表 1裏 1目 1～2局 1試] [0.000000 1表 2裏 2目 1～5局 200試]
0.97,0.1,0.5,0.0,200.0,1.0,1.0,8.0,0.5,0.0,200.0,1.0,1.0,8.0, [0.090000 1表 1裏 1目 1～2局 1試] [0.075000 1表 1裏 2目 2～5局 200試] [0.065000 1表 2裏 2目 1～5局 200試] [-0.030000 1表 3裏 3目 1～9局 200試] [0.015000 1表 1裏 4目 4～12局 200試] [0.005000 1表 5裏 5目 1～15局 200試] [0.000000 1表 1裏 8目 8～25局 200試]
0.98,0.1,0.5,0.0,200.0,2.0,3.0,8.0,0.5,0.0,200.0,2.0,3.0,8.0, [0.075000 1表 1裏 1目 1～2局 1試] [0.065000 1表 2裏 2目 1～5局 200試] [0.020000 2表 2裏 2目 1～2局 200試] [0.015000 1表 3裏 3目 1～9局 200試] [0.010000 1表 1裏 4目 4～12局 200試] [-0.005000 1表 2裏 4目 3～12局 200試] [0.000000 2表 3裏 8目 3～12局 200試]
0.99,0.1,0.5,0.0,200.0,1.0,1.0,4.0,0.5,0.0,200.0,1.0,1.0,4.0, [0.040000 1表 1裏 1目 1～2局 1試] [0.030000 1表 1裏 3目 3～9局 200試] [0.025000 2表 3裏 3目 1～5局 200試] [0.000000 1表 1裏 4目 4～12局 200試]
0.5,0.99,0.5,0.0,200.0,1.0,3.0,5.0,0.5,0.0,200.0,1.0,3.0,5.0, [-0.080000 1表 1裏 1目 1～2局 1試] [-0.005000 1表 1裏 2目 2～5局 200試] [0.000000 1表 3裏 5目 3～15局 200試]
0.51,0.99,0.5,0.0,200.0,4.0,6.0,7.0,0.5,0.0,200.0,4.0,6.0,7.0, [-0.130000 1表 1裏 1目 1～2局 1試] [-0.065000 1表 1裏 2目 2～5局 200試] [-0.035000 1表 1裏 3目 3～9局 200試] [0.030000 3表 3裏 3目 1～2局 200試] [-0.010000 1表 1裏 4目 4～12局 200試] [0.005000 1表 1裏 6目 6～19局 200試] [0.000000 4表 6裏 7目 2～5局 200試]
0.52,0.99,0.5,0.0,200.0,1.0,1.0,4.0,0.5,0.0,200.0,1.0,1.0,4.0, [-0.055000 1表 1裏 1目 1～2局 1試] [-0.040000 1表 1裏 2目 2～5局 200試] [-0.030000 1表 1裏 3目 3～9局 200試] [0.000000 1表 1裏 4目 4～12局 200試]
0.53,0.99,0.5,0.0,200.0,1.0,1.0,9.0,0.5,0.0,200.0,1.0,1.0,9.0, [-0.100000 1表 1裏 1目 1～2局 1試] [-0.055000 1表 1裏 2目 2～5局 200試] [0.010000 2表 2裏 2目 1～2局 200試] [0.005000 1表 4裏 6目 3～19局 200試] [0.000000 1表 1裏 9目 9～29局 200試]
0.54,0.99,0.5,0.0,200.0,1.0,4.0,5.0,0.5,0.0,200.0,1.0,4.0,5.0, [-0.125000 1表 1裏 1目 1～2局 1試] [-0.070000 1表 2裏 2目 1～5局 200試] [-0.035000 2表 2裏 2目 1～2局 200試] [-0.005000 1表 2裏 3目 2～9局 200試] [0.000000 1表 4裏 5目 2～15局 200試]
0.55,0.99,0.5,0.0,200.0,3.0,3.0,5.0,0.5,0.0,200.0,3.0,3.0,5.0, [-0.080000 1表 1裏 1目 1～2局 1試] [-0.050000 1表 1裏 2目 2～5局 200試] [0.045000 1表 1裏 3目 3～9局 200試] [-0.040000 1表 2裏 3目 2～9局 200試] [-0.030000 1表 1裏 4目 4～12局 200試] [0.010000 2表 2裏 5目 3～9局 200試] [0.000000 3表 3裏 5目 2～5局 200試]
0.56,0.99,0.5,0.0,200.0,1.0,2.0,2.0,0.5,0.0,200.0,1.0,2.0,2.0, [-0.045000 1表 1裏 1目 1～2局 1試] [0.005000 1表 1裏 2目 2～5局 200試] [0.000000 1表 2裏 2目 1～5局 200試]
0.57,0.99,0.5,0.0,200.0,2.0,3.0,7.0,0.5,0.0,200.0,2.0,3.0,7.0, [-0.015000 1表 1裏 1目 1～2局 1試] [-0.005000 1表 1裏 2目 2～5局 200試] [0.000000 2表 3裏 7目 3～12局 200試]
0.58,0.99,0.5,0.0,200.0,3.0,3.0,4.0,0.5,0.0,200.0,3.0,3.0,4.0, [-0.010000 1表 1裏 1目 1～2局 1試] [-0.005000 1表 1裏 4目 4～12局 200試] [0.000000 3表 3裏 4目 2～5局 200試]
0.59,0.99,0.5,0.0,200.0,2.0,2.0,3.0,0.5,0.0,200.0,2.0,2.0,3.0, [-0.045000 1表 1裏 1目 1～2局 1試] [0.025000 2表 2裏 2目 1～2局 200試] [-0.020000 1表 1裏 3目 3～9局 200試] [0.005000 1表 2裏 3目 2～9局 200試] [0.000000 2表 2裏 3目 2～5局 200試]
0.6,0.99,0.5,0.0,200.0,2.0,2.0,2.0,0.5,0.0,200.0,2.0,2.0,2.0, [-0.070000 1表 1裏 1目 1～2局 1試] [-0.040000 1表 1裏 2目 2～5局 200試] [0.000000 2表 2裏 2目 1～2局 200試]
0.61,0.99,0.5,0.0,200.0,3.0,3.0,6.0,0.5,0.0,200.0,3.0,3.0,6.0, [-0.065000 1表 1裏 1目 1～2局 1試] [0.030000 1表 1裏 2目 2～5局 200試] [0.015000 1表 1裏 3目 3～9局 200試] [-0.005000 1表 2裏 4目 3～12局 200試] [0.000000 3表 3裏 6目 2～5局 200試]
0.62,0.99,0.5,0.0,200.0,3.0,4.0,4.0,0.5,0.0,200.0,3.0,4.0,4.0, [-0.035000 1表 1裏 1目 1～2局 1試] [-0.010000 1表 2裏 3目 2～9局 200試] [-0.005000 2表 2裏 4目 2～5局 200試] [0.000000 3表 4裏 4目 1～5局 200試]
0.63,0.99,0.5,0.0,200.0,1.0,1.0,5.0,0.5,0.0,200.0,1.0,1.0,5.0, [-0.065000 1表 1裏 1目 1～2局 1試] [-0.035000 1表 1裏 2目 2～5局 200試] [-0.030000 1表 2裏 2目 1～5局 200試] [-0.010000 1表 1裏 4目 4～12局 200試] [0.000000 1表 1裏 5目 5～15局 200試]
0.64,0.99,0.5,0.0,200.0,1.0,2.0,7.0,0.5,0.0,200.0,1.0,2.0,7.0, [-0.030000 1表 1裏 1目 1～2局 1試] [0.025000 1表 1裏 2目 2～5局 200試] [-0.015000 2表 2裏 2目 1～2局 200試] [-0.010000 1表 2裏 4目 3～12局 200試] [-0.005000 2表 2裏 4目 2～5局 200試] [0.000000 1表 2裏 7目 5～22局 200試]
0.65,0.99,0.5,0.0,200.0,3.0,5.0,5.0,0.5,0.0,200.0,3.0,5.0,5.0, [-0.005000 1表 1裏 1目 1～2局 1試] [0.000000 3表 5裏 5目 1～5局 200試]
0.66,0.99,0.5,0.0,200.0,4.0,4.0,4.0,0.5,0.0,200.0,4.0,4.0,4.0, [-0.040000 1表 1裏 1目 1～2局 1試] [0.015000 1表 1裏 2目 2～5局 200試] [0.005000 2表 3裏 4目 2～5局 200試] [0.000000 4表 4裏 4目 1～2局 200試]
0.67,0.99,0.5,0.0,200.0,1.0,2.0,4.0,0.5,0.0,200.0,1.0,2.0,4.0, [-0.010000 1表 1裏 1目 1～2局 1試] [0.000000 1表 2裏 4目 3～12局 200試]
0.68,0.99,0.5,0.0,200.0,2.0,2.0,3.0,0.5,0.0,200.0,2.0,2.0,3.0, [0.030000 1表 1裏 1目 1～2局 1試] [-0.010000 2表 2裏 2目 1～2局 200試] [0.000000 2表 2裏 3目 2～5局 200試]
0.69,0.99,0.5,0.0,200.0,1.0,7.0,7.0,0.5,0.0,200.0,1.0,7.0,7.0, [-0.040000 1表 1裏 1目 1～2局 1試] [0.010000 1表 1裏 2目 2～5局 200試] [0.005000 2表 3裏 3目 1～5局 200試] [0.000000 1表 7裏 7目 1～22局 200試]
0.7,0.99,0.5,0.0,200.0,3.0,3.0,3.0,0.5,0.0,200.0,3.0,3.0,3.0, [-0.085000 1表 1裏 1目 1～2局 1試] [0.060000 1表 1裏 2目 2～5局 200試] [0.020000 2表 2裏 2目 1～2局 200試] [-0.005000 2表 2裏 3目 2～5局 200試] [0.000000 3表 3裏 3目 1～2局 200試]
0.71,0.99,0.5,0.0,200.0,2.0,4.0,5.0,0.5,0.0,200.0,2.0,4.0,5.0, [0.030000 1表 1裏 1目 1～2局 1試] [0.010000 1表 1裏 2目 2～5局 200試] [0.005000 2表 2裏 4目 2～5局 200試] [0.000000 2表 4裏 5目 2～9局 200試]
0.72,0.99,0.5,0.0,200.0,2.0,2.0,4.0,0.5,0.0,200.0,2.0,2.0,4.0, [0.010000 1表 1裏 1目 1～2局 1試] [-0.005000 1表 1裏 2目 2～5局 200試] [0.000000 2表 2裏 4目 2～5局 200試]
0.73,0.99,0.5,0.0,200.0,2.0,2.0,3.0,0.5,0.0,200.0,2.0,2.0,3.0, [-0.060000 1表 1裏 1目 1～2局 1試] [-0.050000 1表 1裏 2目 2～5局 200試] [-0.045000 1表 2裏 2目 1～5局 200試] [-0.005000 2表 2裏 2目 1～2局 200試] [0.000000 2表 2裏 3目 2～5局 200試]
0.74,0.99,0.5,0.0,200.0,1.0,1.0,2.0,0.5,0.0,200.0,1.0,1.0,2.0, [0.015000 1表 1裏 1目 1～2局 1試] [0.000000 1表 1裏 2目 2～5局 200試]
0.75,0.99,0.5,0.0,200.0,2.0,3.0,3.0,0.5,0.0,200.0,2.0,3.0,3.0, [0.055000 1表 1裏 1目 1～2局 1試] [-0.030000 1表 1裏 2目 2～5局 200試] [-0.015000 1表 2裏 2目 1～5局 200試] [0.010000 1表 1裏 3目 3～9局 200試] [0.000000 2表 3裏 3目 1～5局 200試]
0.76,0.99,0.5,0.0,200.0,1.0,1.0,1.0,0.5,0.0,200.0,1.0,1.0,1.0, [0.000000 1表 1裏 1目 1～2局 1試]
0.77,0.99,0.5,0.0,200.0,1.0,1.0,2.0,0.5,0.0,200.0,1.0,1.0,2.0, [0.025000 1表 1裏 1目 1～2局 1試] [0.000000 1表 1裏 2目 2～5局 200試]
0.78,0.99,0.5,0.0,200.0,2.0,4.0,6.0,0.5,0.0,200.0,2.0,4.0,6.0, [0.045000 1表 1裏 1目 1～2局 1試] [0.015000 1表 1裏 2目 2～5局 200試] [-0.010000 1表 1裏 3目 3～9局 200試] [0.005000 2表 2裏 4目 2～5局 200試] [0.000000 2表 4裏 6目 2～9局 200試]
0.79,0.99,0.5,0.0,200.0,2.0,2.0,4.0,0.5,0.0,200.0,2.0,2.0,4.0, [0.075000 1表 1裏 1目 1～2局 1試] [0.025000 1表 1裏 2目 2～5局 200試] [-0.005000 2表 2裏 2目 1～2局 200試] [0.000000 2表 2裏 4目 2～5局 200試]
0.8,0.99,0.5,0.0,200.0,1.0,2.0,6.0,0.5,0.0,200.0,1.0,2.0,6.0, [0.020000 1表 1裏 1目 1～2局 1試] [-0.005000 1表 1裏 2目 2～5局 200試] [0.000000 1表 2裏 6目 4～19局 200試]
0.81,0.99,0.5,0.0,200.0,3.0,3.0,5.0,0.5,0.0,200.0,3.0,3.0,5.0, [0.030000 1表 1裏 1目 1～2局 1試] [0.005000 1表 1裏 2目 2～5局 200試] [0.000000 3表 3裏 5目 2～5局 200試]
0.82,0.99,0.5,0.0,200.0,1.0,1.0,2.0,0.5,0.0,200.0,1.0,1.0,2.0, [-0.040000 1表 1裏 1目 1～2局 1試] [0.000000 1表 1裏 2目 2～5局 200試]
0.83,0.99,0.5,0.0,200.0,1.0,1.0,2.0,0.5,0.0,200.0,1.0,1.0,2.0, [0.035000 1表 1裏 1目 1～2局 1試] [0.000000 1表 1裏 2目 2～5局 200試]
0.84,0.99,0.5,0.0,200.0,1.0,3.0,3.0,0.5,0.0,200.0,1.0,3.0,3.0, [0.050000 1表 1裏 1目 1～2局 1試] [0.015000 1表 2裏 2目 1～5局 200試] [0.000000 1表 3裏 3目 1～9局 200試]
0.85,0.99,0.5,0.0,200.0,1.0,3.0,4.0,0.5,0.0,200.0,1.0,3.0,4.0, [0.045000 1表 1裏 1目 1～2局 1試] [0.015000 1表 2裏 2目 1～5局 200試] [0.010000 1表 2裏 3目 2～9局 200試] [0.000000 1表 3裏 4目 2～12局 200試]
0.86,0.99,0.5,0.0,200.0,1.0,2.0,3.0,0.5,0.0,200.0,1.0,2.0,3.0, [0.050000 1表 1裏 1目 1～2局 1試] [0.035000 1表 2裏 2目 1～5局 200試] [0.010000 1表 1裏 3目 3～9局 200試] [0.000000 1表 2裏 3目 2～9局 200試]
0.87,0.99,0.5,0.0,200.0,1.0,3.0,5.0,0.5,0.0,200.0,1.0,3.0,5.0, [0.050000 1表 1裏 1目 1～2局 1試] [0.020000 1表 2裏 2目 1～5局 200試] [-0.005000 2表 2裏 3目 2～5局 200試] [0.000000 1表 3裏 5目 3～15局 200試]
0.88,0.99,0.5,0.0,200.0,1.0,1.0,6.0,0.5,0.0,200.0,1.0,1.0,6.0, [0.100000 1表 1裏 1目 1～2局 1試] [0.075000 1表 1裏 2目 2～5局 200試] [0.005000 1表 2裏 2目 1～5局 200試] [0.000000 1表 1裏 6目 6～19局 200試]
0.89,0.99,0.5,0.0,200.0,3.0,3.0,5.0,0.5,0.0,200.0,3.0,3.0,5.0, [0.020000 1表 1裏 1目 1～2局 1試] [-0.010000 1表 1裏 4目 4～12局 200試] [0.000000 3表 3裏 5目 2～5局 200試]
0.9,0.99,0.5,0.0,200.0,2.0,2.0,4.0,0.5,0.0,200.0,2.0,2.0,4.0, [0.010000 1表 1裏 1目 1～2局 1試] [0.000000 2表 2裏 4目 2～5局 200試]
0.91,0.99,0.5,0.0,200.0,1.0,1.0,2.0,0.5,0.0,200.0,1.0,1.0,2.0, [0.125000 1表 1裏 1目 1～2局 1試] [0.000000 1表 1裏 2目 2～5局 200試]
0.92,0.99,0.5,0.0,200.0,1.0,1.0,3.0,0.5,0.0,200.0,1.0,1.0,3.0, [0.100000 1表 1裏 1目 1～2局 1試] [0.015000 1表 1裏 2目 2～5局 200試] [0.000000 1表 1裏 3目 3～9局 200試]
0.93,0.99,0.5,0.0,200.0,2.0,4.0,4.0,0.5,0.0,200.0,2.0,4.0,4.0, [0.065000 1表 1裏 1目 1～2局 1試] [0.040000 1表 1裏 2目 2～5局 200試] [-0.010000 1表 1裏 3目 3～9局 200試] [-0.005000 1表 3裏 4目 2～12局 200試] [0.000000 2表 4裏 4目 1～5局 200試]
0.94,0.99,0.5,0.0,200.0,1.0,3.0,4.0,0.5,0.0,200.0,1.0,3.0,4.0, [0.095000 1表 1裏 1目 1～2局 1試] [0.010000 1表 1裏 2目 2～5局 200試] [-0.005000 1表 1裏 4目 4～12局 200試] [0.000000 1表 3裏 4目 2～12局 200試]
0.95,0.99,0.5,0.0,200.0,1.0,5.0,5.0,0.5,0.0,200.0,1.0,5.0,5.0, [0.050000 1表 1裏 1目 1～2局 1試] [0.010000 1表 1裏 3目 3～9局 200試] [0.005000 1表 3裏 4目 2～12局 200試] [0.000000 1表 5裏 5目 1～15局 200試]
0.96,0.99,0.5,0.0,200.0,1.0,2.0,2.0,0.5,0.0,200.0,1.0,2.0,2.0, [0.095000 1表 1裏 1目 1～2局 1試] [0.000000 1表 2裏 2目 1～5局 200試]
0.97,0.99,0.5,0.0,200.0,1.0,1.0,8.0,0.5,0.0,200.0,1.0,1.0,8.0, [0.090000 1表 1裏 1目 1～2局 1試] [0.075000 1表 1裏 2目 2～5局 200試] [0.065000 1表 2裏 2目 1～5局 200試] [-0.030000 1表 3裏 3目 1～9局 200試] [0.015000 1表 1裏 4目 4～12局 200試] [0.005000 1表 5裏 5目 1～15局 200試] [0.000000 1表 1裏 8目 8～25局 200試]
0.98,0.99,0.5,0.0,200.0,2.0,3.0,8.0,0.5,0.0,200.0,2.0,3.0,8.0, [0.075000 1表 1裏 1目 1～2局 1試] [0.065000 1表 2裏 2目 1～5局 200試] [0.020000 2表 2裏 2目 1～2局 200試] [0.015000 1表 3裏 3目 1～9局 200試] [0.010000 1表 1裏 4目 4～12局 200試] [-0.005000 1表 2裏 4目 3～12局 200試] [0.000000 2表 3裏 8目 3～12局 200試]
0.99,0.99,0.5,0.0,200.0,1.0,1.0,4.0,0.5,0.0,200.0,1.0,1.0,4.0, [0.040000 1表 1裏 1目 1～2局 1試] [0.030000 1表 1裏 3目 3～9局 200試] [0.025000 2表 3裏 3目 1～5局 200試] [0.000000 1表 1裏 4目 4～12局 200試]
0.5,0.2,0.5,0.0,200.0,1.0,3.0,5.0,0.5,0.0,200.0,1.0,3.0,5.0, [-0.080000 1表 1裏 1目 1～2局 1試] [-0.005000 1表 1裏 2目 2～5局 200試] [0.000000 1表 3裏 5目 3～15局 200試]
0.51,0.2,0.5,0.0,200.0,4.0,6.0,7.0,0.5,0.0,200.0,4.0,6.0,7.0, [-0.130000 1表 1裏 1目 1～2局 1試] [-0.065000 1表 1裏 2目 2～5局 200試] [-0.035000 1表 1裏 3目 3～9局 200試] [0.030000 3表 3裏 3目 1～2局 200試] [-0.010000 1表 1裏 4目 4～12局 200試] [0.005000 1表 1裏 6目 6～19局 200試] [0.000000 4表 6裏 7目 2～5局 200試]
0.52,0.2,0.5,0.0,200.0,1.0,1.0,4.0,0.5,0.0,200.0,1.0,1.0,4.0, [-0.055000 1表 1裏 1目 1～2局 1試] [-0.040000 1表 1裏 2目 2～5局 200試] [-0.030000 1表 1裏 3目 3～9局 200試] [0.000000 1表 1裏 4目 4～12局 200試]
0.53,0.2,0.5,0.0,200.0,1.0,1.0,9.0,0.5,0.0,200.0,1.0,1.0,9.0, [-0.100000 1表 1裏 1目 1～2局 1試] [-0.055000 1表 1裏 2目 2～5局 200試] [0.010000 2表 2裏 2目 1～2局 200試] [0.005000 1表 4裏 6目 3～19局 200試] [0.000000 1表 1裏 9目 9～29局 200試]
0.54,0.2,0.5,0.0,200.0,1.0,4.0,5.0,0.5,0.0,200.0,1.0,4.0,5.0, [-0.125000 1表 1裏 1目 1～2局 1試] [-0.070000 1表 2裏 2目 1～5局 200試] [-0.035000 2表 2裏 2目 1～2局 200試] [-0.005000 1表 2裏 3目 2～9局 200試] [0.000000 1表 4裏 5目 2～15局 200試]
0.55,0.2,0.5,0.0,200.0,3.0,3.0,5.0,0.5,0.0,200.0,3.0,3.0,5.0, [-0.080000 1表 1裏 1目 1～2局 1試] [-0.050000 1表 1裏 2目 2～5局 200試] [0.045000 1表 1裏 3目 3～9局 200試] [-0.040000 1表 2裏 3目 2～9局 200試] [-0.030000 1表 1裏 4目 4～12局 200試] [0.010000 2表 2裏 5目 3～9局 200試] [0.000000 3表 3裏 5目 2～5局 200試]
0.56,0.2,0.5,0.0,200.0,1.0,2.0,2.0,0.5,0.0,200.0,1.0,2.0,2.0, [-0.045000 1表 1裏 1目 1～2局 1試] [0.005000 1表 1裏 2目 2～5局 200試] [0.000000 1表 2裏 2目 1～5局 200試]
0.57,0.2,0.5,0.0,200.0,2.0,3.0,7.0,0.5,0.0,200.0,2.0,3.0,7.0, [-0.015000 1表 1裏 1目 1～2局 1試] [-0.005000 1表 1裏 2目 2～5局 200試] [0.000000 2表 3裏 7目 3～12局 200試]
0.58,0.2,0.5,0.0,200.0,3.0,3.0,4.0,0.5,0.0,200.0,3.0,3.0,4.0, [-0.010000 1表 1裏 1目 1～2局 1試] [-0.005000 1表 1裏 4目 4～12局 200試] [0.000000 3表 3裏 4目 2～5局 200試]
0.59,0.2,0.5,0.0,200.0,2.0,2.0,3.0,0.5,0.0,200.0,2.0,2.0,3.0, [-0.045000 1表 1裏 1目 1～2局 1試] [0.025000 2表 2裏 2目 1～2局 200試] [-0.020000 1表 1裏 3目 3～9局 200試] [0.005000 1表 2裏 3目 2～9局 200試] [0.000000 2表 2裏 3目 2～5局 200試]
0.6,0.2,0.5,0.0,200.0,2.0,2.0,2.0,0.5,0.0,200.0,2.0,2.0,2.0, [-0.070000 1表 1裏 1目 1～2局 1試] [-0.040000 1表 1裏 2目 2～5局 200試] [0.000000 2表 2裏 2目 1～2局 200試]
0.61,0.2,0.5,0.0,200.0,3.0,3.0,6.0,0.5,0.0,200.0,3.0,3.0,6.0, [-0.065000 1表 1裏 1目 1～2局 1試] [0.030000 1表 1裏 2目 2～5局 200試] [0.015000 1表 1裏 3目 3～9局 200試] [-0.005000 1表 2裏 4目 3～12局 200試] [0.000000 3表 3裏 6目 2～5局 200試]
0.62,0.2,0.5,0.0,200.0,3.0,4.0,4.0,0.5,0.0,200.0,3.0,4.0,4.0, [-0.035000 1表 1裏 1目 1～2局 1試] [-0.010000 1表 2裏 3目 2～9局 200試] [-0.005000 2表 2裏 4目 2～5局 200試] [0.000000 3表 4裏 4目 1～5局 200試]
0.63,0.2,0.5,0.0,200.0,1.0,1.0,5.0,0.5,0.0,200.0,1.0,1.0,5.0, [-0.065000 1表 1裏 1目 1～2局 1試] [-0.035000 1表 1裏 2目 2～5局 200試] [-0.030000 1表 2裏 2目 1～5局 200試] [-0.010000 1表 1裏 4目 4～12局 200試] [0.000000 1表 1裏 5目 5～15局 200試]
0.64,0.2,0.5,0.0,200.0,1.0,2.0,7.0,0.5,0.0,200.0,1.0,2.0,7.0, [-0.030000 1表 1裏 1目 1～2局 1試] [0.025000 1表 1裏 2目 2～5局 200試] [-0.015000 2表 2裏 2目 1～2局 200試] [-0.010000 1表 2裏 4目 3～12局 200試] [-0.005000 2表 2裏 4目 2～5局 200試] [0.000000 1表 2裏 7目 5～22局 200試]
0.65,0.2,0.5,0.0,200.0,3.0,5.0,5.0,0.5,0.0,200.0,3.0,5.0,5.0, [-0.005000 1表 1裏 1目 1～2局 1試] [0.000000 3表 5裏 5目 1～5局 200試]
0.66,0.2,0.5,0.0,200.0,4.0,4.0,4.0,0.5,0.0,200.0,4.0,4.0,4.0, [-0.040000 1表 1裏 1目 1～2局 1試] [0.015000 1表 1裏 2目 2～5局 200試] [0.005000 2表 3裏 4目 2～5局 200試] [0.000000 4表 4裏 4目 1～2局 200試]
0.67,0.2,0.5,0.0,200.0,1.0,2.0,4.0,0.5,0.0,200.0,1.0,2.0,4.0, [-0.010000 1表 1裏 1目 1～2局 1試] [0.000000 1表 2裏 4目 3～12局 200試]
0.68,0.2,0.5,0.0,200.0,2.0,2.0,3.0,0.5,0.0,200.0,2.0,2.0,3.0, [0.030000 1表 1裏 1目 1～2局 1試] [-0.010000 2表 2裏 2目 1～2局 200試] [0.000000 2表 2裏 3目 2～5局 200試]
0.69,0.2,0.5,0.0,200.0,1.0,7.0,7.0,0.5,0.0,200.0,1.0,7.0,7.0, [-0.040000 1表 1裏 1目 1～2局 1試] [0.010000 1表 1裏 2目 2～5局 200試] [0.005000 2表 3裏 3目 1～5局 200試] [0.000000 1表 7裏 7目 1～22局 200試]
0.7,0.2,0.5,0.0,200.0,3.0,3.0,3.0,0.5,0.0,200.0,3.0,3.0,3.0, [-0.085000 1表 1裏 1目 1～2局 1試] [0.060000 1表 1裏 2目 2～5局 200試] [0.020000 2表 2裏 2目 1～2局 200試] [-0.005000 2表 2裏 3目 2～5局 200試] [0.000000 3表 3裏 3目 1～2局 200試]
0.71,0.2,0.5,0.0,200.0,2.0,4.0,5.0,0.5,0.0,200.0,2.0,4.0,5.0, [0.030000 1表 1裏 1目 1～2局 1試] [0.010000 1表 1裏 2目 2～5局 200試] [0.005000 2表 2裏 4目 2～5局 200試] [0.000000 2表 4裏 5目 2～9局 200試]
0.72,0.2,0.5,0.0,200.0,2.0,2.0,4.0,0.5,0.0,200.0,2.0,2.0,4.0, [0.010000 1表 1裏 1目 1～2局 1試] [-0.005000 1表 1裏 2目 2～5局 200試] [0.000000 2表 2裏 4目 2～5局 200試]
0.73,0.2,0.5,0.0,200.0,2.0,2.0,3.0,0.5,0.0,200.0,2.0,2.0,3.0, [-0.060000 1表 1裏 1目 1～2局 1試] [-0.050000 1表 1裏 2目 2～5局 200試] [-0.045000 1表 2裏 2目 1～5局 200試] [-0.005000 2表 2裏 2目 1～2局 200試] [0.000000 2表 2裏 3目 2～5局 200試]
0.74,0.2,0.5,0.0,200.0,1.0,1.0,2.0,0.5,0.0,200.0,1.0,1.0,2.0, [0.015000 1表 1裏 1目 1～2局 1試] [0.000000 1表 1裏 2目 2～5局 200試]
0.75,0.2,0.5,0.0,200.0,2.0,3.0,3.0,0.5,0.0,200.0,2.0,3.0,3.0, [0.055000 1表 1裏 1目 1～2局 1試] [-0.030000 1表 1裏 2目 2～5局 200試] [-0.015000 1表 2裏 2目 1～5局 200試] [0.010000 1表 1裏 3目 3～9局 200試] [0.000000 2表 3裏 3目 1～5局 200試]
0.76,0.2,0.5,0.0,200.0,1.0,1.0,1.0,0.5,0.0,200.0,1.0,1.0,1.0, [0.000000 1表 1裏 1目 1～2局 1試]
0.77,0.2,0.5,0.0,200.0,1.0,1.0,2.0,0.5,0.0,200.0,1.0,1.0,2.0, [0.025000 1表 1裏 1目 1～2局 1試] [0.000000 1表 1裏 2目 2～5局 200試]
0.78,0.2,0.5,0.0,200.0,2.0,4.0,6.0,0.5,0.0,200.0,2.0,4.0,6.0, [0.045000 1表 1裏 1目 1～2局 1試] [0.015000 1表 1裏 2目 2～5局 200試] [-0.010000 1表 1裏 3目 3～9局 200試] [0.005000 2表 2裏 4目 2～5局 200試] [0.000000 2表 4裏 6目 2～9局 200試]
0.79,0.2,0.5,0.0,200.0,2.0,2.0,4.0,0.5,0.0,200.0,2.0,2.0,4.0, [0.075000 1表 1裏 1目 1～2局 1試] [0.025000 1表 1裏 2目 2～5局 200試] [-0.005000 2表 2裏 2目 1～2局 200試] [0.000000 2表 2裏 4目 2～5局 200試]
0.8,0.2,0.5,0.0,200.0,1.0,2.0,6.0,0.5,0.0,200.0,1.0,2.0,6.0, [0.020000 1表 1裏 1目 1～2局 1試] [-0.005000 1表 1裏 2目 2～5局 200試] [0.000000 1表 2裏 6目 4～19局 200試]
0.81,0.2,0.5,0.0,200.0,3.0,3.0,5.0,0.5,0.0,200.0,3.0,3.0,5.0, [0.030000 1表 1裏 1目 1～2局 1試] [0.005000 1表 1裏 2目 2～5局 200試] [0.000000 3表 3裏 5目 2～5局 200試]
0.82,0.2,0.5,0.0,200.0,1.0,1.0,2.0,0.5,0.0,200.0,1.0,1.0,2.0, [-0.040000 1表 1裏 1目 1～2局 1試] [0.000000 1表 1裏 2目 2～5局 200試]
0.83,0.2,0.5,0.0,200.0,1.0,1.0,2.0,0.5,0.0,200.0,1.0,1.0,2.0, [0.035000 1表 1裏 1目 1～2局 1試] [0.000000 1表 1裏 2目 2～5局 200試]
0.84,0.2,0.5,0.0,200.0,1.0,3.0,3.0,0.5,0.0,200.0,1.0,3.0,3.0, [0.050000 1表 1裏 1目 1～2局 1試] [0.015000 1表 2裏 2目 1～5局 200試] [0.000000 1表 3裏 3目 1～9局 200試]
0.85,0.2,0.5,0.0,200.0,1.0,3.0,4.0,0.5,0.0,200.0,1.0,3.0,4.0, [0.045000 1表 1裏 1目 1～2局 1試] [0.015000 1表 2裏 2目 1～5局 200試] [0.010000 1表 2裏 3目 2～9局 200試] [0.000000 1表 3裏 4目 2～12局 200試]
0.86,0.2,0.5,0.0,200.0,1.0,2.0,3.0,0.5,0.0,200.0,1.0,2.0,3.0, [0.050000 1表 1裏 1目 1～2局 1試] [0.035000 1表 2裏 2目 1～5局 200試] [0.010000 1表 1裏 3目 3～9局 200試] [0.000000 1表 2裏 3目 2～9局 200試]
0.87,0.2,0.5,0.0,200.0,1.0,3.0,5.0,0.5,0.0,200.0,1.0,3.0,5.0, [0.050000 1表 1裏 1目 1～2局 1試] [0.020000 1表 2裏 2目 1～5局 200試] [-0.005000 2表 2裏 3目 2～5局 200試] [0.000000 1表 3裏 5目 3～15局 200試]
0.88,0.2,0.5,0.0,200.0,1.0,1.0,6.0,0.5,0.0,200.0,1.0,1.0,6.0, [0.100000 1表 1裏 1目 1～2局 1試] [0.075000 1表 1裏 2目 2～5局 200試] [0.005000 1表 2裏 2目 1～5局 200試] [0.000000 1表 1裏 6目 6～19局 200試]
0.89,0.2,0.5,0.0,200.0,3.0,3.0,5.0,0.5,0.0,200.0,3.0,3.0,5.0, [0.020000 1表 1裏 1目 1～2局 1試] [-0.010000 1表 1裏 4目 4～12局 200試] [0.000000 3表 3裏 5目 2～5局 200試]
0.9,0.2,0.5,0.0,200.0,2.0,2.0,4.0,0.5,0.0,200.0,2.0,2.0,4.0, [0.010000 1表 1裏 1目 1～2局 1試] [0.000000 2表 2裏 4目 2～5局 200試]
0.91,0.2,0.5,0.0,200.0,1.0,1.0,2.0,0.5,0.0,200.0,1.0,1.0,2.0, [0.125000 1表 1裏 1目 1～2局 1試] [0.000000 1表 1裏 2目 2～5局 200試]
0.92,0.2,0.5,0.0,200.0,1.0,1.0,3.0,0.5,0.0,200.0,1.0,1.0,3.0, [0.100000 1表 1裏 1目 1～2局 1試] [0.015000 1表 1裏 2目 2～5局 200試] [0.000000 1表 1裏 3目 3～9局 200試]
0.93,0.2,0.5,0.0,200.0,2.0,4.0,4.0,0.5,0.0,200.0,2.0,4.0,4.0, [0.065000 1表 1裏 1目 1～2局 1試] [0.040000 1表 1裏 2目 2～5局 200試] [-0.010000 1表 1裏 3目 3～9局 200試] [-0.005000 1表 3裏 4目 2～12局 200試] [0.000000 2表 4裏 4目 1～5局 200試]
0.94,0.2,0.5,0.0,200.0,1.0,3.0,4.0,0.5,0.0,200.0,1.0,3.0,4.0, [0.095000 1表 1裏 1目 1～2局 1試] [0.010000 1表 1裏 2目 2～5局 200試] [-0.005000 1表 1裏 4目 4～12局 200試] [0.000000 1表 3裏 4目 2～12局 200試]
0.95,0.2,0.5,0.0,200.0,1.0,5.0,5.0,0.5,0.0,200.0,1.0,5.0,5.0, [0.050000 1表 1裏 1目 1～2局 1試] [0.010000 1表 1裏 3目 3～9局 200試] [0.005000 1表 3裏 4目 2～12局 200試] [0.000000 1表 5裏 5目 1～15局 200試]
0.96,0.2,0.5,0.0,200.0,1.0,2.0,2.0,0.5,0.0,200.0,1.0,2.0,2.0, [0.095000 1表 1裏 1目 1～2局 1試] [0.000000 1表 2裏 2目 1～5局 200試]
0.97,0.2,0.5,0.0,200.0,1.0,1.0,8.0,0.5,0.0,200.0,1.0,1.0,8.0, [0.090000 1表 1裏 1目 1～2局 1試] [0.075000 1表 1裏 2目 2～5局 200試] [0.065000 1表 2裏 2目 1～5局 200試] [-0.030000 1表 3裏 3目 1～9局 200試] [0.015000 1表 1裏 4目 4～12局 200試] [0.005000 1表 5裏 5目 1～15局 200試] [0.000000 1表 1裏 8目 8～25局 200試]
0.98,0.2,0.5,0.0,200.0,2.0,3.0,8.0,0.5,0.0,200.0,2.0,3.0,8.0, [0.075000 1表 1裏 1目 1～2局 1試] [0.065000 1表 2裏 2目 1～5局 200試] [0.020000 2表 2裏 2目 1～2局 200試] [0.015000 1表 3裏 3目 1～9局 200試] [0.010000 1表 1裏 4目 4～12局 200試] [-0.005000 1表 2裏 4目 3～12局 200試] [0.000000 2表 3裏 8目 3～12局 200試]
0.99,0.2,0.5,0.0,200.0,1.0,1.0,4.0,0.5,0.0,200.0,1.0,1.0,4.0, [0.040000 1表 1裏 1目 1～2局 1試] [0.030000 1表 1裏 3目 3～9局 200試] [0.025000 2表 3裏 3目 1～5局 200試] [0.000000 1表 1裏 4目 4～12局 200試]
0.5,0.3,0.5,0.0,200.0,1.0,3.0,5.0,0.5,0.0,200.0,1.0,3.0,5.0, [-0.080000 1表 1裏 1目 1～2局 1試] [-0.005000 1表 1裏 2目 2～5局 200試] [0.000000 1表 3裏 5目 3～15局 200試]
0.51,0.3,0.5,0.0,200.0,4.0,6.0,7.0,0.5,0.0,200.0,4.0,6.0,7.0, [-0.130000 1表 1裏 1目 1～2局 1試] [-0.065000 1表 1裏 2目 2～5局 200試] [-0.035000 1表 1裏 3目 3～9局 200試] [0.030000 3表 3裏 3目 1～2局 200試] [-0.010000 1表 1裏 4目 4～12局 200試] [0.005000 1表 1裏 6目 6～19局 200試] [0.000000 4表 6裏 7目 2～5局 200試]
0.52,0.3,0.5,0.0,200.0,1.0,1.0,4.0,0.5,0.0,200.0,1.0,1.0,4.0, [-0.055000 1表 1裏 1目 1～2局 1試] [-0.040000 1表 1裏 2目 2～5局 200試] [-0.030000 1表 1裏 3目 3～9局 200試] [0.000000 1表 1裏 4目 4～12局 200試]
0.53,0.3,0.5,0.0,200.0,1.0,1.0,9.0,0.5,0.0,200.0,1.0,1.0,9.0, [-0.100000 1表 1裏 1目 1～2局 1試] [-0.055000 1表 1裏 2目 2～5局 200試] [0.010000 2表 2裏 2目 1～2局 200試] [0.005000 1表 4裏 6目 3～19局 200試] [0.000000 1表 1裏 9目 9～29局 200試]
0.54,0.3,0.5,0.0,200.0,1.0,4.0,5.0,0.5,0.0,200.0,1.0,4.0,5.0, [-0.125000 1表 1裏 1目 1～2局 1試] [-0.070000 1表 2裏 2目 1～5局 200試] [-0.035000 2表 2裏 2目 1～2局 200試] [-0.005000 1表 2裏 3目 2～9局 200試] [0.000000 1表 4裏 5目 2～15局 200試]
0.55,0.3,0.5,0.0,200.0,3.0,3.0,5.0,0.5,0.0,200.0,3.0,3.0,5.0, [-0.080000 1表 1裏 1目 1～2局 1試] [-0.050000 1表 1裏 2目 2～5局 200試] [0.045000 1表 1裏 3目 3～9局 200試] [-0.040000 1表 2裏 3目 2～9局 200試] [-0.030000 1表 1裏 4目 4～12局 200試] [0.010000 2表 2裏 5目 3～9局 200試] [0.000000 3表 3裏 5目 2～5局 200試]
0.56,0.3,0.5,0.0,200.0,1.0,2.0,2.0,0.5,0.0,200.0,1.0,2.0,2.0, [-0.045000 1表 1裏 1目 1～2局 1試] [0.005000 1表 1裏 2目 2～5局 200試] [0.000000 1表 2裏 2目 1～5局 200試]
0.57,0.3,0.5,0.0,200.0,2.0,3.0,7.0,0.5,0.0,200.0,2.0,3.0,7.0, [-0.015000 1表 1裏 1目 1～2局 1試] [-0.005000 1表 1裏 2目 2～5局 200試] [0.000000 2表 3裏 7目 3～12局 200試]
0.58,0.3,0.5,0.0,200.0,3.0,3.0,4.0,0.5,0.0,200.0,3.0,3.0,4.0, [-0.010000 1表 1裏 1目 1～2局 1試] [-0.005000 1表 1裏 4目 4～12局 200試] [0.000000 3表 3裏 4目 2～5局 200試]
0.59,0.3,0.5,0.0,200.0,2.0,2.0,3.0,0.5,0.0,200.0,2.0,2.0,3.0, [-0.045000 1表 1裏 1目 1～2局 1試] [0.025000 2表 2裏 2目 1～2局 200試] [-0.020000 1表 1裏 3目 3～9局 200試] [0.005000 1表 2裏 3目 2～9局 200試] [0.000000 2表 2裏 3目 2～5局 200試]
0.6,0.3,0.5,0.0,200.0,2.0,2.0,2.0,0.5,0.0,200.0,2.0,2.0,2.0, [-0.070000 1表 1裏 1目 1～2局 1試] [-0.040000 1表 1裏 2目 2～5局 200試] [0.000000 2表 2裏 2目 1～2局 200試]
0.61,0.3,0.5,0.0,200.0,3.0,3.0,6.0,0.5,0.0,200.0,3.0,3.0,6.0, [-0.065000 1表 1裏 1目 1～2局 1試] [0.030000 1表 1裏 2目 2～5局 200試] [0.015000 1表 1裏 3目 3～9局 200試] [-0.005000 1表 2裏 4目 3～12局 200試] [0.000000 3表 3裏 6目 2～5局 200試]
0.62,0.3,0.5,0.0,200.0,3.0,4.0,4.0,0.5,0.0,200.0,3.0,4.0,4.0, [-0.035000 1表 1裏 1目 1～2局 1試] [-0.010000 1表 2裏 3目 2～9局 200試] [-0.005000 2表 2裏 4目 2～5局 200試] [0.000000 3表 4裏 4目 1～5局 200試]
0.63,0.3,0.5,0.0,200.0,1.0,1.0,5.0,0.5,0.0,200.0,1.0,1.0,5.0, [-0.065000 1表 1裏 1目 1～2局 1試] [-0.035000 1表 1裏 2目 2～5局 200試] [-0.030000 1表 2裏 2目 1～5局 200試] [-0.010000 1表 1裏 4目 4～12局 200試] [0.000000 1表 1裏 5目 5～15局 200試]
0.64,0.3,0.5,0.0,200.0,1.0,2.0,7.0,0.5,0.0,200.0,1.0,2.0,7.0, [-0.030000 1表 1裏 1目 1～2局 1試] [0.025000 1表 1裏 2目 2～5局 200試] [-0.015000 2表 2裏 2目 1～2局 200試] [-0.010000 1表 2裏 4目 3～12局 200試] [-0.005000 2表 2裏 4目 2～5局 200試] [0.000000 1表 2裏 7目 5～22局 200試]
0.65,0.3,0.5,0.0,200.0,3.0,5.0,5.0,0.5,0.0,200.0,3.0,5.0,5.0, [-0.005000 1表 1裏 1目 1～2局 1試] [0.000000 3表 5裏 5目 1～5局 200試]
0.66,0.3,0.5,0.0,200.0,4.0,4.0,4.0,0.5,0.0,200.0,4.0,4.0,4.0, [-0.040000 1表 1裏 1目 1～2局 1試] [0.015000 1表 1裏 2目 2～5局 200試] [0.005000 2表 3裏 4目 2～5局 200試] [0.000000 4表 4裏 4目 1～2局 200試]
0.67,0.3,0.5,0.0,200.0,1.0,2.0,4.0,0.5,0.0,200.0,1.0,2.0,4.0, [-0.010000 1表 1裏 1目 1～2局 1試] [0.000000 1表 2裏 4目 3～12局 200試]
0.68,0.3,0.5,0.0,200.0,2.0,2.0,3.0,0.5,0.0,200.0,2.0,2.0,3.0, [0.030000 1表 1裏 1目 1～2局 1試] [-0.010000 2表 2裏 2目 1～2局 200試] [0.000000 2表 2裏 3目 2～5局 200試]
0.69,0.3,0.5,0.0,200.0,1.0,7.0,7.0,0.5,0.0,200.0,1.0,7.0,7.0, [-0.040000 1表 1裏 1目 1～2局 1試] [0.010000 1表 1裏 2目 2～5局 200試] [0.005000 2表 3裏 3目 1～5局 200試] [0.000000 1表 7裏 7目 1～22局 200試]
0.7,0.3,0.5,0.0,200.0,3.0,3.0,3.0,0.5,0.0,200.0,3.0,3.0,3.0, [-0.085000 1表 1裏 1目 1～2局 1試] [0.060000 1表 1裏 2目 2～5局 200試] [0.020000 2表 2裏 2目 1～2局 200試] [-0.005000 2表 2裏 3目 2～5局 200試] [0.000000 3表 3裏 3目 1～2局 200試]
0.71,0.3,0.5,0.0,200.0,2.0,4.0,5.0,0.5,0.0,200.0,2.0,4.0,5.0, [0.030000 1表 1裏 1目 1～2局 1試] [0.010000 1表 1裏 2目 2～5局 200試] [0.005000 2表 2裏 4目 2～5局 200試] [0.000000 2表 4裏 5目 2～9局 200試]
0.72,0.3,0.5,0.0,200.0,2.0,2.0,4.0,0.5,0.0,200.0,2.0,2.0,4.0, [0.010000 1表 1裏 1目 1～2局 1試] [-0.005000 1表 1裏 2目 2～5局 200試] [0.000000 2表 2裏 4目 2～5局 200試]
0.73,0.3,0.5,0.0,200.0,2.0,2.0,3.0,0.5,0.0,200.0,2.0,2.0,3.0, [-0.060000 1表 1裏 1目 1～2局 1試] [-0.050000 1表 1裏 2目 2～5局 200試] [-0.045000 1表 2裏 2目 1～5局 200試] [-0.005000 2表 2裏 2目 1～2局 200試] [0.000000 2表 2裏 3目 2～5局 200試]
0.74,0.3,0.5,0.0,200.0,1.0,1.0,2.0,0.5,0.0,200.0,1.0,1.0,2.0, [0.015000 1表 1裏 1目 1～2局 1試] [0.000000 1表 1裏 2目 2～5局 200試]
0.75,0.3,0.5,0.0,200.0,2.0,3.0,3.0,0.5,0.0,200.0,2.0,3.0,3.0, [0.055000 1表 1裏 1目 1～2局 1試] [-0.030000 1表 1裏 2目 2～5局 200試] [-0.015000 1表 2裏 2目 1～5局 200試] [0.010000 1表 1裏 3目 3～9局 200試] [0.000000 2表 3裏 3目 1～5局 200試]
0.76,0.3,0.5,0.0,200.0,1.0,1.0,1.0,0.5,0.0,200.0,1.0,1.0,1.0, [0.000000 1表 1裏 1目 1～2局 1試]
0.77,0.3,0.5,0.0,200.0,1.0,1.0,2.0,0.5,0.0,200.0,1.0,1.0,2.0, [0.025000 1表 1裏 1目 1～2局 1試] [0.000000 1表 1裏 2目 2～5局 200試]
0.78,0.3,0.5,0.0,200.0,2.0,4.0,6.0,0.5,0.0,200.0,2.0,4.0,6.0, [0.045000 1表 1裏 1目 1～2局 1試] [0.015000 1表 1裏 2目 2～5局 200試] [-0.010000 1表 1裏 3目 3～9局 200試] [0.005000 2表 2裏 4目 2～5局 200試] [0.000000 2表 4裏 6目 2～9局 200試]
0.79,0.3,0.5,0.0,200.0,2.0,2.0,4.0,0.5,0.0,200.0,2.0,2.0,4.0, [0.075000 1表 1裏 1目 1～2局 1試] [0.025000 1表 1裏 2目 2～5局 200試] [-0.005000 2表 2裏 2目 1～2局 200試] [0.000000 2表 2裏 4目 2～5局 200試]
0.8,0.3,0.5,0.0,200.0,1.0,2.0,6.0,0.5,0.0,200.0,1.0,2.0,6.0, [0.020000 1表 1裏 1目 1～2局 1試] [-0.005000 1表 1裏 2目 2～5局 200試] [0.000000 1表 2裏 6目 4～19局 200試]
0.81,0.3,0.5,0.0,200.0,3.0,3.0,5.0,0.5,0.0,200.0,3.0,3.0,5.0, [0.030000 1表 1裏 1目 1～2局 1試] [0.005000 1表 1裏 2目 2～5局 200試] [0.000000 3表 3裏 5目 2～5局 200試]
0.82,0.3,0.5,0.0,200.0,1.0,1.0,2.0,0.5,0.0,200.0,1.0,1.0,2.0, [-0.040000 1表 1裏 1目 1～2局 1試] [0.000000 1表 1裏 2目 2～5局 200試]
0.83,0.3,0.5,0.0,200.0,1.0,1.0,2.0,0.5,0.0,200.0,1.0,1.0,2.0, [0.035000 1表 1裏 1目 1～2局 1試] [0.000000 1表 1裏 2目 2～5局 200試]
0.84,0.3,0.5,0.0,200.0,1.0,3.0,3.0,0.5,0.0,200.0,1.0,3.0,3.0, [0.050000 1表 1裏 1目 1～2局 1試] [0.015000 1表 2裏 2目 1～5局 200試] [0.000000 1表 3裏 3目 1～9局 200試]
0.85,0.3,0.5,0.0,200.0,1.0,3.0,4.0,0.5,0.0,200.0,1.0,3.0,4.0, [0.045000 1表 1裏 1目 1～2局 1試] [0.015000 1表 2裏 2目 1～5局 200試] [0.010000 1表 2裏 3目 2～9局 200試] [0.000000 1表 3裏 4目 2～12局 200試]
0.86,0.3,0.5,0.0,200.0,1.0,2.0,3.0,0.5,0.0,200.0,1.0,2.0,3.0, [0.050000 1表 1裏 1目 1～2局 1試] [0.035000 1表 2裏 2目 1～5局 200試] [0.010000 1表 1裏 3目 3～9局 200試] [0.000000 1表 2裏 3目 2～9局 200試]
0.87,0.3,0.5,0.0,200.0,1.0,3.0,5.0,0.5,0.0,200.0,1.0,3.0,5.0, [0.050000 1表 1裏 1目 1～2局 1試] [0.020000 1表 2裏 2目 1～5局 200試] [-0.005000 2表 2裏 3目 2～5局 200試] [0.000000 1表 3裏 5目 3～15局 200試]
0.88,0.3,0.5,0.0,200.0,1.0,1.0,6.0,0.5,0.0,200.0,1.0,1.0,6.0, [0.100000 1表 1裏 1目 1～2局 1試] [0.075000 1表 1裏 2目 2～5局 200試] [0.005000 1表 2裏 2目 1～5局 200試] [0.000000 1表 1裏 6目 6～19局 200試]
0.89,0.3,0.5,0.0,200.0,3.0,3.0,5.0,0.5,0.0,200.0,3.0,3.0,5.0, [0.020000 1表 1裏 1目 1～2局 1試] [-0.010000 1表 1裏 4目 4～12局 200試] [0.000000 3表 3裏 5目 2～5局 200試]
0.9,0.3,0.5,0.0,200.0,2.0,2.0,4.0,0.5,0.0,200.0,2.0,2.0,4.0, [0.010000 1表 1裏 1目 1～2局 1試] [0.000000 2表 2裏 4目 2～5局 200試]
0.91,0.3,0.5,0.0,200.0,1.0,1.0,2.0,0.5,0.0,200.0,1.0,1.0,2.0, [0.125000 1表 1裏 1目 1～2局 1試] [0.000000 1表 1裏 2目 2～5局 200試]
0.92,0.3,0.5,0.0,200.0,1.0,1.0,3.0,0.5,0.0,200.0,1.0,1.0,3.0, [0.100000 1表 1裏 1目 1～2局 1試] [0.015000 1表 1裏 2目 2～5局 200試] [0.000000 1表 1裏 3目 3～9局 200試]
0.93,0.3,0.5,0.0,200.0,2.0,4.0,4.0,0.5,0.0,200.0,2.0,4.0,4.0, [0.065000 1表 1裏 1目 1～2局 1試] [0.040000 1表 1裏 2目 2～5局 200試] [-0.010000 1表 1裏 3目 3～9局 200試] [-0.005000 1表 3裏 4目 2～12局 200試] [0.000000 2表 4裏 4目 1～5局 200試]
0.94,0.3,0.5,0.0,200.0,1.0,3.0,4.0,0.5,0.0,200.0,1.0,3.0,4.0, [0.095000 1表 1裏 1目 1～2局 1試] [0.010000 1表 1裏 2目 2～5局 200試] [-0.005000 1表 1裏 4目 4～12局 200試] [0.000000 1表 3裏 4目 2～12局 200試]
0.95,0.3,0.5,0.0,200.0,1.0,5.0,5.0,0.5,0.0,200.0,1.0,5.0,5.0, [0.050000 1表 1裏 1目 1～2局 1試] [0.010000 1表 1裏 3目 3～9局 200試] [0.005000 1表 3裏 4目 2～12局 200試] [0.000000 1表 5裏 5目 1～15局 200試]
0.96,0.3,0.5,0.0,200.0,1.0,2.0,2.0,0.5,0.0,200.0,1.0,2.0,2.0, [0.095000 1表 1裏 1目 1～2局 1試] [0.000000 1表 2裏 2目 1～5局 200試]
0.97,0.3,0.5,0.0,200.0,1.0,1.0,8.0,0.5,0.0,200.0,1.0,1.0,8.0, [0.090000 1表 1裏 1目 1～2局 1試] [0.075000 1表 1裏 2目 2～5局 200試] [0.065000 1表 2裏 2目 1～5局 200試] [-0.030000 1表 3裏 3目 1～9局 200試] [0.015000 1表 1裏 4目 4～12局 200試] [0.005000 1表 5裏 5目 1～15局 200試] [0.000000 1表 1裏 8目 8～25局 200試]
0.98,0.3,0.5,0.0,200.0,2.0,3.0,8.0,0.5,0.0,200.0,2.0,3.0,8.0, [0.075000 1表 1裏 1目 1～2局 1試] [0.065000 1表 2裏 2目 1～5局 200試] [0.020000 2表 2裏 2目 1～2局 200試] [0.015000 1表 3裏 3目 1～9局 200試] [0.010000 1表 1裏 4目 4～12局 200試] [-0.005000 1表 2裏 4目 3～12局 200試] [0.000000 2表 3裏 8目 3～12局 200試]
0.99,0.3,0.5,0.0,200.0,1.0,1.0,4.0,0.5,0.0,200.0,1.0,1.0,4.0, [0.040000 1表 1裏 1目 1～2局 1試] [0.030000 1表 1裏 3目 3～9局 200試] [0.025000 2表 3裏 3目 1～5局 200試] [0.000000 1表 1裏 4目 4～12局 200試]
0.5,0.4,0.5,0.0,200.0,1.0,3.0,5.0,0.5,0.0,200.0,1.0,3.0,5.0, [-0.080000 1表 1裏 1目 1～2局 1試] [-0.005000 1表 1裏 2目 2～5局 200試] [0.000000 1表 3裏 5目 3～15局 200試]
0.51,0.4,0.5,0.0,200.0,4.0,6.0,7.0,0.5,0.0,200.0,4.0,6.0,7.0, [-0.130000 1表 1裏 1目 1～2局 1試] [-0.065000 1表 1裏 2目 2～5局 200試] [-0.035000 1表 1裏 3目 3～9局 200試] [0.030000 3表 3裏 3目 1～2局 200試] [-0.010000 1表 1裏 4目 4～12局 200試] [0.005000 1表 1裏 6目 6～19局 200試] [0.000000 4表 6裏 7目 2～5局 200試]
0.52,0.4,0.5,0.0,200.0,1.0,1.0,4.0,0.5,0.0,200.0,1.0,1.0,4.0, [-0.055000 1表 1裏 1目 1～2局 1試] [-0.040000 1表 1裏 2目 2～5局 200試] [-0.030000 1表 1裏 3目 3～9局 200試] [0.000000 1表 1裏 4目 4～12局 200試]
0.53,0.4,0.5,0.0,200.0,1.0,1.0,9.0,0.5,0.0,200.0,1.0,1.0,9.0, [-0.100000 1表 1裏 1目 1～2局 1試] [-0.055000 1表 1裏 2目 2～5局 200試] [0.010000 2表 2裏 2目 1～2局 200試] [0.005000 1表 4裏 6目 3～19局 200試] [0.000000 1表 1裏 9目 9～29局 200試]
0.54,0.4,0.5,0.0,200.0,1.0,4.0,5.0,0.5,0.0,200.0,1.0,4.0,5.0, [-0.125000 1表 1裏 1目 1～2局 1試] [-0.070000 1表 2裏 2目 1～5局 200試] [-0.035000 2表 2裏 2目 1～2局 200試] [-0.005000 1表 2裏 3目 2～9局 200試] [0.000000 1表 4裏 5目 2～15局 200試]
0.55,0.4,0.5,0.0,200.0,3.0,3.0,5.0,0.5,0.0,200.0,3.0,3.0,5.0, [-0.080000 1表 1裏 1目 1～2局 1試] [-0.050000 1表 1裏 2目 2～5局 200試] [0.045000 1表 1裏 3目 3～9局 200試] [-0.040000 1表 2裏 3目 2～9局 200試] [-0.030000 1表 1裏 4目 4～12局 200試] [0.010000 2表 2裏 5目 3～9局 200試] [0.000000 3表 3裏 5目 2～5局 200試]
0.56,0.4,0.5,0.0,200.0,1.0,2.0,2.0,0.5,0.0,200.0,1.0,2.0,2.0, [-0.045000 1表 1裏 1目 1～2局 1試] [0.005000 1表 1裏 2目 2～5局 200試] [0.000000 1表 2裏 2目 1～5局 200試]
0.57,0.4,0.5,0.0,200.0,2.0,3.0,7.0,0.5,0.0,200.0,2.0,3.0,7.0, [-0.015000 1表 1裏 1目 1～2局 1試] [-0.005000 1表 1裏 2目 2～5局 200試] [0.000000 2表 3裏 7目 3～12局 200試]
0.58,0.4,0.5,0.0,200.0,3.0,3.0,4.0,0.5,0.0,200.0,3.0,3.0,4.0, [-0.010000 1表 1裏 1目 1～2局 1試] [-0.005000 1表 1裏 4目 4～12局 200試] [0.000000 3表 3裏 4目 2～5局 200試]
0.59,0.4,0.5,0.0,200.0,2.0,2.0,3.0,0.5,0.0,200.0,2.0,2.0,3.0, [-0.045000 1表 1裏 1目 1～2局 1試] [0.025000 2表 2裏 2目 1～2局 200試] [-0.020000 1表 1裏 3目 3～9局 200試] [0.005000 1表 2裏 3目 2～9局 200試] [0.000000 2表 2裏 3目 2～5局 200試]
0.6,0.4,0.5,0.0,200.0,2.0,2.0,2.0,0.5,0.0,200.0,2.0,2.0,2.0, [-0.070000 1表 1裏 1目 1～2局 1試] [-0.040000 1表 1裏 2目 2～5局 200試] [0.000000 2表 2裏 2目 1～2局 200試]
0.61,0.4,0.5,0.0,200.0,3.0,3.0,6.0,0.5,0.0,200.0,3.0,3.0,6.0, [-0.065000 1表 1裏 1目 1～2局 1試] [0.030000 1表 1裏 2目 2～5局 200試] [0.015000 1表 1裏 3目 3～9局 200試] [-0.005000 1表 2裏 4目 3～12局 200試] [0.000000 3表 3裏 6目 2～5局 200試]
0.62,0.4,0.5,0.0,200.0,3.0,4.0,4.0,0.5,0.0,200.0,3.0,4.0,4.0, [-0.035000 1表 1裏 1目 1～2局 1試] [-0.010000 1表 2裏 3目 2～9局 200試] [-0.005000 2表 2裏 4目 2～5局 200試] [0.000000 3表 4裏 4目 1～5局 200試]
0.63,0.4,0.5,0.0,200.0,1.0,1.0,5.0,0.5,0.0,200.0,1.0,1.0,5.0, [-0.065000 1表 1裏 1目 1～2局 1試] [-0.035000 1表 1裏 2目 2～5局 200試] [-0.030000 1表 2裏 2目 1～5局 200試] [-0.010000 1表 1裏 4目 4～12局 200試] [0.000000 1表 1裏 5目 5～15局 200試]
0.64,0.4,0.5,0.0,200.0,1.0,2.0,7.0,0.5,0.0,200.0,1.0,2.0,7.0, [-0.030000 1表 1裏 1目 1～2局 1試] [0.025000 1表 1裏 2目 2～5局 200試] [-0.015000 2表 2裏 2目 1～2局 200試] [-0.010000 1表 2裏 4目 3～12局 200試] [-0.005000 2表 2裏 4目 2～5局 200試] [0.000000 1表 2裏 7目 5～22局 200試]
0.65,0.4,0.5,0.0,200.0,3.0,5.0,5.0,0.5,0.0,200.0,3.0,5.0,5.0, [-0.005000 1表 1裏 1目 1～2局 1試] [0.000000 3表 5裏 5目 1～5局 200試]
0.66,0.4,0.5,0.0,200.0,4.0,4.0,4.0,0.5,0.0,200.0,4.0,4.0,4.0, [-0.040000 1表 1裏 1目 1～2局 1試] [0.015000 1表 1裏 2目 2～5局 200試] [0.005000 2表 3裏 4目 2～5局 200試] [0.000000 4表 4裏 4目 1～2局 200試]
0.67,0.4,0.5,0.0,200.0,1.0,2.0,4.0,0.5,0.0,200.0,1.0,2.0,4.0, [-0.010000 1表 1裏 1目 1～2局 1試] [0.000000 1表 2裏 4目 3～12局 200試]
0.68,0.4,0.5,0.0,200.0,2.0,2.0,3.0,0.5,0.0,200.0,2.0,2.0,3.0, [0.030000 1表 1裏 1目 1～2局 1試] [-0.010000 2表 2裏 2目 1～2局 200試] [0.000000 2表 2裏 3目 2～5局 200試]
0.69,0.4,0.5,0.0,200.0,1.0,7.0,7.0,0.5,0.0,200.0,1.0,7.0,7.0, [-0.040000 1表 1裏 1目 1～2局 1試] [0.010000 1表 1裏 2目 2～5局 200試] [0.005000 2表 3裏 3目 1～5局 200試] [0.000000 1表 7裏 7目 1～22局 200試]
0.7,0.4,0.5,0.0,200.0,3.0,3.0,3.0,0.5,0.0,200.0,3.0,3.0,3.0, [-0.085000 1表 1裏 1目 1～2局 1試] [0.060000 1表 1裏 2目 2～5局 200試] [0.020000 2表 2裏 2目 1～2局 200試] [-0.005000 2表 2裏 3目 2～5局 200試] [0.000000 3表 3裏 3目 1～2局 200試]
0.71,0.4,0.5,0.0,200.0,2.0,4.0,5.0,0.5,0.0,200.0,2.0,4.0,5.0, [0.030000 1表 1裏 1目 1～2局 1試] [0.010000 1表 1裏 2目 2～5局 200試] [0.005000 2表 2裏 4目 2～5局 200試] [0.000000 2表 4裏 5目 2～9局 200試]
0.72,0.4,0.5,0.0,200.0,2.0,2.0,4.0,0.5,0.0,200.0,2.0,2.0,4.0, [0.010000 1表 1裏 1目 1～2局 1試] [-0.005000 1表 1裏 2目 2～5局 200試] [0.000000 2表 2裏 4目 2～5局 200試]
0.73,0.4,0.5,0.0,200.0,2.0,2.0,3.0,0.5,0.0,200.0,2.0,2.0,3.0, [-0.060000 1表 1裏 1目 1～2局 1試] [-0.050000 1表 1裏 2目 2～5局 200試] [-0.045000 1表 2裏 2目 1～5局 200試] [-0.005000 2表 2裏 2目 1～2局 200試] [0.000000 2表 2裏 3目 2～5局 200試]
0.74,0.4,0.5,0.0,200.0,1.0,1.0,2.0,0.5,0.0,200.0,1.0,1.0,2.0, [0.015000 1表 1裏 1目 1～2局 1試] [0.000000 1表 1裏 2目 2～5局 200試]
0.75,0.4,0.5,0.0,200.0,2.0,3.0,3.0,0.5,0.0,200.0,2.0,3.0,3.0, [0.055000 1表 1裏 1目 1～2局 1試] [-0.030000 1表 1裏 2目 2～5局 200試] [-0.015000 1表 2裏 2目 1～5局 200試] [0.010000 1表 1裏 3目 3～9局 200試] [0.000000 2表 3裏 3目 1～5局 200試]
0.76,0.4,0.5,0.0,200.0,1.0,1.0,1.0,0.5,0.0,200.0,1.0,1.0,1.0, [0.000000 1表 1裏 1目 1～2局 1試]
0.77,0.4,0.5,0.0,200.0,1.0,1.0,2.0,0.5,0.0,200.0,1.0,1.0,2.0, [0.025000 1表 1裏 1目 1～2局 1試] [0.000000 1表 1裏 2目 2～5局 200試]
0.78,0.4,0.5,0.0,200.0,2.0,4.0,6.0,0.5,0.0,200.0,2.0,4.0,6.0, [0.045000 1表 1裏 1目 1～2局 1試] [0.015000 1表 1裏 2目 2～5局 200試] [-0.010000 1表 1裏 3目 3～9局 200試] [0.005000 2表 2裏 4目 2～5局 200試] [0.000000 2表 4裏 6目 2～9局 200試]
0.79,0.4,0.5,0.0,200.0,2.0,2.0,4.0,0.5,0.0,200.0,2.0,2.0,4.0, [0.075000 1表 1裏 1目 1～2局 1試] [0.025000 1表 1裏 2目 2～5局 200試] [-0.005000 2表 2裏 2目 1～2局 200試] [0.000000 2表 2裏 4目 2～5局 200試]
0.8,0.4,0.5,0.0,200.0,1.0,2.0,6.0,0.5,0.0,200.0,1.0,2.0,6.0, [0.020000 1表 1裏 1目 1～2局 1試] [-0.005000 1表 1裏 2目 2～5局 200試] [0.000000 1表 2裏 6目 4～19局 200試]
0.81,0.4,0.5,0.0,200.0,3.0,3.0,5.0,0.5,0.0,200.0,3.0,3.0,5.0, [0.030000 1表 1裏 1目 1～2局 1試] [0.005000 1表 1裏 2目 2～5局 200試] [0.000000 3表 3裏 5目 2～5局 200試]
0.82,0.4,0.5,0.0,200.0,1.0,1.0,2.0,0.5,0.0,200.0,1.0,1.0,2.0, [-0.040000 1表 1裏 1目 1～2局 1試] [0.000000 1表 1裏 2目 2～5局 200試]
0.83,0.4,0.5,0.0,200.0,1.0,1.0,2.0,0.5,0.0,200.0,1.0,1.0,2.0, [0.035000 1表 1裏 1目 1～2局 1試] [0.000000 1表 1裏 2目 2～5局 200試]
0.84,0.4,0.5,0.0,200.0,1.0,3.0,3.0,0.5,0.0,200.0,1.0,3.0,3.0, [0.050000 1表 1裏 1目 1～2局 1試] [0.015000 1表 2裏 2目 1～5局 200試] [0.000000 1表 3裏 3目 1～9局 200試]
0.85,0.4,0.5,0.0,200.0,1.0,3.0,4.0,0.5,0.0,200.0,1.0,3.0,4.0, [0.045000 1表 1裏 1目 1～2局 1試] [0.015000 1表 2裏 2目 1～5局 200試] [0.010000 1表 2裏 3目 2～9局 200試] [0.000000 1表 3裏 4目 2～12局 200試]
0.86,0.4,0.5,0.0,200.0,1.0,2.0,3.0,0.5,0.0,200.0,1.0,2.0,3.0, [0.050000 1表 1裏 1目 1～2局 1試] [0.035000 1表 2裏 2目 1～5局 200試] [0.010000 1表 1裏 3目 3～9局 200試] [0.000000 1表 2裏 3目 2～9局 200試]
0.87,0.4,0.5,0.0,200.0,1.0,3.0,5.0,0.5,0.0,200.0,1.0,3.0,5.0, [0.050000 1表 1裏 1目 1～2局 1試] [0.020000 1表 2裏 2目 1～5局 200試] [-0.005000 2表 2裏 3目 2～5局 200試] [0.000000 1表 3裏 5目 3～15局 200試]
0.88,0.4,0.5,0.0,200.0,1.0,1.0,6.0,0.5,0.0,200.0,1.0,1.0,6.0, [0.100000 1表 1裏 1目 1～2局 1試] [0.075000 1表 1裏 2目 2～5局 200試] [0.005000 1表 2裏 2目 1～5局 200試] [0.000000 1表 1裏 6目 6～19局 200試]
0.89,0.4,0.5,0.0,200.0,3.0,3.0,5.0,0.5,0.0,200.0,3.0,3.0,5.0, [0.020000 1表 1裏 1目 1～2局 1試] [-0.010000 1表 1裏 4目 4～12局 200試] [0.000000 3表 3裏 5目 2～5局 200試]
0.9,0.4,0.5,0.0,200.0,2.0,2.0,4.0,0.5,0.0,200.0,2.0,2.0,4.0, [0.010000 1表 1裏 1目 1～2局 1試] [0.000000 2表 2裏 4目 2～5局 200試]
0.91,0.4,0.5,0.0,200.0,1.0,1.0,2.0,0.5,0.0,200.0,1.0,1.0,2.0, [0.125000 1表 1裏 1目 1～2局 1試] [0.000000 1表 1裏 2目 2～5局 200試]
0.92,0.4,0.5,0.0,200.0,1.0,1.0,3.0,0.5,0.0,200.0,1.0,1.0,3.0, [0.100000 1表 1裏 1目 1～2局 1試] [0.015000 1表 1裏 2目 2～5局 200試] [0.000000 1表 1裏 3目 3～9局 200試]
0.93,0.4,0.5,0.0,200.0,2.0,4.0,4.0,0.5,0.0,200.0,2.0,4.0,4.0, [0.065000 1表 1裏 1目 1～2局 1試] [0.040000 1表 1裏 2目 2～5局 200試] [-0.010000 1表 1裏 3目 3～9局 200試] [-0.005000 1表 3裏 4目 2～12局 200試] [0.000000 2表 4裏 4目 1～5局 200試]
0.94,0.4,0.5,0.0,200.0,1.0,3.0,4.0,0.5,0.0,200.0,1.0,3.0,4.0, [0.095000 1表 1裏 1目 1～2局 1試] [0.010000 1表 1裏 2目 2～5局 200試] [-0.005000 1表 1裏 4目 4～12局 200試] [0.000000 1表 3裏 4目 2～12局 200試]
0.95,0.4,0.5,0.0,200.0,1.0,5.0,5.0,0.5,0.0,200.0,1.0,5.0,5.0, [0.050000 1表 1裏 1目 1～2局 1試] [0.010000 1表 1裏 3目 3～9局 200試] [0.005000 1表 3裏 4目 2～12局 200試] [0.000000 1表 5裏 5目 1～15局 200試]
0.96,0.4,0.5,0.0,200.0,1.0,2.0,2.0,0.5,0.0,200.0,1.0,2.0,2.0, [0.095000 1表 1裏 1目 1～2局 1試] [0.000000 1表 2裏 2目 1～5局 200試]
0.97,0.4,0.5,0.0,200.0,1.0,1.0,8.0,0.5,0.0,200.0,1.0,1.0,8.0, [0.090000 1表 1裏 1目 1～2局 1試] [0.075000 1表 1裏 2目 2～5局 200試] [0.065000 1表 2裏 2目 1～5局 200試] [-0.030000 1表 3裏 3目 1～9局 200試] [0.015000 1表 1裏 4目 4～12局 200試] [0.005000 1表 5裏 5目 1～15局 200試] [0.000000 1表 1裏 8目 8～25局 200試]
0.98,0.4,0.5,0.0,200.0,2.0,3.0,8.0,0.5,0.0,200.0,2.0,3.0,8.0, [0.075000 1表 1裏 1目 1～2局 1試] [0.065000 1表 2裏 2目 1～5局 200試] [0.020000 2表 2裏 2目 1～2局 200試] [0.015000 1表 3裏 3目 1～9局 200試] [0.010000 1表 1裏 4目 4～12局 200試] [-0.005000 1表 2裏 4目 3～12局 200試] [0.000000 2表 3裏 8目 3～12局 200試]
0.99,0.4,0.5,0.0,200.0,1.0,1.0,4.0,0.5,0.0,200.0,1.0,1.0,4.0, [0.040000 1表 1裏 1目 1～2局 1試] [0.030000 1表 1裏 3目 3～9局 200試] [0.025000 2表 3裏 3目 1～5局 200試] [0.000000 1表 1裏 4目 4～12局 200試]
