p,failure_rate,turn_system,trials_series,best_p,best_p_error,best_p_step,best_q_step,best_span,latest_p,latest_p_error,latest_p_step,latest_q_step,latest_span,candidates
0.5,0.0,frozen,1,0.5,0.0,1,1,1,0.5,0.0,1,1,1, [0.000000 1表 1裏 1目 1～1局 1試]
0.51,0.0,frozen,1,0.4932008039193119,-0.006799196080688075,11,12,253,0.0397552930287993,-0.4602447069712007,38,254,260, [0.010000 1表 1裏 1目 1～1局 1試] [-0.009416 11表 12裏 241目 20～42局 1試] [-0.006799 11表 12裏 253目 21～44局 1試]
0.52,0.0,frozen,1,0.4984898835372067,-0.0015101164627932,8,9,208,0.04482392623022081,-0.4551760737697792,43,240,263, [0.020000 1表 1裏 1目 1～1局 1試] [-0.016557 5表 6裏 55目 9～20局 1試] [-0.009016 6表 7裏 71目 10～22局 1試] [-0.002142 6表 7裏 78目 11～24局 1試] [-0.001510 8表 9裏 208目 23～49局 1試]
0.53,0.0,frozen,1,0.5000223242543498,2.232425434978147e-05,6,7,106,0.35879357,-0.14120643,131,240,263, [0.030000 1表 1裏 1目 1～1局 1試] [-0.029653 3表 4裏 21目 5～12局 1試] [-0.014777 4表 5裏 31目 6～14局 1試] [-0.001922 4表 5裏 36目 7～16局 1試] [0.000022 6表 7裏 106目 15～33局 1試]
0.54,0.0,frozen,1,0.4993348691014583,-0.0006651308985416,5,6,169,0.37476432000000004,-0.12523567999999996,127,240,263, [0.040000 1表 1裏 1目 1～1局 1試] [-0.021557 3表 4裏 17目 4～10局 1試] [-0.001395 3表 4裏 21目 5～12局 1試] [-0.000665 5表 6裏 169目 28～62局 1試]
0.55,0.0,frozen,1,0.5014158657703515,0.0014158657703514654,5,6,246,0.5747500000000001,0.0747500000000001,209,211,263, [0.050000 1表 1裏 1目 1～1局 1試] [-0.023044 2表 3裏 10目 3～8局 1試] [0.004405 3表 4裏 17目 4～10局 1試] [0.002476 4表 5裏 66目 13～30局 1試] [0.001907 4表 5裏 111目 22～50局 1試] [0.001608 4表 5裏 156目 31～70局 1試] [0.001416 5表 6裏 246目 41～90局 1試]
0.56,0.0,frozen,1,0.5000114388991501,1.1438899150117976e-05,4,5,185,0.4074291200000001,-0.09257087999999991,118,240,263, [0.060000 1表 1裏 1目 1～1局 1試] [-0.038172 2表 3裏 7目 2～6局 1試] [0.000364 2表 3裏 10目 3～8局 1試] [0.000045 3表 4裏 57目 14～33局 1試] [0.000020 4表 5裏 129目 26～58局 1試] [0.000011 4表 5裏 185目 37～83局 1試]
0.57,0.0,frozen,1,0.5003551519323137,0.0003551519323137,3,4,109,0.28712322719999994,-0.21287677280000006,87,240,263, [0.070000 1表 1裏 1目 1～1局 1試] [-0.017696 2表 3裏 7目 2～6局 1試] [-0.014588 2表 3裏 16目 5～13局 1試] [-0.013644 3表 4裏 34目 9～20局 1試] [0.010931 3表 4裏 37目 9～22局 1試] [0.008020 3表 4裏 49目 12～29局 1試] [0.005852 3表 4裏 61目 15～36局 1試] [0.004124 3表 4裏 73目 18～43局 1試] [0.002683 3表 4裏 85目 21～50局 1試] [0.001445 3表 4裏 97目 24～57局 1試] [0.000355 3表 4裏 109目 27～64局 1試]
0.58,0.0,frozen,1,0.5007469214501866,0.0007469214501866,5,7,162,0.4409531199999999,-0.05904688000000008,128,240,263, [0.080000 1表 1裏 1目 1～1局 1試] [-0.059047 1表 2裏 3目 2～4局 1試] [0.002905 2表 3裏 7目 2～6局 1試] [-0.001716 3表 4裏 64目 16～37局 1試] [0.000747 5表 7裏 162目 23～56局 1試]
0.59,0.0,frozen,1,0.5000697711987205,6.977119872053628e-05,2,3,40,0.45799516999999995,-0.04200483000000005,97,240,263, [0.090000 1表 1裏 1目 1～1局 1試] [-0.042005 1表 2裏 3目 2～4局 1試] [0.023591 2表 3裏 7目 2～6局 1試] [0.005203 2表 3裏 13目 4～11局 1試] [0.000070 2表 3裏 40目 13～33局 1試]
0.6,0.0,frozen,1,0.4962949264561776,-0.003705073543822379,2,3,257,0.4962949264561776,-0.003705073543822379,2,3,257, [0.100000 1表 1裏 1目 1～1局 1試] [-0.024800 1表 2裏 3目 2～4局 1試] [-0.017390 2表 3裏 11目 4～9局 1試] [-0.014145 2表 3裏 17目 6～14局 1試] [-0.012225 2表 3裏 23目 8～19局 1試] [-0.010920 2表 3裏 29目 10～24局 1試] [-0.009959 2表 3裏 35目 12～29局 1試] [-0.009215 2表 3裏 41目 14～34局 1試] [-0.008615 2表 3裏 47目 16～39局 1試] [-0.008119 2表 3裏 53目 18～44局 1試] [-0.007700 2表 3裏 59目 20～49局 1試] [-0.007340 2表 3裏 65目 22～54局 1試] [-0.007026 2表 3裏 71目 24～59局 1試] [-0.006749 2表 3裏 77目 26～64局 1試] [-0.006503 2表 3裏 83目 28～69局 1試] [-0.006281 2表 3裏 89目 30～74局 1試] [-0.006081 2表 3裏 95目 32～79局 1試] [-0.005899 2表 3裏 101目 34～84局 1試] [-0.005732 2表 3裏 107目 36～89局 1試] [-0.005579 2表 3裏 113目 38～94局 1試] [-0.005437 2表 3裏 119目 40～99局 1試] [-0.005306 2表 3裏 125目 42～104局 1試] [-0.005183 2表 3裏 131目 44～109局 1試] [-0.005069 2表 3裏 137目 46～114局 1試] [-0.004962 2表 3裏 143目 48～119局 1試] [-0.004862 2表 3裏 149目 50～124局 1試] [-0.004767 2表 3裏 155目 52～129局 1試] [-0.004678 2表 3裏 161目 54～134局 1試] [-0.004593 2表 3裏 167目 56～139局 1試] [-0.004513 2表 3裏 173目 58～144局 1試] [-0.004437 2表 3裏 179目 60～149局 1試] [-0.004365 2表 3裏 185目 62～154局 1試] [-0.004296 2表 3裏 191目 64～159局 1試] [-0.004230 2表 3裏 197目 66～164局 1試] [-0.004167 2表 3裏 203目 68～169局 1試] [-0.004107 2表 3裏 209目 70～174局 1試] [-0.004050 2表 3裏 215目 72～179局 1試] [-0.003995 2表 3裏 221目 74～184局 1試] [-0.003942 2表 3裏 227目 76～189局 1試] [-0.003891 2表 3裏 233目 78～194局 1試] [-0.003842 2表 3裏 239目 80～199局 1試] [-0.003794 2表 3裏 245目 82～204局 1試] [-0.003749 2表 3裏 251目 84～209局 1試] [-0.003705 2表 3裏 257目 86～214局 1試]
0.61,0.0,frozen,1,0.5011637731652024,0.0011637731652024,2,3,33,0.49254876999999997,-0.007451230000000031,102,240,263, [0.110000 1表 1裏 1目 1～1局 1試] [-0.007451 1表 2裏 3目 2～4局 1試] [-0.007370 2表 3裏 27目 9～22局 1試] [0.001164 2表 3裏 33目 11～27局 1試]
0.62,0.0,frozen,1,0.5000243539662751,2.4353966275092453e-05,3,5,156,0.1288910945872128,-0.3711089054127872,43,240,263, [0.120000 1表 1裏 1目 1～1局 1試] [-0.115600 1表 2裏 2目 1～2局 1試] [0.010022 1表 2裏 3目 2～4局 1試] [-0.004281 2表 3裏 15目 5～12局 1試] [0.000097 3表 5裏 61目 12～33局 1試] [0.000024 3表 5裏 156目 31～83局 1試]
0.63,0.0,frozen,1,0.5004982952846722,0.0004982952846721,3,5,79,0.20132567711298002,-0.29867432288702,44,240,263, [0.130000 1表 1裏 1目 1～1局 1試] [-0.103100 1表 2裏 2目 1～2局 1試] [0.027599 1表 2裏 3目 2～4局 1試] [-0.013359 1表 2裏 5目 3～7局 1試] [-0.001073 3表 5裏 28目 6～15局 1試] [0.000498 3表 5裏 79目 16～42局 1試]
0.64,0.0,frozen,1,0.4988934144725667,-0.0011065855274333125,4,7,245,0.5452595200000001,0.04525952000000011,122,231,262, [0.140000 1表 1裏 1目 1～1局 1試] [-0.090400 1表 2裏 2目 1～2局 1試] [0.045260 1表 2裏 3目 2～4局 1試] [0.009383 1表 2裏 5目 3～7局 1試] [-0.002182 3表 5裏 40目 8～21局 1試] [-0.001560 4表 7裏 117目 17～46局 1試] [-0.001277 4表 7裏 181目 26～71局 1試] [-0.001107 4表 7裏 245目 35～96局 1試]
0.65,0.0,frozen,1,0.5000625104647389,6.251046473892963e-05,5,9,171,0.71825,0.21825000000000006,211,239,263, [0.150000 1表 1裏 1目 1～1局 1試] [-0.077500 1表 2裏 2目 1～2局 1試] [0.062981 1表 2裏 3目 2～4局 1試] [0.032283 1表 2裏 5目 3～7局 1試] [0.013827 1表 2裏 7目 4～10局 1試] [0.000503 1表 2裏 9目 5～13局 1試] [0.000127 5表 9裏 106目 12～33局 1試] [0.000063 5表 9裏 171目 19～53局 1試]
0.66,0.0,frozen,1,0.4991710436276079,-0.000828956372392,1,2,23,0.58074192,0.08074192000000002,129,239,263, [0.160000 1表 1裏 1目 1～1局 1試] [-0.064400 1表 2裏 2目 1～2局 1試] [-0.052196 1表 2裏 4目 2～5局 1試] [-0.048081 1表 2裏 6目 3～8局 1試] [0.041061 1表 2裏 7目 4～10局 1試] [0.031382 1表 2裏 9目 5～13局 1試] [0.024088 1表 2裏 11目 6～16局 1試] [0.018242 1表 2裏 13目 7～19局 1試] [0.013359 1表 2裏 15目 8～22局 1試] [0.009158 1表 2裏 17目 9～25局 1試] [0.005465 1表 2裏 19目 10～28局 1試] [0.002163 1表 2裏 21目 11～31局 1試] [-0.000829 1表 2裏 23目 12～34局 1試]
0.67,0.0,frozen,1,0.4996577100431639,-0.0003422899568361,1,2,22,0.745174,0.245174,155,239,263, [0.170000 1表 1裏 1目 1～1局 1試] [-0.051100 1表 2裏 2目 1～2局 1試] [-0.032494 1表 2裏 4目 2～5局 1試] [-0.023565 1表 2裏 6目 3～8局 1試] [-0.017882 1表 2裏 8目 4～11局 1試] [-0.013758 1表 2裏 10目 5～14局 1試] [-0.010531 1表 2裏 12目 6～17局 1試] [-0.007878 1表 2裏 14目 7～20局 1試] [-0.005624 1表 2裏 16目 8～23局 1試] [-0.003659 1表 2裏 18目 9～26局 1試] [-0.001914 1表 2裏 20目 10～29局 1試] [-0.000342 1表 2裏 22目 11～32局 1試]
0.68,0.0,frozen,1,0.5000697854337149,6.978543371494172e-05,5,11,199,0.21782483771719688,-0.28217516228280315,42,240,263, [0.180000 1表 1裏 1目 1～1局 1試] [-0.037600 1表 2裏 2目 1～2局 1試] [-0.012505 1表 2裏 4目 2～5局 1試] [0.001298 1表 2裏 6目 3～8局 1試] [0.000162 4表 9裏 91目 10～33局 1試] [0.000070 5表 11裏 199目 18～58局 1試]
0.69,0.0,frozen,1,0.5003798972020231,0.0003798972020231,4,9,209,0.13436341289683384,-0.36563658710316616,30,239,263, [0.190000 1表 1裏 1目 1～1局 1試] [-0.023900 1表 2裏 2目 1～2局 1試] [0.007744 1表 2裏 4目 2～5局 1試] [-0.002945 2表 5裏 26目 5～18局 1試] [-0.000734 3表 7裏 99目 14～47局 1試] [0.000380 4表 9裏 209目 23～76局 1試]
0.7,0.0,frozen,1,0.49740073009298896,-0.002599269907011037,3,7,256,0.6470695,0.14706949999999996,52,93,260, [0.200000 1表 1裏 1目 1～1局 1試] [-0.010000 1表 2裏 2目 1～2局 1試] [-0.007484 2表 5裏 17目 3～12局 1試] [-0.005824 2表 5裏 31目 6～22局 1試] [-0.004922 2表 5裏 46目 9～32局 1試] [-0.004340 3表 7裏 88目 13～42局 1試] [-0.003924 3表 7裏 109目 16～52局 1試] [-0.003608 3表 7裏 130目 19～62局 1試] [-0.003358 3表 7裏 151目 22～72局 1試] [-0.003154 3表 7裏 172目 25～82局 1試] [-0.002983 3表 7裏 193目 28～92局 1試] [-0.002837 3表 7裏 214目 31～102局 1試] [-0.002710 3表 7裏 235目 34～112局 1試] [-0.002599 3表 7裏 256目 37～122局 1試]
0.71,0.0,frozen,1,0.5002041517924759,0.0002041517924759,2,5,47,0.005334227798049673,-0.49466577220195035,13,240,263, [0.210000 1表 1裏 1目 1～1局 1試] [0.004100 1表 2裏 2目 1～2局 1試] [0.000204 2表 5裏 47目 9～33局 1試]
0.72,0.0,frozen,1,0.5017525688609732,0.0017525688609731,2,5,75,0.808704,0.308704,234,234,259, [0.220000 1表 1裏 1目 1～1局 1試] [0.018400 1表 2裏 2目 1～2局 1試] [0.017098 1表 3裏 7目 2～9局 1試] [-0.015485 1表 3裏 10目 3～13局 1試] [-0.004819 2表 5裏 29目 6～20局 1試] [0.002571 2表 5裏 39目 8～27局 1試] [0.001753 2表 5裏 75目 15～52局 1試]
0.73,0.0,frozen,1,0.4997068951153219,-0.000293104884678,3,8,118,0.8206659999999999,0.3206659999999999,227,234,259, [0.230000 1表 1裏 1目 1～1局 1試] [0.032900 1表 2裏 2目 1～2局 1試] [-0.012828 1表 3裏 5目 2～6局 1試] [-0.002259 1表 3裏 13目 4～17局 1試] [-0.000293 3表 8裏 118目 15～54局 1試]
0.74,0.0,frozen,1,0.5002568101263052,0.0002568101263051,1,3,25,0.832352,0.332352,168,234,259, [0.240000 1表 1裏 1目 1～1局 1試] [0.047600 1表 2裏 2目 1～2局 1試] [0.010372 1表 3裏 5目 2～6局 1試] [-0.004220 1表 3裏 8目 3～10局 1試] [0.000257 1表 3裏 25目 8～33局 1試]
0.75,0.0,frozen,1,0.5042085722324876,0.004208572232487606,1,3,251,0.5042085722324876,0.004208572232487606,1,3,251, [0.250000 1表 1裏 1目 1～1局 1試] [0.062500 1表 2裏 2目 1～2局 1試] [0.033936 1表 3裏 5目 2～6局 1試] [0.025593 1表 3裏 8目 3～10局 1試] [0.021340 1表 3裏 11目 4～14局 1試] [0.018669 1表 3裏 14目 5～18局 1試] [0.016797 1表 3裏 17目 6～22局 1試] [0.015393 1表 3裏 20目 7～26局 1試] [0.014290 1表 3裏 23目 8～30局 1試] [0.013394 1表 3裏 26目 9～34局 1試] [0.012647 1表 3裏 29目 10～38局 1試] [0.012013 1表 3裏 32目 11～42局 1試] [0.011465 1表 3裏 35目 12～46局 1試] [0.010986 1表 3裏 38目 13～50局 1試] [0.010562 1表 3裏 41目 14～54局 1試] [0.010184 1表 3裏 44目 15～58局 1試] [0.009844 1表 3裏 47目 16～62局 1試] [0.009536 1表 3裏 50目 17～66局 1試] [0.009254 1表 3裏 53目 18～70局 1試] [0.008997 1表 3裏 56目 19～74局 1試] [0.008760 1表 3裏 59目 20～78局 1試] [0.008540 1表 3裏 62目 21～82局 1試] [0.008336 1表 3裏 65目 22～86局 1試] [0.008147 1表 3裏 68目 23～90局 1試] [0.007969 1表 3裏 71目 24～94局 1試] [0.007803 1表 3裏 74目 25～98局 1試] [0.007646 1表 3裏 77目 26～102局 1試] [0.007499 1表 3裏 80目 27～106局 1試] [0.007360 1表 3裏 83目 28～110局 1試] [0.007228 1表 3裏 86目 29～114局 1試] [0.007104 1表 3裏 89目 30～118局 1試] [0.006985 1表 3裏 92目 31～122局 1試] [0.006872 1表 3裏 95目 32～126局 1試] [0.006765 1表 3裏 98目 33～130局 1試] [0.006662 1表 3裏 101目 34～134局 1試] [0.006564 1表 3裏 104目 35～138局 1試] [0.006470 1表 3裏 107目 36～142局 1試] [0.006380 1表 3裏 110目 37～146局 1試] [0.006294 1表 3裏 113目 38～150局 1試] [0.006211 1表 3裏 116目 39～154局 1試] [0.006131 1表 3裏 119目 40～158局 1試] [0.006054 1表 3裏 122目 41～162局 1試] [0.005981 1表 3裏 125目 42～166局 1試] [0.005909 1表 3裏 128目 43～170局 1試] [0.005840 1表 3裏 131目 44～174局 1試] [0.005774 1表 3裏 134目 45～178局 1試] [0.005710 1表 3裏 137目 46～182局 1試] [0.005648 1表 3裏 140目 47～186局 1試] [0.005588 1表 3裏 143目 48～190局 1試] [0.005529 1表 3裏 146目 49～194局 1試] [0.005473 1表 3裏 149目 50～198局 1試] [0.005418 1表 3裏 152目 51～202局 1試] [0.005365 1表 3裏 155目 52～206局 1試] [0.005313 1表 3裏 158目 53～210局 1試] [0.005263 1表 3裏 161目 54～214局 1試] [0.005214 1表 3裏 164目 55～218局 1試] [0.005167 1表 3裏 167目 56～222局 1試] [0.005121 1表 3裏 170目 57～226局 1試] [0.005076 1表 3裏 173目 58～230局 1試] [0.005032 1表 3裏 176目 59～234局 1試] [0.004989 1表 3裏 179目 60～238局 1試] [0.004948 1表 3裏 182目 61～242局 1試] [0.004907 1表 3裏 185目 62～246局 1試] [0.004867 1表 3裏 188目 63～250局 1試] [0.004829 1表 3裏 191目 64～254局 1試] [0.004791 1表 3裏 194目 65～258局 1試] [0.004754 1表 3裏 197目 66～262局 1試] [0.004718 1表 3裏 200目 67～266局 1試] [0.004683 1表 3裏 203目 68～270局 1試] [0.004648 1表 3裏 206目 69～274局 1試] [0.004615 1表 3裏 209目 70～278局 1試] [0.004582 1表 3裏 212目 71～282局 1試] [0.004549 1表 3裏 215目 72～286局 1試] [0.004518 1表 3裏 218目 73～290局 1試] [0.004487 1表 3裏 221目 74～294局 1試] [0.004456 1表 3裏 224目 75～298局 1試] [0.004427 1表 3裏 227目 76～302局 1試] [0.004398 1表 3裏 230目 77～306局 1試] [0.004369 1表 3裏 233目 78～310局 1試] [0.004341 1表 3裏 236目 79～314局 1試] [0.004314 1表 3裏 239目 80～318局 1試] [0.004287 1表 3裏 242目 81～322局 1試] [0.004260 1表 3裏 245目 82～326局 1試] [0.004234 1表 3裏 248目 83～330局 1試] [0.004209 1表 3裏 251目 84～334局 1試]
0.76,0.0,frozen,1,0.4985652526649869,-0.001434747335013,4,13,197,0.7550387199999999,0.25503871999999994,119,234,259, [0.260000 1表 1裏 1目 1～1局 1試] [0.077600 1表 2裏 2目 1～2局 1試] [-0.061024 1表 3裏 3目 1～3局 1試] [0.057816 1表 3裏 5目 2～6局 1試] [-0.029812 1表 3裏 6目 2～7局 1試] [-0.013435 1表 3裏 9目 3～11局 1試] [-0.002238 1表 3裏 12目 4～15局 1試] [-0.001742 3表 10裏 91目 9～40局 1試] [-0.001435 4表 13裏 197目 15～65局 1試]
0.77,0.0,frozen,1,0.5003250085562435,0.0003250085562435,2,7,51,0.865634,0.365634,157,234,259, [0.270000 1表 1裏 1目 1～1局 1試] [0.092900 1表 2裏 2目 1～2局 1試] [-0.043467 1表 3裏 3目 1～3局 1試] [-0.003955 1表 3裏 6目 2～7局 1試] [-0.001431 2表 7裏 31目 4～20局 1試] [0.000325 2表 7裏 51目 7～33局 1試]
0.78,0.0,frozen,1,0.4994824329307584,-0.0005175670692416,2,7,203,0.7877563200000001,0.28775632000000007,129,234,259, [0.280000 1表 1裏 1目 1～1局 1試] [0.108400 1表 2裏 2目 1～2局 1試] [-0.025448 1表 3裏 3目 1～3局 1試] [0.022463 1表 3裏 6目 2～7局 1試] [-0.011357 1表 4裏 10目 3～12局 1試] [-0.004904 1表 4裏 17目 4～21局 1試] [-0.000764 2表 7裏 47目 7～30局 1試] [-0.000624 2表 7裏 125目 18～80局 1試] [-0.000518 2表 7裏 203目 29～130局 1試]
0.79,0.0,frozen,1,0.4997357145319491,-0.0002642854680508,3,11,142,0.8862220000000001,0.38622200000000007,146,234,259, [0.290000 1表 1裏 1目 1～1局 1試] [0.124100 1表 2裏 2目 1～2局 1試] [-0.006961 1表 3裏 3目 1～3局 1試] [-0.004165 1表 4裏 18目 5～22局 1試] [-0.001761 1表 4裏 33目 8～41局 1試] [-0.000264 3表 11裏 142目 13～60局 1試]
0.8,0.0,frozen,1,0.5000143996214503,1.439962145033391e-05,1,4,251,0.5000143996214503,1.439962145033391e-05,1,4,251, [0.300000 1表 1裏 1目 1～1局 1試] [0.140000 1表 2裏 2目 1～2局 1試] [0.012000 1表 3裏 3目 1～3局 1試] [0.003316 1表 4裏 7目 2～8局 1試] [0.001652 1表 4裏 11目 3～13局 1試] [0.001025 1表 4裏 15目 4～18局 1試] [0.000714 1表 4裏 19目 5～23局 1試] [0.000533 1表 4裏 23目 6～28局 1試] [0.000417 1表 4裏 27目 7～33局 1試] [0.000338 1表 4裏 31目 8～38局 1試] [0.000281 1表 4裏 35目 9～43局 1試] [0.000239 1表 4裏 39目 10～48局 1試] [0.000206 1表 4裏 43目 11～53局 1試] [0.000180 1表 4裏 47目 12～58局 1試] [0.000159 1表 4裏 51目 13～63局 1試] [0.000142 1表 4裏 55目 14～68局 1試] [0.000128 1表 4裏 59目 15～73局 1試] [0.000115 1表 4裏 63目 16～78局 1試] [0.000105 1表 4裏 67目 17～83局 1試] [0.000096 1表 4裏 71目 18～88局 1試] [0.000089 1表 4裏 75目 19～93局 1試] [0.000082 1表 4裏 79目 20～98局 1試] [0.000076 1表 4裏 83目 21～103局 1試] [0.000071 1表 4裏 87目 22～108局 1試] [0.000066 1表 4裏 91目 23～113局 1試] [0.000062 1表 4裏 95目 24～118局 1試] [0.000058 1表 4裏 99目 25～123局 1試] [0.000055 1表 4裏 103目 26～128局 1試] [0.000052 1表 4裏 107目 27～133局 1試] [0.000049 1表 4裏 111目 28～138局 1試] [0.000047 1表 4裏 115目 29～143局 1試] [0.000044 1表 4裏 119目 30～148局 1試] [0.000042 1表 4裏 123目 31～153局 1試] [0.000040 1表 4裏 127目 32～158局 1試] [0.000038 1表 4裏 131目 33～163局 1試] [0.000037 1表 4裏 135目 34～168局 1試] [0.000035 1表 4裏 139目 35～173局 1試] [0.000034 1表 4裏 143目 36～178局 1試] [0.000032 1表 4裏 147目 37～183局 1試] [0.000031 1表 4裏 151目 38～188局 1試] [0.000030 1表 4裏 155目 39～193局 1試] [0.000029 1表 4裏 159目 40～198局 1試] [0.000028 1表 4裏 163目 41～203局 1試] [0.000027 1表 4裏 167目 42～208局 1試] [0.000026 1表 4裏 171目 43～213局 1試] [0.000025 1表 4裏 175目 44～218局 1試] [0.000024 1表 4裏 179目 45～223局 1試] [0.000023 1表 4裏 183目 46～228局 1試] [0.000022 1表 4裏 187目 47～233局 1試] [0.000022 1表 4裏 191目 48～238局 1試] [0.000021 1表 4裏 195目 49～243局 1試] [0.000020 1表 4裏 199目 50～248局 1試] [0.000020 1表 4裏 203目 51～253局 1試] [0.000019 1表 4裏 207目 52～258局 1試] [0.000019 1表 4裏 211目 53～263局 1試] [0.000018 1表 4裏 215目 54～268局 1試] [0.000018 1表 4裏 219目 55～273局 1試] [0.000017 1表 4裏 223目 56～278局 1試] [0.000017 1表 4裏 227目 57～283局 1試] [0.000016 1表 4裏 231目 58～288局 1試] [0.000016 1表 4裏 235目 59～293局 1試] [0.000015 1表 4裏 239目 60～298局 1試] [0.000015 1表 4裏 243目 61～303局 1試] [0.000015 1表 4裏 247目 62～308局 1試] [0.000014 1表 4裏 251目 63～313局 1試]
0.81,0.0,frozen,1,0.4994823277397315,-0.0005176722602684,1,4,16,0.9054180000000001,0.40541800000000006,142,234,259, [0.310000 1表 1裏 1目 1～1局 1試] [0.156100 1表 2裏 2目 1～2局 1試] [0.031441 1表 3裏 3目 1～3局 1試] [-0.013760 1表 4裏 12目 3～14局 1試] [-0.000518 1表 4裏 16目 4～19局 1試]
0.82,0.0,frozen,1,0.5007044052787917,0.0007044052787916,2,9,197,0.9144639999999999,0.41446399999999994,137,234,259, [0.320000 1表 1裏 1目 1～1局 1試] [0.172400 1表 2裏 2目 1～2局 1試] [0.051368 1表 3裏 3目 1～3局 1試] [-0.047878 1表 4裏 4目 1～4局 1試] [-0.001230 1表 4裏 8目 2～9局 1試] [0.000990 2表 9裏 115目 13～70局 1試] [0.000704 2表 9裏 197目 22～120局 1試]
0.83,0.0,frozen,1,0.5000684047916565,6.84047916564845e-05,1,5,111,0.7972997928,0.29729979279999996,83,234,259, [0.330000 1表 1裏 1目 1～1局 1試] [0.188900 1表 2裏 2目 1～2局 1試] [0.071787 1表 3裏 3目 1～3局 1試] [-0.025417 1表 4裏 4目 1～4局 1試] [0.018108 1表 5裏 13目 3～15局 1試] [0.010316 1表 5裏 18目 4～21局 1試] [0.004823 1表 5裏 23目 5～27局 1試] [0.000550 1表 5裏 28目 6～33局 1試] [0.000068 1表 5裏 111目 22～133局 1試]
0.84,0.0,frozen,1,0.5017214051351881,0.0017214051351881,2,11,144,0.9313919999999999,0.4313919999999999,156,234,259, [0.340000 1表 1裏 1目 1～1局 1試] [0.205600 1表 2裏 2目 1～2局 1試] [0.092704 1表 3裏 3目 1～3局 1試] [-0.002129 1表 4裏 4目 1～4局 1試] [0.002122 2表 11裏 101目 9～60局 1試] [0.001721 2表 11裏 144目 13～85局 1試]
0.85,0.0,frozen,1,0.5021987408953525,0.0021987408953525,2,11,143,0.83521,0.33521,67,234,259, [0.350000 1表 1裏 1目 1～1局 1試] [0.222500 1表 2裏 2目 1～2局 1試] [0.114125 1表 3裏 3目 1～3局 1試] [0.022006 1表 4裏 4目 1～4局 1試] [-0.007814 1表 5裏 10目 2～11局 1試] [0.004879 1表 6裏 21目 4～24局 1試] [0.003246 1表 6裏 38目 6～44局 1試] [0.002578 1表 6裏 55目 9～64局 1試] [0.002199 2表 11裏 143目 13～84局 1試]
0.86,0.0,frozen,1,0.5001901199458543,0.0001901199458542,1,6,72,0.90319952,0.40319952000000003,91,234,259, [0.360000 1表 1裏 1目 1～1局 1試] [0.239600 1表 2裏 2目 1～2局 1試] [0.136056 1表 3裏 3目 1～3局 1試] [0.047008 1表 4裏 4目 1～4局 1試] [-0.029573 1表 5裏 5目 1～5局 1試] [-0.016589 1表 6裏 11目 2～12局 1試] [-0.008852 1表 6裏 17目 3～19局 1試] [-0.003437 1表 6裏 23目 4～26局 1試] [0.000754 1表 6裏 29目 5～33局 1試] [0.000190 1表 6裏 72目 12～83局 1試]
0.87,0.0,frozen,1,0.4993353078034774,-0.0006646921965225,1,7,45,0.9153191699999998,0.41531916999999985,118,234,259, [0.370000 1表 1裏 1目 1～1局 1試] [0.256900 1表 2裏 2目 1～2局 1試] [0.158503 1表 3裏 3目 1～3局 1試] [0.072898 1表 4裏 4目 1～4局 1試] [-0.001579 1表 5裏 5目 1～5局 1試] [-0.000665 1表 7裏 45目 6～51局 1試]
0.88,0.0,frozen,1,0.49875230841470003,-0.0012476915852999704,2,15,259,0.49875230841470003,-0.0012476915852999704,2,15,259, [0.380000 1表 1裏 1目 1～1局 1試] [0.274400 1表 2裏 2目 1～2局 1試] [0.181472 1表 3裏 3目 1～3局 1試] [0.099695 1表 4裏 4目 1～4局 1試] [0.027732 1表 5裏 5目 1～5局 1試] [0.026238 1表 6裏 12目 2～13局 1試] [-0.014136 1表 7裏 13目 2～14局 1試] [-0.001737 1表 7裏 20目 3～22局 1試] [-0.001630 2表 15裏 127目 8～72局 1試] [-0.001471 2表 15裏 171目 11～97局 1試] [-0.001347 2表 15裏 215目 14～122局 1試] [-0.001248 2表 15裏 259目 17～147局 1試]
0.89,0.0,frozen,1,0.5000591845065364,5.918450653641383e-05,1,8,208,0.966362,0.46636200000000005,176,233,259, [0.390000 1表 1裏 1目 1～1局 1試] [0.292100 1表 2裏 2目 1～2局 1試] [0.204969 1表 3裏 3目 1～3局 1試] [0.127422 1表 4裏 4目 1～4局 1試] [0.058406 1表 5裏 5目 1～5局 1試] [-0.003019 1表 6裏 6目 1～6局 1試] [-0.000837 1表 8裏 22目 3～24局 1試] [0.000137 1表 8裏 119目 15～133局 1試] [0.000059 1表 8裏 208目 26～233局 1試]
0.9,0.0,frozen,1,0.5027219178959443,0.002721917895944337,1,9,249,0.001114620547538971,-0.49888537945246103,3,176,256, [0.400000 1表 1裏 1目 1～1局 1試] [0.310000 1表 2裏 2目 1～2局 1試] [0.229000 1表 3裏 3目 1～3局 1試] [0.156100 1表 4裏 4目 1～4局 1試] [0.090490 1表 5裏 5目 1～5局 1試] [0.031441 1表 6裏 6目 1～6局 1試] [-0.021703 1表 7裏 7目 1～7局 1試] [0.014728 1表 8裏 15目 2～16局 1試] [0.010505 1表 8裏 24目 3～26局 1試] [0.008511 1表 9裏 33目 4～36局 1試] [0.007317 1表 9裏 42目 5～46局 1試] [0.006507 1表 9裏 51目 6～56局 1試] [0.005913 1表 9裏 60目 7～66局 1試] [0.005455 1表 9裏 69目 8～76局 1試] [0.005088 1表 9裏 78目 9～86局 1試] [0.004785 1表 9裏 87目 10～96局 1試] [0.004531 1表 9裏 96目 11～106局 1試] [0.004312 1表 9裏 105目 12～116局 1試] [0.004123 1表 9裏 114目 13～126局 1試] [0.003956 1表 9裏 123目 14～136局 1試] [0.003808 1表 9裏 132目 15～146局 1試] [0.003675 1表 9裏 141目 16～156局 1試] [0.003556 1表 9裏 150目 17～166局 1試] [0.003447 1表 9裏 159目 18～176局 1試] [0.003347 1表 9裏 168目 19～186局 1試] [0.003256 1表 9裏 177目 20～196局 1試] [0.003172 1表 9裏 186目 21～206局 1試] [0.003094 1表 9裏 195目 22～216局 1試] [0.003021 1表 9裏 204目 23～226局 1試] [0.002953 1表 9裏 213目 24～236局 1試] [0.002890 1表 9裏 222目 25～246局 1試] [0.002831 1表 9裏 231目 26～256局 1試] [0.002775 1表 9裏 240目 27～266局 1試] [0.002722 1表 9裏 249目 28～276局 1試]
0.91,0.0,frozen,1,0.4998303688217843,-0.0001696311782157,1,10,88,0.8423204615524154,0.34232046155241536,42,234,259, [0.410000 1表 1裏 1目 1～1局 1試] [0.328100 1表 2裏 2目 1～2局 1試] [0.253571 1表 3裏 3目 1～3局 1試] [0.185750 1表 4裏 4目 1～4局 1試] [0.124032 1表 5裏 5目 1～5局 1試] [0.067869 1表 6裏 6目 1～6局 1試] [0.016761 1表 7裏 7目 1～7局 1試] [0.009125 1表 9裏 17目 2～18局 1試] [0.008725 1表 9裏 27目 3～29局 1試] [-0.007639 1表 10裏 48目 5～52局 1試] [-0.005295 1表 10裏 58目 6～63局 1試] [-0.003338 1表 10裏 68目 7～74局 1試] [-0.001653 1表 10裏 78目 8～85局 1試] [-0.000170 1表 10裏 88目 9～96局 1試]
0.92,0.0,frozen,1,0.5001389662226435,0.0001389662226435,1,12,169,0.9818239999999999,0.4818239999999999,223,233,259, [0.420000 1表 1裏 1目 1～1局 1試] [0.346400 1表 2裏 2目 1～2局 1試] [0.278688 1表 3裏 3目 1～3局 1試] [0.216393 1表 4裏 4目 1～4局 1試] [0.159082 1表 5裏 5目 1～5局 1試] [0.106355 1表 6裏 6目 1～6局 1試] [0.057847 1表 7裏 7目 1～7局 1試] [0.013219 1表 8裏 8目 1～8局 1試] [-0.009397 1表 10裏 20目 2～21局 1試] [0.001801 1表 11裏 31目 3～33局 1試] [0.000778 1表 11裏 54目 5～58局 1試] [0.000455 1表 11裏 77目 7～83局 1試] [0.000307 1表 12裏 100目 8～108局 1試] [0.000224 1表 12裏 123目 10～133局 1試] [0.000173 1表 12裏 146目 12～158局 1試] [0.000139 1表 12裏 169目 14～183局 1試]
0.93,0.0,frozen,1,0.4994075901601195,-0.0005924098398804,1,13,182,0.985986,0.48598600000000003,180,233,259, [0.430000 1表 1裏 1目 1～1局 1試] [0.364900 1表 2裏 2目 1～2局 1試] [0.304357 1表 3裏 3目 1～3局 1試] [0.248052 1表 4裏 4目 1～4局 1試] [0.195688 1表 5裏 5目 1～5局 1試] [0.146990 1表 6裏 6目 1～6局 1試] [0.101701 1表 7裏 7目 1～7局 1試] [0.059582 1表 8裏 8目 1～8局 1試] [0.020411 1表 9裏 9目 1～9局 1試] [-0.016018 1表 10裏 10目 1～10局 1試] [0.014587 1表 11裏 22目 2～23局 1試] [-0.008246 1表 12裏 23目 2～24局 1試] [-0.002454 1表 12裏 36目 3～38局 1試] [0.001847 1表 13裏 49目 4～52局 1試] [-0.000616 1表 13裏 89目 7～95局 1試] [-0.000592 1表 13裏 182目 14～195局 1試]
0.94,0.0,frozen,1,0.5008575764731539,0.000857576473153876,1,16,230,0.9896320000000001,0.48963200000000007,222,223,259, [0.440000 1表 1裏 1目 1～1局 1試] [0.383600 1表 2裏 2目 1～2局 1試] [0.330584 1表 3裏 3目 1～3局 1試] [0.280749 1表 4裏 4目 1～4局 1試] [0.233904 1表 5裏 5目 1～5局 1試] [0.189870 1表 6裏 6目 1～6局 1試] [0.148478 1表 7裏 7目 1～7局 1試] [0.109569 1表 8裏 8目 1～8局 1試] [0.072995 1表 9裏 9目 1～9局 1試] [0.038615 1表 10裏 10目 1～10局 1試] [0.006298 1表 11裏 11目 1～11局 1試] [0.003512 1表 14裏 42目 3～44局 1試] [-0.001760 1表 15裏 58目 4～61局 1試] [0.001743 1表 15裏 89目 6～94局 1試] [-0.001675 1表 15裏 105目 7～111局 1試] [0.001243 1表 16裏 136目 9～144局 1試] [0.001002 1表 16裏 183目 11～194局 1試] [0.000858 1表 16裏 230目 14～244局 1試]
0.95,0.0,frozen,1,0.5001746525030858,0.0001746525030857926,1,19,241,0.7735226201554779,0.2735226201554779,16,224,257, [0.450000 1表 1裏 1目 1～1局 1試] [0.402500 1表 2裏 2目 1～2局 1試] [0.357375 1表 3裏 3目 1～3局 1試] [0.314506 1表 4裏 4目 1～4局 1試] [0.273781 1表 5裏 5目 1～5局 1試] [0.235092 1表 6裏 6目 1～6局 1試] [0.198337 1表 7裏 7目 1～7局 1試] [0.163420 1表 8裏 8目 1～8局 1試] [0.130249 1表 9裏 9目 1～9局 1試] [0.098737 1表 10裏 10目 1～10局 1試] [0.068800 1表 11裏 11目 1～11局 1試] [0.040360 1表 12裏 12目 1～12局 1試] [0.013342 1表 13裏 13目 1～13局 1試] [-0.012325 1表 14裏 14目 1～14局 1試] [0.003650 1表 16裏 32目 2～33局 1試] [0.001816 1表 17裏 51目 3～53局 1試] [0.001127 1表 18裏 70目 4～73局 1試] [0.000784 1表 18裏 89目 5～93局 1試] [0.000586 1表 18裏 108目 6～113局 1試] [0.000459 1表 19裏 127目 7～133局 1試] [0.000372 1表 19裏 146目 8～153局 1試] [0.000309 1表 19裏 165目 9～173局 1試] [0.000262 1表 19裏 184目 10～193局 1試] [0.000226 1表 19裏 203目 11～213局 1試] [0.000198 1表 19裏 222目 12～233局 1試] [0.000175 1表 19裏 241目 13～253局 1試]
