p,best_p,best_p_error,best_round_count,best_b_step,best_w_step,best_span,latest_p,latest_p_error,latest_round_count,latest_b_step,latest_w_step,latest_span,process
0.5,0.5,0.0,2000000,1,1,2,0.5,0.0,2000000,1,1,2,[0.000354 1黒 1白 1目 1～1局] [0.000000 1黒 1白 2目 2～3局]
0.51,0.349007,-0.150993,2000000,1,1,5,0.349007,-0.150993,2000000,2,6,6,[0.009984 1黒 1白 1目 1～1局] [0.004878 1黒 1白 2目 2～3局] [0.004166 1黒 1白 3目 3～5局] [0.003154 1黒 1白 4目 4～7局] [0.002700 1黒 1白 5目 5～9局]
0.52,0.4973235,-0.002676500000000026,2000000,2,3,7,0.4973235,-0.002676500000000026,2000000,2,3,7,[0.020023 1黒 1白 1目 1～1局] [0.009610 1黒 1白 2目 2～3局] [0.007509 1黒 1白 3目 3～5局] [0.006068 1黒 1白 4目 4～7局] [0.005536 1黒 1白 5目 5～9局] [0.004648 1黒 1白 6目 6～11局] [0.004541 1黒 1白 7目 7～13局] [-0.002677 2黒 3白 7目 3～6局]
0.53,0.4743345,-0.025665500000000008,2000000,2,3,7,0.4743345,-0.025665500000000008,2000000,2,4,8,[0.029891 1黒 1白 1目 1～1局] [0.014634 1黒 1白 2目 2～3局] [0.011154 1黒 1白 3目 3～5局] [0.009000 1黒 1白 4目 4～7局] [0.008312 1黒 1白 5目 5～9局] [0.006849 1黒 1白 6目 6～11局] [0.001218 2黒 3白 7目 3～6局]
0.54,0.4906295,-0.009370500000000004,2000000,2,3,6,0.4906295,-0.009370500000000004,2000000,2,3,6,[0.040278 1黒 1白 1目 1～1局] [0.020202 1黒 1白 2目 2～3局] [0.015030 1黒 1白 3目 3～5局] [0.012953 1黒 1白 4目 4～7局] [0.011274 1黒 1白 5目 5～9局] [0.009958 1黒 1白 6目 6～11局] [-0.009371 2黒 3白 6目 3～4局]
0.55,0.4835985,-0.016401500000000013,2000000,1,2,3,0.4835985,-0.016401500000000013,2000000,1,2,3,[0.049485 1黒 1白 1目 1～1局] [0.024641 1黒 1白 2目 2～3局] [0.019541 1黒 1白 3目 3～5局] [-0.016402 1黒 2白 3目 2～4局]
0.56,0.487097,-0.012902999999999998,2000000,1,2,3,0.487097,-0.012902999999999998,2000000,1,2,3,[0.059998 1黒 1白 1目 1～1局] [0.030551 1黒 1白 2目 2～3局] [0.022498 1黒 1白 3目 3～5局] [-0.012903 1黒 2白 3目 2～4局]
0.57,0.4901405,-0.009859500000000021,2000000,1,2,3,0.4901405,-0.009859500000000021,2000000,1,2,3,[0.069766 1黒 1白 1目 1～1局] [0.035829 1黒 1白 2目 2～3局] [0.026834 1黒 1白 3目 3～5局] [-0.009860 1黒 2白 3目 2～4局]
0.58,0.494035,-0.005964999999999998,2000000,1,2,3,0.494035,-0.005964999999999998,2000000,1,2,3,[0.080681 1黒 1白 1目 1～1局] [0.040844 1黒 1白 2目 2～3局] [0.030373 1黒 1白 3目 3～5局] [-0.005965 1黒 2白 3目 2～4局]
0.59,0.4964555,-0.003544500000000006,2000000,1,2,3,0.4964555,-0.003544500000000006,2000000,1,2,3,[0.089621 1黒 1白 1目 1～1局] [0.046932 1黒 1白 2目 2～3局] [0.033835 1黒 1白 3目 3～5局] [-0.003545 1黒 2白 3目 2～4局]
0.6,0.4566215,-0.043378499999999987,2000000,1,2,2,0.4566215,-0.043378499999999987,2000000,1,2,2,[0.099819 1黒 1白 1目 1～1局] [0.052457 1黒 1白 2目 2～3局] [-0.043378 1黒 2白 2目 1～2局]
0.61,0.464466,-0.03553400000000001,2000000,1,2,2,0.464466,-0.03553400000000001,2000000,1,2,2,[0.110268 1黒 1白 1目 1～1局] [0.058712 1黒 1白 2目 2～3局] [-0.035534 1黒 2白 2目 1～2局]
0.62,0.4743545,-0.025645499999999988,2000000,1,2,2,0.4743545,-0.025645499999999988,2000000,1,2,2,[0.119946 1黒 1白 1目 1～1局] [0.063296 1黒 1白 2目 2～3局] [-0.025645 1黒 2白 2目 1～2局]
0.63,0.4831915,-0.016808500000000004,2000000,1,2,2,0.4831915,-0.016808500000000004,2000000,1,2,2,[0.129655 1黒 1白 1目 1～1局] [0.069921 1黒 1白 2目 2～3局] [-0.016809 1黒 2白 2目 1～2局]
0.64,0.492628,-0.00737199999999999,2000000,1,2,2,0.492628,-0.00737199999999999,2000000,1,2,2,[0.140509 1黒 1白 1目 1～1局] [0.075388 1黒 1白 2目 2～3局] [-0.007372 1黒 2白 2目 1～2局]
0.65,0.4400035,-0.05999650000000001,2000000,1,8,11,0.4400035,-0.05999650000000001,2000000,5,11,11,[0.150135 1黒 1白 1目 1～1局] [0.081750 1黒 1白 2目 2～3局] [0.002652 1黒 2白 2目 1～2局] [0.002276 2黒 3白 3目 1～2局] [0.001954 3黒 5白 5目 1～2局] [0.001865 4黒 5白 5目 1～2局] [0.001763 5黒 6白 6目 1～2局] [0.001706 5黒 7白 7目 1～2局] [0.000596 1黒 3白 8目 4～10局] [0.001726 1黒 6白 9目 3～10局] [0.001474 6黒 9白 9目 1～2局] [0.001197 1黒 7白 10目 3～11局] [0.001528 9黒 10白 10目 1～2局] [0.000629 1黒 8白 11目 3～12局]
0.66,0.4958775,-0.004122499999999973,2000000,1,3,4,0.4958775,-0.004122499999999973,2000000,1,3,4,[0.160249 1黒 1白 1目 1～1局] [0.088246 1黒 1白 2目 2～3局] [0.011547 1黒 2白 2目 1～2局] [-0.004122 1黒 3白 4目 2～5局]
0.67,0.498969,-0.0010310000000000041,2000000,1,3,4,0.498969,-0.0010310000000000041,2000000,1,3,4,[0.169884 1黒 1白 1目 1～1局] [0.094785 1黒 1白 2目 2～3局] [0.021270 1黒 2白 2目 1～2局] [-0.001031 1黒 3白 4目 2～5局]
0.68,0.479415,-0.02058500000000002,2000000,1,5,6,0.479415,-0.02058500000000002,2000000,1,5,6,[0.179630 1黒 1白 1目 1～1局] [0.101503 1黒 1白 2目 2～3局] [0.031977 1黒 2白 2目 1～2局] [0.031644 2黒 3白 3目 1～2局] [0.002120 1黒 3白 4目 2～5局] [-0.020585 1黒 5白 6目 2～7局]
0.69,0.4723275,-0.02767249999999999,2000000,1,3,3,0.4723275,-0.02767249999999999,2000000,1,3,3,[0.190662 1黒 1白 1目 1～1局] [0.108670 1黒 1白 2目 2～3局] [0.042391 1黒 2白 2目 1～2局] [0.037837 1黒 2白 3目 2～4局] [-0.027672 1黒 3白 3目 1～3局]
0.7,0.481181,-0.018818999999999975,2000000,1,3,3,0.481181,-0.018818999999999975,2000000,1,3,3,[0.199811 1黒 1白 1目 1～1局] [0.115493 1黒 1白 2目 2～3局] [0.052829 1黒 2白 2目 1～2局] [0.043497 1黒 2白 3目 2～4局] [-0.018819 1黒 3白 3目 1～3局]
0.71,0.4903985,-0.009601499999999985,2000000,1,3,3,0.4903985,-0.009601499999999985,2000000,1,3,3,[0.210524 1黒 1白 1目 1～1局] [0.123846 1黒 1白 2目 2～3局] [0.063777 1黒 2白 2目 1～2局] [0.049843 1黒 2白 3目 2～4局] [-0.009601 1黒 3白 3目 1～3局]
0.72,0.499865,-0.00013499999999999623,2000000,1,3,3,0.499865,-0.00013499999999999623,2000000,1,3,3,[0.219365 1黒 1白 1目 1～1局] [0.131404 1黒 1白 2目 2～3局] [0.074321 1黒 2白 2目 1～2局] [0.056029 1黒 2白 3目 2～4局] [-0.000135 1黒 3白 3目 1～3局]
0.73,0.49975,-0.00024999999999997247,2000000,1,4,5,0.49975,-0.00024999999999997247,2000000,1,4,5,[0.230082 1黒 1白 1目 1～1局] [0.139807 1黒 1白 2目 2～3局] [0.086279 1黒 2白 2目 1～2局] [0.062563 1黒 2白 3目 2～4局] [0.009486 1黒 3白 3目 1～3局] [-0.000250 1黒 4白 5目 2～6局]
0.74,0.4841835,-0.01581650000000001,2000000,1,6,7,0.4841835,-0.01581650000000001,2000000,1,6,7,[0.239505 1黒 1白 1目 1～1局] [0.147026 1黒 1白 2目 2～3局] [0.098066 1黒 2白 2目 1～2局] [0.069519 1黒 2白 3目 2～4局] [0.019608 1黒 3白 3目 1～3局] [0.003710 1黒 4白 5目 2～6局] [0.033783 1黒 3白 7目 3～9局] [0.033005 1黒 4白 7目 3～8局] [0.019015 1黒 5白 7目 3～8局] [-0.015817 1黒 6白 7目 2～8局]
0.75,0.485683,-0.014317000000000024,2000000,1,4,4,0.485683,-0.014317000000000024,2000000,1,4,4,[0.249712 1黒 1白 1目 1～1局] [0.156223 1黒 1白 2目 2～3局] [0.109327 1黒 2白 2目 1～2局] [0.077079 1黒 2白 3目 2～4局] [0.030302 1黒 3白 3目 1～3局] [-0.014317 1黒 4白 4目 1～4局]
0.76,0.4951205,-0.004879499999999981,2000000,1,4,4,0.4951205,-0.004879499999999981,2000000,1,4,4,[0.259411 1黒 1白 1目 1～1局] [0.165033 1黒 1白 2目 2～3局] [0.121112 1黒 2白 2目 1～2局] [0.084960 1黒 2白 3目 2～4局] [0.040852 1黒 3白 3目 1～3局] [0.038534 1黒 3白 4目 2～5局] [-0.004879 1黒 4白 4目 1～4局]
0.77,0.44956,-0.050439999999999985,2000000,1,7,7,0.44956,-0.050439999999999985,2000000,1,7,7,[0.270185 1黒 1白 1目 1～1局] [0.174501 1黒 1白 2目 2～3局] [0.133035 1黒 2白 2目 1～2局] [0.130243 1黒 1白 3目 3～5局] [0.093556 1黒 2白 3目 2～4局] [0.053512 1黒 3白 3目 1～3局] [0.045404 1黒 3白 4目 2～5局] [0.004441 1黒 4白 4目 1～4局] [0.000336 1黒 5白 6目 2～7局] [-0.050440 1黒 7白 7目 1～7局]
0.78,0.4847325,-0.01526749999999999,2000000,1,5,5,0.4847325,-0.01526749999999999,2000000,1,5,5,[0.280041 1黒 1白 1目 1～1局] [0.183809 1黒 1白 2目 2～3局] [0.146232 1黒 2白 2目 1～2局] [0.137425 1黒 1白 3目 3～5局] [0.102843 1黒 2白 3目 2～4局] [0.064334 1黒 3白 3目 1～3局] [0.052639 1黒 3白 4目 2～5局] [0.015393 1黒 4白 4目 1～4局] [-0.015267 1黒 5白 5目 1～5局]
0.79,0.49394,-0.00606000000000001,2000000,1,5,5,0.49394,-0.00606000000000001,2000000,1,5,5,[0.290034 1黒 1白 1目 1～1局] [0.194136 1黒 1白 2目 2～3局] [0.158652 1黒 2白 2目 1～2局] [0.145663 1黒 1白 3目 3～5局] [0.112285 1黒 2白 3目 2～4局] [0.078046 1黒 3白 3目 1～3局] [0.060791 1黒 3白 4目 2～5局] [0.026426 1黒 4白 4目 1～4局] [-0.006060 1黒 5白 5目 1～5局]
0.8,0.4923255,-0.007674499999999973,2000000,1,7,8,0.4923255,-0.007674499999999973,2000000,1,7,8,[0.299833 1黒 1白 1目 1～1局] [0.204145 1黒 1白 2目 2～3局] [0.171961 1黒 2白 2目 1～2局] [0.153957 1黒 1白 3目 3～5局] [0.121255 1黒 2白 3目 2～4局] [0.089913 1黒 3白 3目 1～3局] [0.069821 1黒 3白 4目 2～5局] [0.038145 1黒 4白 4目 1～4局] [0.036303 1黒 4白 5目 2～6局] [0.003731 1黒 5白 5目 1～5局] [0.051002 1黒 4白 7目 3～8局] [0.031089 1黒 5白 7目 3～8局] [0.000595 1黒 6白 7目 2～8局] [0.204074 5黒 6白 8目 2～3局] [0.203827 6黒 6白 8目 2～3局] [-0.007674 1黒 7白 8目 2～9局]
0.81,0.4911055,-0.008894500000000027,2000000,1,6,6,0.4911055,-0.008894500000000027,2000000,1,6,6,[0.310191 1黒 1白 1目 1～1局] [0.214614 1黒 1白 2目 2～3局] [0.185631 1黒 2白 2目 1～2局] [0.163098 1黒 1白 3目 3～5局] [0.132886 1黒 2白 3目 2～4局] [0.103781 1黒 3白 3目 1～3局] [0.079101 1黒 3白 4目 2～5局] [0.050267 1黒 4白 4目 1～4局] [0.044072 1黒 4白 5目 2～6局] [0.014706 1黒 5白 5目 1～5局] [-0.008895 1黒 6白 6目 1～6局]
0.82,0.4924835,-0.0075164999999999815,2000000,1,8,9,0.4924835,-0.0075164999999999815,2000000,1,8,9,[0.319755 1黒 1白 1目 1～1局] [0.225300 1黒 1白 2目 2～3局] [0.198986 1黒 2白 2目 1～2局] [0.172979 1黒 1白 3目 3～5局] [0.144427 1黒 2白 3目 2～4局] [0.117314 1黒 3白 3目 1～3局] [0.117271 1黒 2白 4目 3～5局] [0.089814 1黒 3白 4目 2～5局] [0.063277 1黒 4白 4目 1～4局] [0.052592 1黒 4白 5目 2～6局] [0.026407 1黒 5白 5目 1～5局] [0.001324 1黒 6白 6目 1～6局] [0.199090 6黒 7白 7目 1～2局] [0.089621 1黒 1白 8目 8～15局] [0.076872 1黒 2白 8目 5～11局] [0.066137 1黒 3白 8目 4～10局] [0.058999 1黒 4白 8目 3～9局] [0.048596 1黒 5白 8目 3～9局] [0.027800 1黒 6白 8目 3～9局] [0.000283 1黒 7白 8目 2～9局] [0.019859 1黒 7白 9目 3～10局] [-0.007516 1黒 8白 9目 2～10局]
0.83,0.493481,-0.006518999999999997,2000000,1,7,7,0.493481,-0.006518999999999997,2000000,1,7,7,[0.330001 1黒 1白 1目 1～1局] [0.236665 1黒 1白 2目 2～3局] [0.212869 1黒 2白 2目 1～2局] [0.182975 1黒 1白 3目 3～5局] [0.156030 1黒 2白 3目 2～4局] [0.131895 1黒 3白 3目 1～3局] [0.126890 1黒 2白 4目 3～5局] [0.100822 1黒 3白 4目 2～5局] [0.076921 1黒 4白 4目 1～4局] [0.061928 1黒 4白 5目 2～6局] [0.037698 1黒 5白 5目 1～5局] [0.036261 1黒 5白 6目 2～7局] [0.011629 1黒 6白 6目 1～6局] [-0.006519 1黒 7白 7目 1～7局]
0.84,0.4904795,-0.009520499999999987,2000000,1,8,8,0.4904795,-0.009520499999999987,2000000,1,8,8,[0.340069 1黒 1白 1目 1～1局] [0.248814 1黒 1白 2目 2～3局] [0.226993 1黒 2白 2目 1～2局] [0.194630 1黒 1白 3目 3～5局] [0.168909 1黒 2白 3目 2～4局] [0.147235 1黒 3白 3目 1～3局] [0.137114 1黒 2白 4目 3～5局] [0.113193 1黒 3白 4目 2～5局] [0.091271 1黒 4白 4目 1～4局] [0.072601 1黒 4白 5目 2～6局] [0.051237 1黒 5白 5目 1～5局] [0.045217 1黒 5白 6目 2～7局] [0.023775 1黒 6白 6目 1～6局] [0.004173 1黒 7白 7目 1～7局] [0.248669 6黒 7白 8目 2～3局] [-0.009520 1黒 8白 8目 1～8局]
0.85,0.4996535,-0.00034650000000002734,2000000,1,8,8,0.4996535,-0.00034650000000002734,2000000,1,8,8,[0.350308 1黒 1白 1目 1～1局] [0.260783 1黒 1白 2目 2～3局] [0.241482 1黒 2白 2目 1～2局] [0.205407 1黒 1白 3目 3～5局] [0.182751 1黒 2白 3目 2～4局] [0.163242 1黒 3白 3目 1～3局] [0.148992 1黒 2白 4目 3～5局] [0.125757 1黒 3白 4目 2～5局] [0.106890 1黒 4白 4目 1～4局] [0.084975 1黒 4白 5目 2～6局] [0.066616 1黒 5白 5目 1～5局] [0.056139 1黒 5白 6目 2～7局] [0.036385 1黒 6白 6目 1～6局] [0.034484 1黒 6白 7目 2～8局] [0.014822 1黒 7白 7目 1～7局] [0.260535 6黒 7白 8目 2～3局] [-0.000347 1黒 8白 8目 1～8局]
0.86,0.498471,-0.0015290000000000026,2000000,1,9,9,0.498471,-0.0015290000000000026,2000000,1,9,9,[0.359699 1黒 1白 1目 1～1局] [0.272859 1黒 1白 2目 2～3局] [0.256215 1黒 2白 2目 1～2局] [0.218004 1黒 1白 3目 3～5局] [0.196830 1黒 2白 3目 2～4局] [0.179596 1黒 3白 3目 1～3局] [0.161383 1黒 2白 4目 3～5局] [0.139815 1黒 3白 4目 2～5局] [0.123249 1黒 4白 4目 1～4局] [0.119217 1黒 3白 5目 3～6局] [0.097669 1黒 4白 5目 2～6局] [0.081260 1黒 5白 5目 1～5局] [0.067213 1黒 5白 6目 2～7局] [0.050551 1黒 6白 6目 1～6局] [0.044330 1黒 6白 7目 2～8局] [0.027489 1黒 7白 7目 1～7局] [0.027418 1黒 7白 8目 2～9局] [0.010830 1黒 8白 8目 1～8局] [0.196999 4黒 7白 9目 2～4局] [0.014716 1黒 8白 9目 2～10局] [-0.001529 1黒 9白 9目 1～9局]
0.87,0.4986445,-0.0013555000000000095,2000000,1,10,10,0.4986445,-0.0013555000000000095,2000000,1,10,10,[0.370204 1黒 1白 1目 1～1局] [0.286285 1黒 1白 2目 2～3局] [0.272008 1黒 2白 2目 1～2局] [0.231488 1黒 1白 3目 3～5局] [0.211485 1黒 2白 3目 2～4局] [0.197492 1黒 3白 3目 1～3局] [0.193864 1黒 1白 4目 4～7局] [0.174250 1黒 2白 4目 3～5局] [0.155564 1黒 3白 4目 2～5局] [0.140876 1黒 4白 4目 1～4局] [0.132170 1黒 3白 5目 3～6局] [0.112193 1黒 4白 5目 2～6局] [0.097661 1黒 5白 5目 1～5局] [0.080292 1黒 5白 6目 2～7局] [0.065512 1黒 6白 6目 1～6局] [0.055941 1黒 6白 7目 2～8局] [0.040764 1黒 7白 7目 1～7局] [0.037042 1黒 7白 8目 2～9局] [0.021941 1黒 8白 8目 1～8局] [0.023687 1黒 8白 9目 2～10局] [0.009293 1黒 9白 9目 1～9局] [0.031636 1黒 8白 10目 3～11局] [0.012269 1黒 9白 10目 2～11局] [-0.001356 1黒 10白 10目 1～10局]
0.88,0.5221385,0.02213849999999995,2000000,1,9,10,0.5221385,0.02213849999999995,2000000,1,9,10,[0.380074 1黒 1白 1目 1～1局] [0.299621 1黒 1白 2目 2～3局] [0.286470 1黒 2白 2目 1～2局] [0.244390 1黒 1白 3目 3～5局] [0.227795 1黒 2白 3目 2～4局] [0.214121 1黒 3白 3目 1～3局] [0.206851 1黒 1白 4目 4～7局] [0.188709 1黒 2白 4目 3～5局] [0.172129 1黒 3白 4目 2～5局] [0.159229 1黒 4白 4目 1～4局] [0.145733 1黒 3白 5目 3～6局] [0.128949 1黒 4白 5目 2～6局] [0.116266 1黒 5白 5目 1～5局] [0.111861 1黒 4白 6目 3～7局] [0.095082 1黒 5白 6目 2～7局] [0.083155 1黒 6白 6目 1～6局] [0.069882 1黒 6白 7目 2～8局] [0.057150 1黒 7白 7目 1～7局] [0.049160 1黒 7白 8目 2～9局] [0.036747 1黒 8白 8目 1～8局] [0.227445 4黒 7白 9目 2～4局] [0.034346 1黒 8白 9目 2～10局] [0.021598 1黒 9白 9目 1～9局] [0.039367 1黒 8白 10目 3～11局] [0.022138 1黒 9白 10目 2～11局]
0.89,0.66162,0.16161999999999999,2000000,1,9,9,0.66162,0.16161999999999999,2000000,2,7,10,[0.389907 1黒 1白 1目 1～1局] [0.314106 1黒 1白 2目 2～3局] [0.302800 1黒 2白 2目 1～2局] [0.260064 1黒 1白 3目 3～5局] [0.244488 1黒 2白 3目 2～4局] [0.233922 1黒 3白 3目 1～3局] [0.220933 1黒 1白 4目 4～7局] [0.204596 1黒 2白 4目 3～5局] [0.189882 1黒 3白 4目 2～5局] [0.179638 1黒 4白 4目 1～4局] [0.177002 1黒 2白 5目 3～7局] [0.161933 1黒 3白 5目 3～6局] [0.146567 1黒 4白 5目 2～6局] [0.135857 1黒 5白 5目 1～5局] [0.127251 1黒 4白 6目 3～7局] [0.111872 1黒 5白 6目 2～7局] [0.101905 1黒 6白 6目 1～6局] [0.099664 1黒 5白 7目 3～8局] [0.085224 1黒 6白 7目 2～8局] [0.074000 1黒 7白 7目 1～7局] [0.063756 1黒 7白 8目 2～9局] [0.052391 1黒 8白 8目 1～8局] [0.244528 4黒 7白 9目 2～4局] [0.046024 1黒 8白 9目 2～10局] [0.034962 1黒 9白 9目 1～9局]
0.9,0.553076,0.05307600000000001,2000000,1,9,9,0.553076,0.05307600000000001,2000000,1,9,9,[0.400042 1黒 1白 1目 1～1局] [0.328148 1黒 1白 2目 2～3局] [0.318820 1黒 2白 2目 1～2局] [0.275897 1黒 1白 3目 3～5局] [0.262321 1黒 2白 3目 2～4局] [0.253420 1黒 3白 3目 1～3局] [0.236521 1黒 1白 4目 4～7局] [0.222467 1黒 2白 4目 3～5局] [0.209691 1黒 3白 4目 2～5局] [0.200243 1黒 4白 4目 1～4局] [0.192435 1黒 2白 5目 3～7局] [0.179562 1黒 3白 5目 3～6局] [0.166319 1黒 4白 5目 2～6局] [0.156768 1黒 5白 5目 1～5局] [0.143746 1黒 4白 6目 3～7局] [0.131614 1黒 5白 6目 2～7局] [0.122024 1黒 6白 6目 1～6局] [0.115953 1黒 5白 7目 3～8局] [0.103152 1黒 6白 7目 2～8局] [0.093951 1黒 7白 7目 1～7局] [0.093623 1黒 6白 8目 3～9局] [0.080201 1黒 7白 8目 2～9局] [0.071192 1黒 8白 8目 1～8局] [0.261828 4黒 7白 9目 2～4局] [0.061725 1黒 8白 9目 2～10局] [0.053076 1黒 9白 9目 1～9局]
0.91,0.579974,0.07997399999999999,2000000,1,8,9,0.579974,0.07997399999999999,2000000,1,8,9,[0.409824 1黒 1白 1目 1～1局] [0.343209 1黒 1白 2目 2～3局] [0.335386 1黒 2白 2目 1～2局] [0.291914 1黒 1白 3目 3～5局] [0.281610 1黒 2白 3目 2～4局] [0.273758 1黒 3白 3目 1～3局] [0.253113 1黒 1白 4目 4～7局] [0.241283 1黒 2白 4目 3～5局] [0.230248 1黒 3白 4目 2～5局] [0.223438 1黒 4白 4目 1～4局] [0.223275 1黒 1白 5目 5～9局] [0.210865 1黒 2白 5目 3～7局] [0.198817 1黒 3白 5目 3～6局] [0.187974 1黒 4白 5目 2～6局] [0.180020 1黒 5白 5目 1～5局] [0.176261 1黒 3白 6目 3～7局] [0.163261 1黒 4白 6目 3～7局] [0.152126 1黒 5白 6目 2～7局] [0.144783 1黒 6白 6目 1～6局] [0.134282 1黒 5白 7目 3～8局] [0.123297 1黒 6白 7目 2～8局] [0.116018 1黒 7白 7目 1～7局] [0.110408 1黒 6白 8目 3～9局] [0.098567 1黒 7白 8目 2～9局] [0.092078 1黒 8白 8目 1～8局] [0.090645 1黒 7白 9目 3～10局] [0.079974 1黒 8白 9目 2～10局]
0.92,0.609692,0.10969200000000001,2000000,1,7,9,0.609692,0.10969200000000001,2000000,1,7,9,[0.419824 1黒 1白 1目 1～1局] [0.358173 1黒 1白 2目 2～3局] [0.352241 1黒 2白 2目 1～2局] [0.309755 1黒 1白 3目 3～5局] [0.300873 1黒 2白 3目 2～4局] [0.294886 1黒 3白 3目 1～3局] [0.272386 1黒 1白 4目 4～7局] [0.260988 1黒 2白 4目 3～5局] [0.252270 1黒 3白 4目 2～5局] [0.245887 1黒 4白 4目 1～4局] [0.241954 1黒 1白 5目 5～9局] [0.230952 1黒 2白 5目 3～7局] [0.220587 1黒 3白 5目 3～6局] [0.211190 1黒 4白 5目 2～6局] [0.205300 1黒 5白 5目 1～5局] [0.196375 1黒 3白 6目 3～7局] [0.185347 1黒 4白 6目 3～7局] [0.176196 1黒 5白 6目 2～7局] [0.170790 1黒 6白 6目 1～6局] [0.166041 1黒 4白 7目 3～8局] [0.155987 1黒 5白 7目 3～8局] [0.147216 1黒 6白 7目 2～8局] [0.140509 1黒 7白 7目 1～7局] [0.131221 1黒 6白 8目 3～9局] [0.122212 1黒 7白 8目 2～9局] [0.116420 1黒 8白 8目 1～8局] [0.109692 1黒 7白 9目 3～10局]
0.93,0.648631,0.14863099999999996,2000000,1,7,8,0.648631,0.14863099999999996,2000000,1,7,8,[0.429934 1黒 1白 1目 1～1局] [0.374514 1黒 1白 2目 2～3局] [0.369131 1黒 2白 2目 1～2局] [0.329415 1黒 1白 3目 3～5局] [0.321581 1黒 2白 3目 2～4局] [0.317565 1黒 3白 3目 1～3局] [0.292624 1黒 1白 4目 4～7局] [0.283748 1黒 2白 4目 3～5局] [0.275684 1黒 3白 4目 2～5局] [0.271298 1黒 4白 4目 1～4局] [0.262298 1黒 1白 5目 5～9局] [0.253247 1黒 2白 5目 3～7局] [0.244063 1黒 3白 5目 3～6局] [0.236649 1黒 4白 5目 2～6局] [0.232681 1黒 5白 5目 1～5局] [0.228581 1黒 2白 6目 4～8局] [0.219427 1黒 3白 6目 3～7局] [0.209950 1黒 4白 6目 3～7局] [0.203044 1黒 5白 6目 2～7局] [0.198599 1黒 6白 6目 1～6局] [0.190132 1黒 4白 7目 3～8局] [0.180747 1黒 5白 7目 3～8局] [0.173710 1黒 6白 7目 2～8局] [0.169660 1黒 7白 7目 1～7局] [0.164867 1黒 5白 8目 3～9局] [0.156761 1黒 6白 8目 3～9局] [0.148631 1黒 7白 8目 2～9局]
0.94,0.7011315,0.20113150000000002,2000000,1,7,7,0.7011315,0.20113150000000002,2000000,1,7,7,[0.439949 1黒 1白 1目 1～1局] [0.390366 1黒 1白 2目 2～3局] [0.387108 1黒 2白 2目 1～2局] [0.348874 1黒 1白 3目 3～5局] [0.343469 1黒 2白 3目 2～4局] [0.339873 1黒 3白 3目 1～3局] [0.314928 1黒 1白 4目 4～7局] [0.307864 1黒 2白 4目 3～5局] [0.302017 1黒 3白 4目 2～5局] [0.298750 1黒 4白 4目 1～4局] [0.285773 1黒 1白 5目 5～9局] [0.277791 1黒 2白 5目 3～7局] [0.270916 1黒 3白 5目 3～6局] [0.265498 1黒 4白 5目 2～6局] [0.262310 1黒 5白 5目 1～5局] [0.261466 1黒 1白 6目 6～11局] [0.253274 1黒 2白 6目 4～8局] [0.245343 1黒 3白 6目 3～7局] [0.239396 1黒 4白 6目 3～7局] [0.233096 1黒 5白 6目 2～7局] [0.229519 1黒 6白 6目 1～6局] [0.225213 1黒 3白 7目 3～9局] [0.217271 1黒 4白 7目 3～8局] [0.210523 1黒 5白 7目 3～8局] [0.204842 1黒 6白 7目 2～8局] [0.201132 1黒 7白 7目 1～7局]
0.95,0.7394435,0.23944350000000003,2000000,1,6,7,0.7394435,0.23944350000000003,2000000,1,6,7,[0.449796 1黒 1白 1目 1～1局] [0.407331 1黒 1白 2目 2～3局] [0.405046 1黒 2白 2目 1～2局] [0.370348 1黒 1白 3目 3～5局] [0.366528 1黒 2白 3目 2～4局] [0.364347 1黒 3白 3目 1～3局] [0.338948 1黒 1白 4目 4～7局] [0.334217 1黒 2白 4目 3～5局] [0.329557 1黒 3白 4目 2～5局] [0.327185 1黒 4白 4目 1～4局] [0.311841 1黒 1白 5目 5～9局] [0.305724 1黒 2白 5目 3～7局] [0.300623 1黒 3白 5目 3～6局] [0.296960 1黒 4白 5目 2～6局] [0.294414 1黒 5白 5目 1～5局] [0.288551 1黒 1白 6目 6～11局] [0.281639 1黒 2白 6目 4～8局] [0.275444 1黒 3白 6目 3～7局] [0.270511 1黒 4白 6目 3～7局] [0.266899 1黒 5白 6目 2～7局] [0.263968 1黒 6白 6目 1～6局] [0.261490 1黒 2白 7目 5～10局] [0.254422 1黒 3白 7目 3～9局] [0.249145 1黒 4白 7目 3～8局] [0.244136 1黒 5白 7目 3～8局] [0.239444 1黒 6白 7目 2～8局]
0.96,0.779626,0.27962600000000004,2000000,1,6,7,0.779626,0.27962600000000004,2000000,1,6,7,[0.459973 1黒 1白 1目 1～1局] [0.424754 1黒 1白 2目 2～3局] [0.422770 1黒 2白 2目 1～2局] [0.393553 1黒 1白 3目 3～5局] [0.391144 1黒 2白 3目 2～4局] [0.389169 1黒 3白 3目 1～3局] [0.365912 1黒 1白 4目 4～7局] [0.362034 1黒 2白 4目 3～5局] [0.359402 1黒 3白 4目 2～5局] [0.358343 1黒 4白 4目 1～4局] [0.341243 1黒 1白 5目 5～9局] [0.336834 1黒 2白 5目 3～7局] [0.333418 1黒 3白 5目 3～6局] [0.330160 1黒 4白 5目 2～6局] [0.329235 1黒 5白 5目 1～5局] [0.319348 1黒 1白 6目 6～11局] [0.313830 1黒 2白 6目 4～8局] [0.310188 1黒 3白 6目 3～7局] [0.306985 1黒 4白 6目 3～7局] [0.304288 1黒 5白 6目 2～7局] [0.302373 1黒 6白 6目 1～6局] [0.299829 1黒 1白 7目 7～13局] [0.294691 1黒 2白 7目 5～10局] [0.290347 1黒 3白 7目 3～9局] [0.285912 1黒 4白 7目 3～8局] [0.281848 1黒 5白 7目 3～8局] [0.279626 1黒 6白 7目 2～8局]
0.97,0.817617,0.31761700000000004,2000000,1,2,8,0.817617,0.31761700000000004,2000000,1,2,8,[0.470029 1黒 1白 1目 1～1局] [0.442760 1黒 1白 2目 2～3局] [0.442122 1黒 2白 2目 1～2局] [0.417867 1黒 1白 3目 3～5局] [0.416249 1黒 2白 3目 2～4局] [0.415381 1黒 3白 3目 1～3局] [0.395158 1黒 1白 4目 4～7局] [0.393025 1黒 2白 4目 3～5局] [0.391234 1黒 3白 4目 2～5局] [0.390510 1黒 4白 4目 1～4局] [0.373802 1黒 1白 5目 5～9局] [0.371217 1黒 2白 5目 3～7局] [0.368671 1黒 3白 5目 3～6局] [0.367461 1黒 4白 5目 2～6局] [0.366874 1黒 5白 5目 1～5局] [0.355213 1黒 1白 6目 6～11局] [0.352109 1黒 2白 6目 4～8局] [0.349407 1黒 3白 6目 3～7局] [0.346758 1黒 4白 6目 3～7局] [0.345608 1黒 5白 6目 2～7局] [0.344835 1黒 6白 6目 1～6局] [0.337719 1黒 1白 7目 7～13局] [0.333870 1黒 2白 7目 5～10局] [0.331187 1黒 3白 7目 3～9局] [0.328376 1黒 4白 7目 3～8局] [0.326426 1黒 5白 7目 3～8局] [0.324604 1黒 6白 7目 2～8局] [0.323977 1黒 7白 7目 1～7局] [0.321523 1黒 1白 8目 8～15局] [0.317617 1黒 2白 8目 5～11局]
0.98,0.8469775,0.34697750000000005,2000000,1,7,9,0.8469775,0.34697750000000005,2000000,1,7,9,[0.479935 1黒 1白 1目 1～1局] [0.461364 1黒 1白 2目 2～3局] [0.460813 1黒 2白 2目 1～2局] [0.443453 1黒 1白 3目 3～5局] [0.442662 1黒 2白 3目 2～4局] [0.442306 1黒 3白 3目 1～3局] [0.426513 1黒 1白 4目 4～7局] [0.425863 1黒 2白 4目 3～5局] [0.425548 1黒 3白 4目 2～5局] [0.424751 1黒 4白 4目 1～4局] [0.411022 1黒 1白 5目 5～9局] [0.409493 1黒 2白 5目 3～7局] [0.408512 1黒 3白 5目 3～6局] [0.407969 1黒 4白 5目 2～6局] [0.407490 1黒 5白 5目 1～5局] [0.396039 1黒 1白 6目 6～11局] [0.395130 1黒 2白 6目 4～8局] [0.393328 1黒 3白 6目 3～7局] [0.392598 1黒 4白 6目 3～7局] [0.391914 1黒 5白 6目 2～7局] [0.391356 1黒 6白 6目 1～6局] [0.382332 1黒 1白 7目 7～13局] [0.380397 1黒 2白 7目 5～10局] [0.379154 1黒 3白 7目 3～9局] [0.378062 1黒 4白 7目 3～8局] [0.376310 1黒 5白 7目 3～8局] [0.375835 1黒 6白 7目 2～8局] [0.375645 1黒 7白 7目 1～7局] [0.368860 1黒 1白 8目 8～15局] [0.366902 1黒 2白 8目 5～11局] [0.365709 1黒 3白 8目 4～10局] [0.363969 1黒 4白 8目 3～9局] [0.362778 1黒 5白 8目 3～9局] [0.361740 1黒 6白 8目 3～9局] [0.360662 1黒 7白 8目 2～9局] [0.356649 1黒 1白 9目 9～17局] [0.354252 1黒 2白 9目 6～13局] [0.353043 1黒 3白 9目 5～11局] [0.351073 1黒 4白 9目 3～11局] [0.349421 1黒 5白 9目 3～10局] [0.348198 1黒 6白 9目 3～10局] [0.346978 1黒 7白 9目 3～10局]
0.99,0.8898175,0.38981750000000004,2000000,1,2,13,0.8898175,0.38981750000000004,2000000,1,2,13,[0.489938 1黒 1白 1目 1～1局] [0.480418 1黒 1白 2目 2～3局] [0.480337 1黒 2白 2目 1～2局] [0.470591 1黒 1白 3目 3～5局] [0.461700 1黒 1白 4目 4～7局] [0.461342 1黒 2白 4目 3～5局] [0.461121 1黒 3白 4目 2～5局] [0.452724 1黒 1白 5目 5～9局] [0.452273 1黒 2白 5目 3～7局] [0.451908 1黒 4白 5目 2～6局] [0.451834 1黒 5白 5目 1～5局] [0.444190 1黒 1白 6目 6～11局] [0.443875 1黒 2白 6目 4～8局] [0.443459 1黒 3白 6目 3～7局] [0.443317 1黒 4白 6目 3～7局] [0.443137 1黒 5白 6目 2～7局] [0.436303 1黒 1白 7目 7～13局] [0.435419 1黒 2白 7目 5～10局] [0.435381 1黒 3白 7目 3～9局] [0.434883 1黒 4白 7目 3～8局] [0.434101 1黒 5白 7目 3～8局] [0.434066 1黒 6白 7目 2～8局] [0.433925 1黒 7白 7目 1～7局] [0.427694 1黒 1白 8目 8～15局] [0.427307 1黒 2白 8目 5～11局] [0.427132 1黒 3白 8目 4～10局] [0.426396 1黒 4白 8目 3～9局] [0.425821 1黒 5白 8目 3～9局] [0.425073 1黒 7白 8目 2～9局] [0.420143 1黒 1白 9目 9～17局] [0.419065 1黒 2白 9目 6～13局] [0.418986 1黒 3白 9目 5～11局] [0.417987 1黒 4白 9目 3～11局] [0.417693 1黒 5白 9目 3～10局] [0.417323 1黒 6白 9目 3～10局] [0.417011 1黒 7白 9目 3～10局] [0.416975 1黒 8白 9目 2～10局] [0.416771 1黒 9白 9目 1～9局] [0.411952 1黒 1白 10目 10～19局] [0.411403 1黒 2白 10目 7～14局] [0.410785 1黒 3白 10目 5～13局] [0.410316 1黒 4白 10目 4～12局] [0.410161 1黒 5白 10目 3～11局] [0.409501 1黒 6白 10目 3～11局] [0.408984 1黒 7白 10目 3～11局] [0.408973 1黒 8白 10目 3～11局] [0.408350 1黒 9白 10目 2～11局] [0.404840 1黒 1白 11目 11～21局] [0.404379 1黒 2白 11目 7～16局] [0.403327 1黒 3白 11目 5～14局] [0.402408 1黒 4白 11目 5～13局] [0.402310 1黒 5白 11目 3～13局] [0.401728 1黒 6白 11目 3～12局] [0.401221 1黒 7白 11目 3～12局] [0.400760 1黒 8白 11目 3～12局] [0.400672 1黒 10白 11目 2～12局] [0.400406 1黒 11白 11目 1～11局] [0.397351 1黒 1白 12目 12～23局] [0.396686 1黒 2白 12目 8～17局] [0.396281 1黒 3白 12目 6～15局] [0.395122 1黒 4白 12目 5～14局] [0.394764 1黒 5白 12目 4～14局] [0.393536 1黒 6白 12目 3～13局] [0.393051 1黒 9白 12目 3～13局] [0.392331 1黒 10白 12目 3～13局] [0.392473 1黒 11白 12目 2～13局] [0.392317 1黒 12白 12目 1～12局] [0.390914 1黒 1白 13目 13～25局] [0.389818 1黒 2白 13目 9～19局]
