p,number_of_series,b_step,w_step,span,presentable,comment,process
0.5,2000000,1,1,1,《1黒 1白 1目 1～1局で＋０．０》,【完了】,[50.0354 ％（+0.0354） 1黒 1白 1目 1～1局] [50.0000 ％（+0.0000） 1黒 1白 2目 2～3局]
0.51,2000000,1,1,1,《1黒 1白 1目 1～1局で＋０．９》,【完了】,[50.9984 ％（+0.9984） 1黒 1白 1目 1～1局] [50.4878 ％（+0.4878） 1黒 1白 2目 2～3局] [50.4166 ％（+0.4166） 1黒 1白 3目 3～5局] [50.3154 ％（+0.3154） 1黒 1白 4目 4～7局] [50.2700 ％（+0.2700） 1黒 1白 5目 5～9局]
0.52,2000000,1,1,2,《1黒 1白 2目 2～3局で＋０．９》,【完了】,[52.0023 ％（+2.0023） 1黒 1白 1目 1～1局] [50.9610 ％（+0.9610） 1黒 1白 2目 2～3局] [50.7509 ％（+0.7509） 1黒 1白 3目 3～5局] [50.6068 ％（+0.6068） 1黒 1白 4目 4～7局] [50.5536 ％（+0.5536） 1黒 1白 5目 5～9局] [50.4648 ％（+0.4648） 1黒 1白 6目 6～11局] [50.4541 ％（+0.4541） 1黒 1白 7目 7～13局] [49.7323 ％（-0.2677） 2黒 3白 7目 3～6局]
0.53,2000000,1,1,4,《1黒 1白 4目 4～7局で＋０．９》,【完了】,[52.9891 ％（+2.9891） 1黒 1白 1目 1～1局] [51.4634 ％（+1.4634） 1黒 1白 2目 2～3局] [51.1154 ％（+1.1154） 1黒 1白 3目 3～5局] [50.9000 ％（+0.9000） 1黒 1白 4目 4～7局] [50.8312 ％（+0.8312） 1黒 1白 5目 5～9局] [50.6849 ％（+0.6849） 1黒 1白 6目 6～11局] [50.1218 ％（+0.1218） 2黒 3白 7目 3～6局]
0.54,2000000,1,1,6,《1黒 1白 6目 6～11局で＋０．９》,【完了】,[54.0278 ％（+4.0278） 1黒 1白 1目 1～1局] [52.0202 ％（+2.0202） 1黒 1白 2目 2～3局] [51.5030 ％（+1.5030） 1黒 1白 3目 3～5局] [51.2953 ％（+1.2953） 1黒 1白 4目 4～7局] [51.1274 ％（+1.1274） 1黒 1白 5目 5～9局] [50.9958 ％（+0.9958） 1黒 1白 6目 6～11局] [49.0629 ％（-0.9371） 2黒 3白 6目 3～4局]
0.55,2000000,1,2,3,《1黒 2白 3目 2～4局で＋１．６》,【〇十分】,[54.9485 ％（+4.9485） 1黒 1白 1目 1～1局] [52.4641 ％（+2.4641） 1黒 1白 2目 2～3局] [51.9541 ％（+1.9541） 1黒 1白 3目 3～5局] [48.3598 ％（-1.6402） 1黒 2白 3目 2～4局]
0.56,2000000,1,2,3,《1黒 2白 3目 2～4局で－１．２》,【〇十分】,[55.9998 ％（+5.9998） 1黒 1白 1目 1～1局] [53.0551 ％（+3.0551） 1黒 1白 2目 2～3局] [52.2498 ％（+2.2498） 1黒 1白 3目 3～5局] [48.7097 ％（-1.2903） 1黒 2白 3目 2～4局]
0.57,2000000,1,2,3,《1黒 2白 3目 2～4局で－０．９》,【完了】,[56.9766 ％（+6.9766） 1黒 1白 1目 1～1局] [53.5829 ％（+3.5829） 1黒 1白 2目 2～3局] [52.6834 ％（+2.6834） 1黒 1白 3目 3～5局] [49.0140 ％（-0.9860） 1黒 2白 3目 2～4局]
0.58,2000000,1,2,3,《1黒 2白 3目 2～4局で－０．５》,【完了】,[58.0681 ％（+8.0681） 1黒 1白 1目 1～1局] [54.0844 ％（+4.0844） 1黒 1白 2目 2～3局] [53.0373 ％（+3.0373） 1黒 1白 3目 3～5局] [49.4035 ％（-0.5965） 1黒 2白 3目 2～4局]
0.59,2000000,1,2,3,《1黒 2白 3目 2～4局で－０．３》,【完了】,[58.9621 ％（+8.9621） 1黒 1白 1目 1～1局] [54.6932 ％（+4.6932） 1黒 1白 2目 2～3局] [53.3835 ％（+3.3835） 1黒 1白 3目 3～5局] [49.6455 ％（-0.3545） 1黒 2白 3目 2～4局]
0.6,2000000,1,2,2,《1黒 2白 2目 1～2局で－４．３》,【▲不満】,[59.9819 ％（+9.9819） 1黒 1白 1目 1～1局] [55.2457 ％（+5.2457） 1黒 1白 2目 2～3局] [45.6622 ％（-4.3378） 1黒 2白 2目 1～2局]
0.61,2000000,1,2,2,《1黒 2白 2目 1～2局で－３．５》,【〇十分】,[61.0268 ％（+11.0268） 1黒 1白 1目 1～1局] [55.8712 ％（+5.8712） 1黒 1白 2目 2～3局] [46.4466 ％（-3.5534） 1黒 2白 2目 1～2局]
0.62,2000000,1,2,2,《1黒 2白 2目 1～2局で－２．５》,【〇十分】,[61.9946 ％（+11.9946） 1黒 1白 1目 1～1局] [56.3296 ％（+6.3296） 1黒 1白 2目 2～3局] [47.4355 ％（-2.5645） 1黒 2白 2目 1～2局]
0.63,2000000,1,2,2,《1黒 2白 2目 1～2局で－１．６》,【〇十分】,[62.9655 ％（+12.9655） 1黒 1白 1目 1～1局] [56.9921 ％（+6.9921） 1黒 1白 2目 2～3局] [48.3191 ％（-1.6809） 1黒 2白 2目 1～2局]
0.64,2000000,1,2,2,《1黒 2白 2目 1～2局で－０．７》,【完了】,[64.0509 ％（+14.0509） 1黒 1白 1目 1～1局] [57.5388 ％（+7.5388） 1黒 1白 2目 2～3局] [49.2628 ％（-0.7372） 1黒 2白 2目 1～2局]
0.65,2000000,1,2,2,《1黒 8白 11目 3～12局で＋０．０》,【完了】,[65.0135 ％（+15.0135） 1黒 1白 1目 1～1局] [58.1750 ％（+8.1750） 1黒 1白 2目 2～3局] [50.2652 ％（+0.2652） 1黒 2白 2目 1～2局] [50.0596 ％（+0.0596） 1黒 3白 8目 4～10局] [50.1726 ％（+0.1726） 1黒 6白 9目 3～10局] [50.1197 ％（+0.1197） 1黒 7白 10目 3～11局] [50.0629 ％（+0.0629） 1黒 8白 11目 3～12局]
0.66,2000000,1,2,2,《1黒 3白 4目 2～5局で－０．４》,【完了】,[66.0249 ％（+16.0249） 1黒 1白 1目 1～1局] [58.8246 ％（+8.8246） 1黒 1白 2目 2～3局] [51.1547 ％（+1.1547） 1黒 2白 2目 1～2局] [49.5878 ％（-0.4122） 1黒 3白 4目 2～5局]
0.67,2000000,1,2,2,《1黒 3白 4目 2～5局で４９％》,【５２％】,[66.9884 ％（+16.9884） 1黒 1白 1目 1～1局] [59.4785 ％（+9.4785） 1黒 1白 2目 2～3局] [52.1270 ％（+2.1270） 1黒 2白 2目 1～2局] [49.8969 ％（-0.1031） 1黒 3白 4目 2～5局]
0.68,2000000,1,3,4,,【十分５０％精度２桁２～５局】】,[67.9630 ％（+17.9630） 1黒 1白 1目 1～1局] [60.1503 ％（+10.1503） 1黒 1白 2目 2～3局] [53.1977 ％（+3.1977） 1黒 2白 2目 1～2局] [50.2120 ％（+0.2120） 1黒 3白 4目 2～5局] [47.9415 ％（-2.0585） 1黒 5白 6目 2～7局]
0.69,2000000,1,3,3,,【４７％】,[69.0662 ％（+19.0662） 1黒 1白 1目 1～1局] [60.8670 ％（+10.8670） 1黒 1白 2目 2～3局] [54.2391 ％（+4.2391） 1黒 2白 2目 1～2局] [53.7837 ％（+3.7837） 1黒 2白 3目 2～4局] [47.2328 ％（-2.7672） 1黒 3白 3目 1～3局]
0.7,2000000,1,3,3,,,[69.9811 ％（+19.9811） 1黒 1白 1目 1～1局] [61.5493 ％（+11.5493） 1黒 1白 2目 2～3局] [55.2829 ％（+5.2829） 1黒 2白 2目 1～2局] [54.3497 ％（+4.3497） 1黒 2白 3目 2～4局] [48.1181 ％（-1.8819） 1黒 3白 3目 1～3局]
0.71,2000000,1,3,3,,,[71.0524 ％（+21.0524） 1黒 1白 1目 1～1局] [62.3846 ％（+12.3846） 1黒 1白 2目 2～3局] [56.3777 ％（+6.3777） 1黒 2白 2目 1～2局] [54.9843 ％（+4.9843） 1黒 2白 3目 2～4局] [49.0399 ％（-0.9601） 1黒 3白 3目 1～3局]
0.72,2000000,1,3,3,,,[71.9365 ％（+21.9365） 1黒 1白 1目 1～1局] [63.1404 ％（+13.1404） 1黒 1白 2目 2～3局] [57.4321 ％（+7.4321） 1黒 2白 2目 1～2局] [55.6029 ％（+5.6029） 1黒 2白 3目 2～4局] [49.9865 ％（-0.0135） 1黒 3白 3目 1～3局]
0.73,2000000,1,3,3,,,[73.0082 ％（+23.0082） 1黒 1白 1目 1～1局] [63.9807 ％（+13.9807） 1黒 1白 2目 2～3局] [58.6279 ％（+8.6279） 1黒 2白 2目 1～2局] [56.2563 ％（+6.2563） 1黒 2白 3目 2～4局] [50.9486 ％（+0.9486） 1黒 3白 3目 1～3局] [49.9750 ％（-0.0250） 1黒 4白 5目 2～6局]
0.74,2000000,1,3,3,,,[73.9505 ％（+23.9505） 1黒 1白 1目 1～1局] [64.7026 ％（+14.7026） 1黒 1白 2目 2～3局] [59.8066 ％（+9.8066） 1黒 2白 2目 1～2局] [56.9519 ％（+6.9519） 1黒 2白 3目 2～4局] [51.9608 ％（+1.9608） 1黒 3白 3目 1～3局] [50.3710 ％（+0.3710） 1黒 4白 5目 2～6局] [53.3783 ％（+3.3783） 1黒 3白 7目 3～9局] [53.3005 ％（+3.3005） 1黒 4白 7目 3～8局] [48.4183 ％（-1.5817） 1黒 6白 7目 2～8局]
0.75,2000000,1,4,4,,,[74.9712 ％（+24.9712） 1黒 1白 1目 1～1局] [65.6223 ％（+15.6223） 1黒 1白 2目 2～3局] [60.9327 ％（+10.9327） 1黒 2白 2目 1～2局] [57.7079 ％（+7.7079） 1黒 2白 3目 2～4局] [53.0302 ％（+3.0302） 1黒 3白 3目 1～3局] [48.5683 ％（-1.4317） 1黒 4白 4目 1～4局]
0.76,2000000,1,4,4,,,[75.9411 ％（+25.9411） 1黒 1白 1目 1～1局] [66.5033 ％（+16.5033） 1黒 1白 2目 2～3局] [62.1112 ％（+12.1112） 1黒 2白 2目 1～2局] [58.4960 ％（+8.4960） 1黒 2白 3目 2～4局] [54.0852 ％（+4.0852） 1黒 3白 3目 1～3局] [53.8534 ％（+3.8534） 1黒 3白 4目 2～5局] [49.5121 ％（-0.4879） 1黒 4白 4目 1～4局]
0.77,2000000,1,4,4,,,[77.0185 ％（+27.0185） 1黒 1白 1目 1～1局] [67.4501 ％（+17.4501） 1黒 1白 2目 2～3局] [63.3035 ％（+13.3035） 1黒 2白 2目 1～2局] [63.0243 ％（+13.0243） 1黒 1白 3目 3～5局] [59.3556 ％（+9.3556） 1黒 2白 3目 2～4局] [55.3512 ％（+5.3512） 1黒 3白 3目 1～3局] [54.5404 ％（+4.5404） 1黒 3白 4目 2～5局] [50.4441 ％（+0.4441） 1黒 4白 4目 1～4局] [50.0336 ％（+0.0336） 1黒 5白 6目 2～7局] [44.9560 ％（-5.0440） 1黒 7白 7目 1～7局]
0.78,2000000,1,4,4,,,[78.0041 ％（+28.0041） 1黒 1白 1目 1～1局] [68.3809 ％（+18.3809） 1黒 1白 2目 2～3局] [64.6232 ％（+14.6232） 1黒 2白 2目 1～2局] [63.7425 ％（+13.7425） 1黒 1白 3目 3～5局] [60.2843 ％（+10.2843） 1黒 2白 3目 2～4局] [56.4334 ％（+6.4334） 1黒 3白 3目 1～3局] [55.2639 ％（+5.2639） 1黒 3白 4目 2～5局] [51.5393 ％（+1.5393） 1黒 4白 4目 1～4局] [48.4733 ％（-1.5267） 1黒 5白 5目 1～5局]
0.79,2000000,1,5,5,,,[79.0034 ％（+29.0034） 1黒 1白 1目 1～1局] [69.4136 ％（+19.4136） 1黒 1白 2目 2～3局] [65.8652 ％（+15.8652） 1黒 2白 2目 1～2局] [64.5663 ％（+14.5663） 1黒 1白 3目 3～5局] [61.2285 ％（+11.2285） 1黒 2白 3目 2～4局] [57.8046 ％（+7.8046） 1黒 3白 3目 1～3局] [56.0791 ％（+6.0791） 1黒 3白 4目 2～5局] [52.6426 ％（+2.6426） 1黒 4白 4目 1～4局] [49.3940 ％（-0.6060） 1黒 5白 5目 1～5局]
0.8,2000000,1,5,5,,,[79.9833 ％（+29.9833） 1黒 1白 1目 1～1局] [70.4145 ％（+20.4145） 1黒 1白 2目 2～3局] [67.1961 ％（+17.1961） 1黒 2白 2目 1～2局] [65.3957 ％（+15.3957） 1黒 1白 3目 3～5局] [62.1255 ％（+12.1255） 1黒 2白 3目 2～4局] [58.9913 ％（+8.9913） 1黒 3白 3目 1～3局] [56.9821 ％（+6.9821） 1黒 3白 4目 2～5局] [53.8145 ％（+3.8145） 1黒 4白 4目 1～4局] [53.6303 ％（+3.6303） 1黒 4白 5目 2～6局] [50.3731 ％（+0.3731） 1黒 5白 5目 1～5局] [55.1002 ％（+5.1002） 1黒 4白 7目 3～8局] [50.0595 ％（+0.0595） 1黒 6白 7目 2～8局] [49.2326 ％（-0.7674） 1黒 7白 8目 2～9局]
0.81,2000000,1,6,6,,,[81.0191 ％（+31.0191） 1黒 1白 1目 1～1局] [71.4614 ％（+21.4614） 1黒 1白 2目 2～3局] [68.5631 ％（+18.5631） 1黒 2白 2目 1～2局] [66.3098 ％（+16.3098） 1黒 1白 3目 3～5局] [63.2886 ％（+13.2886） 1黒 2白 3目 2～4局] [60.3781 ％（+10.3781） 1黒 3白 3目 1～3局] [57.9101 ％（+7.9101） 1黒 3白 4目 2～5局] [55.0267 ％（+5.0267） 1黒 4白 4目 1～4局] [54.4072 ％（+4.4072） 1黒 4白 5目 2～6局] [51.4706 ％（+1.4706） 1黒 5白 5目 1～5局] [49.1105 ％（-0.8895） 1黒 6白 6目 1～6局]
0.82,2000000,1,6,6,,,[81.9755 ％（+31.9755） 1黒 1白 1目 1～1局] [72.5300 ％（+22.5300） 1黒 1白 2目 2～3局] [69.8986 ％（+19.8986） 1黒 2白 2目 1～2局] [67.2979 ％（+17.2979） 1黒 1白 3目 3～5局] [64.4427 ％（+14.4427） 1黒 2白 3目 2～4局] [61.7314 ％（+11.7314） 1黒 3白 3目 1～3局] [58.9814 ％（+8.9814） 1黒 3白 4目 2～5局] [56.3277 ％（+6.3277） 1黒 4白 4目 1～4局] [55.2592 ％（+5.2592） 1黒 4白 5目 2～6局] [52.6407 ％（+2.6407） 1黒 5白 5目 1～5局] [50.1324 ％（+0.1324） 1黒 6白 6目 1～6局] [58.9621 ％（+8.9621） 1黒 1白 8目 8～15局] [57.6872 ％（+7.6872） 1黒 2白 8目 5～11局] [56.6137 ％（+6.6137） 1黒 3白 8目 4～10局] [55.8999 ％（+5.8999） 1黒 4白 8目 3～9局] [50.0283 ％（+0.0283） 1黒 7白 8目 2～9局] [51.9859 ％（+1.9859） 1黒 7白 9目 3～10局] [49.2484 ％（-0.7516） 1黒 8白 9目 2～10局]
0.83,2000000,1,7,7,,,[83.0001 ％（+33.0001） 1黒 1白 1目 1～1局] [73.6665 ％（+23.6665） 1黒 1白 2目 2～3局] [71.2869 ％（+21.2869） 1黒 2白 2目 1～2局] [68.2975 ％（+18.2975） 1黒 1白 3目 3～5局] [65.6030 ％（+15.6030） 1黒 2白 3目 2～4局] [63.1895 ％（+13.1895） 1黒 3白 3目 1～3局] [60.0822 ％（+10.0822） 1黒 3白 4目 2～5局] [57.6921 ％（+7.6921） 1黒 4白 4目 1～4局] [56.1928 ％（+6.1928） 1黒 4白 5目 2～6局] [53.7698 ％（+3.7698） 1黒 5白 5目 1～5局] [53.6261 ％（+3.6261） 1黒 5白 6目 2～7局] [51.1629 ％（+1.1629） 1黒 6白 6目 1～6局] [49.3481 ％（-0.6519） 1黒 7白 7目 1～7局]
0.84,2000000,1,7,7,,,[84.0069 ％（+34.0069） 1黒 1白 1目 1～1局] [74.8814 ％（+24.8814） 1黒 1白 2目 2～3局] [72.6993 ％（+22.6993） 1黒 2白 2目 1～2局] [69.4630 ％（+19.4630） 1黒 1白 3目 3～5局] [66.8909 ％（+16.8909） 1黒 2白 3目 2～4局] [64.7235 ％（+14.7235） 1黒 3白 3目 1～3局] [61.3193 ％（+11.3193） 1黒 3白 4目 2～5局] [59.1271 ％（+9.1271） 1黒 4白 4目 1～4局] [57.2601 ％（+7.2601） 1黒 4白 5目 2～6局] [55.1237 ％（+5.1237） 1黒 5白 5目 1～5局] [54.5217 ％（+4.5217） 1黒 5白 6目 2～7局] [52.3775 ％（+2.3775） 1黒 6白 6目 1～6局] [50.4173 ％（+0.4173） 1黒 7白 7目 1～7局] [49.0480 ％（-0.9520） 1黒 8白 8目 1～8局]
0.85,2000000,1,8,8,,,[85.0308 ％（+35.0308） 1黒 1白 1目 1～1局] [76.0783 ％（+26.0783） 1黒 1白 2目 2～3局] [74.1482 ％（+24.1482） 1黒 2白 2目 1～2局] [70.5407 ％（+20.5407） 1黒 1白 3目 3～5局] [68.2751 ％（+18.2751） 1黒 2白 3目 2～4局] [66.3242 ％（+16.3242） 1黒 3白 3目 1～3局] [62.5757 ％（+12.5757） 1黒 3白 4目 2～5局] [60.6890 ％（+10.6890） 1黒 4白 4目 1～4局] [58.4975 ％（+8.4975） 1黒 4白 5目 2～6局] [56.6616 ％（+6.6616） 1黒 5白 5目 1～5局] [55.6139 ％（+5.6139） 1黒 5白 6目 2～7局] [53.6385 ％（+3.6385） 1黒 6白 6目 1～6局] [53.4484 ％（+3.4484） 1黒 6白 7目 2～8局] [51.4822 ％（+1.4822） 1黒 7白 7目 1～7局] [49.9653 ％（-0.0347） 1黒 8白 8目 1～8局]
0.86,2000000,1,9,9,,,[85.9699 ％（+35.9699） 1黒 1白 1目 1～1局] [77.2859 ％（+27.2859） 1黒 1白 2目 2～3局] [75.6215 ％（+25.6215） 1黒 2白 2目 1～2局] [71.8004 ％（+21.8004） 1黒 1白 3目 3～5局] [69.6830 ％（+19.6830） 1黒 2白 3目 2～4局] [67.9596 ％（+17.9596） 1黒 3白 3目 1～3局] [63.9815 ％（+13.9815） 1黒 3白 4目 2～5局] [62.3249 ％（+12.3249） 1黒 4白 4目 1～4局] [61.9217 ％（+11.9217） 1黒 3白 5目 3～6局] [59.7669 ％（+9.7669） 1黒 4白 5目 2～6局] [58.1260 ％（+8.1260） 1黒 5白 5目 1～5局] [56.7213 ％（+6.7213） 1黒 5白 6目 2～7局] [55.0551 ％（+5.0551） 1黒 6白 6目 1～6局] [54.4330 ％（+4.4330） 1黒 6白 7目 2～8局] [52.7489 ％（+2.7489） 1黒 7白 7目 1～7局] [52.7418 ％（+2.7418） 1黒 7白 8目 2～9局] [51.0830 ％（+1.0830） 1黒 8白 8目 1～8局] [51.4716 ％（+1.4716） 1黒 8白 9目 2～10局] [49.8471 ％（-0.1529） 1黒 9白 9目 1～9局]
0.87,2000000,1,9,10,,【1黒 9白 10目 2～11局で＋１．２２】,[87.0204 ％（+37.0204） 1黒 1白 1目 1～1局] [78.6285 ％（+28.6285） 1黒 1白 2目 2～3局] [77.2008 ％（+27.2008） 1黒 2白 2目 1～2局] [73.1488 ％（+23.1488） 1黒 1白 3目 3～5局] [71.1485 ％（+21.1485） 1黒 2白 3目 2～4局] [69.7492 ％（+19.7492） 1黒 3白 3目 1～3局] [69.3864 ％（+19.3864） 1黒 1白 4目 4～7局] [65.5564 ％（+15.5564） 1黒 3白 4目 2～5局] [64.0876 ％（+14.0876） 1黒 4白 4目 1～4局] [63.2170 ％（+13.2170） 1黒 3白 5目 3～6局] [61.2193 ％（+11.2193） 1黒 4白 5目 2～6局] [59.7661 ％（+9.7661） 1黒 5白 5目 1～5局] [58.0292 ％（+8.0292） 1黒 5白 6目 2～7局] [56.5512 ％（+6.5512） 1黒 6白 6目 1～6局] [55.5941 ％（+5.5941） 1黒 6白 7目 2～8局] [54.0764 ％（+4.0764） 1黒 7白 7目 1～7局] [53.7042 ％（+3.7042） 1黒 7白 8目 2～9局] [52.1941 ％（+2.1941） 1黒 8白 8目 1～8局] [52.3687 ％（+2.3687） 1黒 8白 9目 2～10局] [50.9293 ％（+0.9293） 1黒 9白 9目 1～9局] [53.1636 ％（+3.1636） 1黒 8白 10目 3～11局] [51.2269 ％（+1.2269） 1黒 9白 10目 2～11局] [49.8644 ％（-0.1356） 1黒 10白 10目 1～10局]
0.88,2000000,1,12,13,,【1黒 12白 13目 2～14局で４９％】,[88.0074 ％（+38.0074） 1黒 1白 1目 1～1局] [79.9621 ％（+29.9621） 1黒 1白 2目 2～3局] [78.6470 ％（+28.6470） 1黒 2白 2目 1～2局] [74.4390 ％（+24.4390） 1黒 1白 3目 3～5局] [72.7795 ％（+22.7795） 1黒 2白 3目 2～4局] [71.4121 ％（+21.4121） 1黒 3白 3目 1～3局] [70.6851 ％（+20.6851） 1黒 1白 4目 4～7局] [67.2129 ％（+17.2129） 1黒 3白 4目 2～5局] [65.9229 ％（+15.9229） 1黒 4白 4目 1～4局] [64.5733 ％（+14.5733） 1黒 3白 5目 3～6局] [62.8949 ％（+12.8949） 1黒 4白 5目 2～6局] [61.6266 ％（+11.6266） 1黒 5白 5目 1～5局] [61.1861 ％（+11.1861） 1黒 4白 6目 3～7局] [59.5082 ％（+9.5082） 1黒 5白 6目 2～7局] [58.3155 ％（+8.3155） 1黒 6白 6目 1～6局] [56.9882 ％（+6.9882） 1黒 6白 7目 2～8局] [55.7150 ％（+5.7150） 1黒 7白 7目 1～7局] [54.9160 ％（+4.9160） 1黒 7白 8目 2～9局] [53.6747 ％（+3.6747） 1黒 8白 8目 1～8局] [53.4346 ％（+3.4346） 1黒 8白 9目 2～10局] [52.1598 ％（+2.1598） 1黒 9白 9目 1～9局] [53.9367 ％（+3.9367） 1黒 8白 10目 3～11局] [52.2138 ％（+2.2138） 1黒 9白 10目 2～11局] [50.9692 ％（+0.9692） 1黒 10白 10目 1～10局] [54.6123 ％（+4.6123） 1黒 8白 11目 3～12局] [51.1846 ％（+1.1846） 1黒 10白 11目 2～12局] [50.0331 ％（+0.0331） 1黒 11白 11目 1～11局] [56.3630 ％（+6.3630） 1黒 7白 12目 3～13局] [50.5526 ％（+0.5526） 1黒 11白 12目 2～13局] [57.1296 ％（+7.1296） 1黒 5白 13目 5～15局] [56.7563 ％（+6.7563） 1黒 6白 13目 3～15局] [56.4137 ％（+6.4137） 1黒 7白 13目 3～14局] [49.9912 ％（-0.0088） 1黒 12白 13目 2～14局]
0.89,2000000,1,12,13,,【1黒 12白 13目 2～14局で５０％】,[88.9907 ％（+38.9907） 1黒 1白 1目 1～1局] [81.4106 ％（+31.4106） 1黒 1白 2目 2～3局] [80.2800 ％（+30.2800） 1黒 2白 2目 1～2局] [76.0064 ％（+26.0064） 1黒 1白 3目 3～5局] [74.4488 ％（+24.4488） 1黒 2白 3目 2～4局] [73.3922 ％（+23.3922） 1黒 3白 3目 1～3局] [72.0933 ％（+22.0933） 1黒 1白 4目 4～7局] [68.9882 ％（+18.9882） 1黒 3白 4目 2～5局] [67.9638 ％（+17.9638） 1黒 4白 4目 1～4局] [67.7002 ％（+17.7002） 1黒 2白 5目 3～7局] [66.1933 ％（+16.1933） 1黒 3白 5目 3～6局] [64.6567 ％（+14.6567） 1黒 4白 5目 2～6局] [63.5857 ％（+13.5857） 1黒 5白 5目 1～5局] [61.1872 ％（+11.1872） 1黒 5白 6目 2～7局] [60.1905 ％（+10.1905） 1黒 6白 6目 1～6局] [59.9664 ％（+9.9664） 1黒 5白 7目 3～8局] [58.5224 ％（+8.5224） 1黒 6白 7目 2～8局] [57.4000 ％（+7.4000） 1黒 7白 7目 1～7局] [56.3756 ％（+6.3756） 1黒 7白 8目 2～9局] [55.2391 ％（+5.2391） 1黒 8白 8目 1～8局] [54.6024 ％（+4.6024） 1黒 8白 9目 2～10局] [53.4962 ％（+3.4962） 1黒 9白 9目 1～9局] [54.8602 ％（+4.8602） 1黒 8白 10目 3～11局] [53.2910 ％（+3.2910） 1黒 9白 10目 2～11局] [52.2432 ％（+2.2432） 1黒 10白 10目 1～10局] [55.2395 ％（+5.2395） 1黒 8白 11目 3～12局] [52.2100 ％（+2.2100） 1黒 10白 11目 2～12局] [51.2239 ％（+1.2239） 1黒 11白 11目 1～11局] [56.8324 ％（+6.8324） 1黒 7白 12目 3～13局] [51.4054 ％（+1.4054） 1黒 11白 12目 2～13局] [50.2934 ％（+0.2934） 1黒 12白 12目 1～12局] [56.9507 ％（+6.9507） 1黒 7白 13目 3～14局] [50.7157 ％（+0.7157） 1黒 12白 13目 2～14局] [49.6278 ％（-0.3722） 1黒 13白 13目 1～13局]
0.9,2000000,1,14,15,,【1黒 14白 15目 2～16局で５０％】,[90.0042 ％（+40.0042） 1黒 1白 1目 1～1局] [82.8148 ％（+32.8148） 1黒 1白 2目 2～3局] [81.8820 ％（+31.8820） 1黒 2白 2目 1～2局] [77.5897 ％（+27.5897） 1黒 1白 3目 3～5局] [76.2321 ％（+26.2321） 1黒 2白 3目 2～4局] [75.3420 ％（+25.3420） 1黒 3白 3目 1～3局] [73.6521 ％（+23.6521） 1黒 1白 4目 4～7局] [70.9691 ％（+20.9691） 1黒 3白 4目 2～5局] [70.0243 ％（+20.0243） 1黒 4白 4目 1～4局] [69.2435 ％（+19.2435） 1黒 2白 5目 3～7局] [67.9562 ％（+17.9562） 1黒 3白 5目 3～6局] [66.6319 ％（+16.6319） 1黒 4白 5目 2～6局] [65.6768 ％（+15.6768） 1黒 5白 5目 1～5局] [63.1614 ％（+13.1614） 1黒 5白 6目 2～7局] [62.2024 ％（+12.2024） 1黒 6白 6目 1～6局] [61.5953 ％（+11.5953） 1黒 5白 7目 3～8局] [60.3152 ％（+10.3152） 1黒 6白 7目 2～8局] [59.3951 ％（+9.3951） 1黒 7白 7目 1～7局] [59.3623 ％（+9.3623） 1黒 6白 8目 3～9局] [58.0201 ％（+8.0201） 1黒 7白 8目 2～9局] [57.1192 ％（+7.1192） 1黒 8白 8目 1～8局] [56.1725 ％（+6.1725） 1黒 8白 9目 2～10局] [55.3076 ％（+5.3076） 1黒 9白 9目 1～9局] [55.9820 ％（+5.9820） 1黒 8白 10目 3～11局] [54.6763 ％（+4.6763） 1黒 9白 10目 2～11局] [53.7887 ％（+3.7887） 1黒 10白 10目 1～10局] [56.1445 ％（+6.1445） 1黒 8白 11目 3～12局] [53.4233 ％（+3.4233） 1黒 10白 11目 2～12局] [52.5470 ％（+2.5470） 1黒 11白 11目 1～11局] [57.5205 ％（+7.5205） 1黒 7白 12目 3～13局] [52.4625 ％（+2.4625） 1黒 11白 12目 2～13局] [51.5607 ％（+1.5607） 1黒 12白 12目 1～12局] [57.5357 ％（+7.5357） 1黒 7白 13目 3～14局] [51.6625 ％（+1.6625） 1黒 12白 13目 2～14局] [50.7834 ％（+0.7834） 1黒 13白 13目 1～13局] [57.4784 ％（+7.4784） 1黒 7白 14目 3～15局] [51.0599 ％（+1.0599） 1黒 13白 14目 2～15局] [50.1262 ％（+0.1262） 1黒 14白 14目 1～14局] [57.3961 ％（+7.3961） 1黒 7白 15目 3～17局] [56.9661 ％（+6.9661） 1黒 8白 15目 3～16局] [50.5540 ％（+0.5540） 1黒 14白 15目 2～16局] [49.5906 ％（-0.4094） 1黒 15白 15目 1～15局]
0.91,2000000,1,15,15,,【1黒 15白 15目 1～15局で５０％】,[90.9824 ％（+40.9824） 1黒 1白 1目 1～1局] [84.3209 ％（+34.3209） 1黒 1白 2目 2～3局] [83.5386 ％（+33.5386） 1黒 2白 2目 1～2局] [79.1914 ％（+29.1914） 1黒 1白 3目 3～5局] [78.1610 ％（+28.1610） 1黒 2白 3目 2～4局] [77.3758 ％（+27.3758） 1黒 3白 3目 1～3局] [75.3113 ％（+25.3113） 1黒 1白 4目 4～7局] [73.0248 ％（+23.0248） 1黒 3白 4目 2～5局] [72.3438 ％（+22.3438） 1黒 4白 4目 1～4局] [72.3275 ％（+22.3275） 1黒 1白 5目 5～9局] [71.0865 ％（+21.0865） 1黒 2白 5目 3～7局] [69.8817 ％（+19.8817） 1黒 3白 5目 3～6局] [68.7974 ％（+18.7974） 1黒 4白 5目 2～6局] [68.0020 ％（+18.0020） 1黒 5白 5目 1～5局] [65.2126 ％（+15.2126） 1黒 5白 6目 2～7局] [64.4783 ％（+14.4783） 1黒 6白 6目 1～6局] [63.4282 ％（+13.4282） 1黒 5白 7目 3～8局] [62.3297 ％（+12.3297） 1黒 6白 7目 2～8局] [61.6018 ％（+11.6018） 1黒 7白 7目 1～7局] [61.0408 ％（+11.0408） 1黒 6白 8目 3～9局] [59.8567 ％（+9.8567） 1黒 7白 8目 2～9局] [59.2078 ％（+9.2078） 1黒 8白 8目 1～8局] [59.0645 ％（+9.0645） 1黒 7白 9目 3～10局] [57.9974 ％（+7.9974） 1黒 8白 9目 2～10局] [57.2293 ％（+7.2293） 1黒 9白 9目 1～9局] [57.3744 ％（+7.3744） 1黒 8白 10目 3～11局] [56.3595 ％（+6.3595） 1黒 9白 10目 2～11局] [55.6165 ％（+5.6165） 1黒 10白 10目 1～10局] [57.2746 ％（+7.2746） 1黒 8白 11目 3～12局] [54.9706 ％（+4.9706） 1黒 10白 11目 2～12局] [54.2267 ％（+4.2267） 1黒 11白 11目 1～11局] [58.3371 ％（+8.3371） 1黒 7白 12目 3～13局] [53.8423 ％（+3.8423） 1黒 11白 12目 2～13局] [53.0943 ％（+3.0943） 1黒 12白 12目 1～12局] [58.2673 ％（+8.2673） 1黒 7白 13目 3～14局] [52.8253 ％（+2.8253） 1黒 12白 13目 2～14局] [52.1180 ％（+2.1180） 1黒 13白 13目 1～13局] [58.2261 ％（+8.2261） 1黒 7白 14目 3～15局] [52.1635 ％（+2.1635） 1黒 13白 14目 2～15局] [51.3755 ％（+1.3755） 1黒 14白 14目 1～14局] [58.0171 ％（+8.0171） 1黒 7白 15目 3～17局] [57.4948 ％（+7.4948） 1黒 8白 15目 3～16局] [51.4401 ％（+1.4401） 1黒 14白 15目 2～16局] [50.7400 ％（+0.7400） 1黒 15白 15目 1～15局] [57.8506 ％（+7.8506） 1黒 7白 16目 4～18局] [50.9839 ％（+0.9839） 1黒 15白 16目 2～17局] [50.1747 ％（+0.1747） 1黒 16白 16目 1～16局] [57.6375 ％（+7.6375） 1黒 7白 17目 5～19局] [57.3588 ％（+7.3588） 1黒 8白 17目 3～19局] [57.1083 ％（+7.1083） 1黒 9白 17目 3～18局] [50.4617 ％（+0.4617） 1黒 16白 17目 2～18局] [49.7335 ％（-0.2665） 1黒 17白 17目 1～17局]
0.92,2000000,1,15,15,,【1黒 15白 15目 1～15局で５２％】,[91.9824 ％（+41.9824） 1黒 1白 1目 1～1局] [85.8173 ％（+35.8173） 1黒 1白 2目 2～3局] [85.2241 ％（+35.2241） 1黒 2白 2目 1～2局] [80.9755 ％（+30.9755） 1黒 1白 3目 3～5局] [80.0873 ％（+30.0873） 1黒 2白 3目 2～4局] [79.4886 ％（+29.4886） 1黒 3白 3目 1～3局] [77.2386 ％（+27.2386） 1黒 1白 4目 4～7局] [75.2270 ％（+25.2270） 1黒 3白 4目 2～5局] [74.5887 ％（+24.5887） 1黒 4白 4目 1～4局] [74.1954 ％（+24.1954） 1黒 1白 5目 5～9局] [73.0952 ％（+23.0952） 1黒 2白 5目 3～7局] [72.0587 ％（+22.0587） 1黒 3白 5目 3～6局] [71.1190 ％（+21.1190） 1黒 4白 5目 2～6局] [70.5300 ％（+20.5300） 1黒 5白 5目 1～5局] [67.6196 ％（+17.6196） 1黒 5白 6目 2～7局] [67.0790 ％（+17.0790） 1黒 6白 6目 1～6局] [66.6041 ％（+16.6041） 1黒 4白 7目 3～8局] [64.7216 ％（+14.7216） 1黒 6白 7目 2～8局] [64.0509 ％（+14.0509） 1黒 7白 7目 1～7局] [63.1221 ％（+13.1221） 1黒 6白 8目 3～9局] [62.2212 ％（+12.2212） 1黒 7白 8目 2～9局] [61.6420 ％（+11.6420） 1黒 8白 8目 1～8局] [60.9692 ％（+10.9692） 1黒 7白 9目 3～10局] [60.1148 ％（+10.1148） 1黒 8白 9目 2～10局] [59.5454 ％（+9.5454） 1黒 9白 9目 1～9局] [59.1840 ％（+9.1840） 1黒 8白 10目 3～11局] [58.2924 ％（+8.2924） 1黒 9白 10目 2～11局] [57.6807 ％（+7.6807） 1黒 10白 10目 1～10局] [58.7655 ％（+8.7655） 1黒 8白 11目 3～12局] [56.7977 ％（+6.7977） 1黒 10白 11目 2～12局] [56.2234 ％（+6.2234） 1黒 11白 11目 1～11局] [59.5947 ％（+9.5947） 1黒 7白 12目 3～13局] [55.6259 ％（+5.6259） 1黒 11白 12目 2～13局] [54.9789 ％（+4.9789） 1黒 12白 12目 1～12局] [59.2434 ％（+9.2434） 1黒 7白 13目 3～14局] [54.4403 ％（+4.4403） 1黒 12白 13目 2～14局] [53.8105 ％（+3.8105） 1黒 13白 13目 1～13局] [59.1377 ％（+9.1377） 1黒 7白 14目 3～15局] [53.5636 ％（+3.5636） 1黒 13白 14目 2～15局] [52.9690 ％（+2.9690） 1黒 14白 14目 1～14局] [58.9527 ％（+8.9527） 1黒 7白 15目 3～17局] [58.3434 ％（+8.3434） 1黒 8白 15目 3～16局] [52.7965 ％（+2.7965） 1黒 14白 15目 2～16局] [52.2003 ％（+2.2003） 1黒 15白 15目 1～15局] [58.8090 ％（+8.8090） 1黒 7白 16目 4～18局] [52.1281 ％（+2.1281） 1黒 15白 16目 2～17局] [51.4858 ％（+1.4858） 1黒 16白 16目 1～16局] [58.5212 ％（+8.5212） 1黒 7白 17目 5～19局] [58.2144 ％（+8.2144） 1黒 8白 17目 3～19局] [57.7087 ％（+7.7087） 1黒 9白 17目 3～18局] [51.5659 ％（+1.5659） 1黒 16白 17目 2～18局] [50.9839 ％（+0.9839） 1黒 17白 17目 1～17局] [58.6253 ％（+8.6253） 1黒 6白 18目 5～20局] [57.9489 ％（+7.9489） 1黒 8白 18目 4～20局] [51.1742 ％（+1.1742） 1黒 17白 18目 2～19局] [50.5168 ％（+0.5168） 1黒 18白 18目 1～18局] [58.3546 ％（+8.3546） 1黒 6白 19目 5～22局] [58.1013 ％（+8.1013） 1黒 7白 19目 5～21局] [57.5980 ％（+7.5980） 1黒 9白 19目 3～21局] [57.2506 ％（+7.2506） 1黒 10白 19目 3～20局] [50.6897 ％（+0.6897） 1黒 18白 19目 2～20局] [50.0410 ％（+0.0410） 1黒 19白 19目 1～19局] [58.1977 ％（+8.1977） 1黒 6白 20目 5～23局] [57.3938 ％（+7.3938） 1黒 9白 20目 4～22局] [50.3539 ％（+0.3539） 1黒 19白 20目 2～21局] [49.7675 ％（-0.2325） 1黒 20白 20目 1～20局]
0.93,2000000,1,14,14,,【1黒 14白 14目 1～14局で５４％】,[92.9934 ％（+42.9934） 1黒 1白 1目 1～1局] [87.4514 ％（+37.4514） 1黒 1白 2目 2～3局] [86.9131 ％（+36.9131） 1黒 2白 2目 1～2局] [82.9415 ％（+32.9415） 1黒 1白 3目 3～5局] [82.1581 ％（+32.1581） 1黒 2白 3目 2～4局] [81.7565 ％（+31.7565） 1黒 3白 3目 1～3局] [79.2624 ％（+29.2624） 1黒 1白 4目 4～7局] [77.5684 ％（+27.5684） 1黒 3白 4目 2～5局] [77.1298 ％（+27.1298） 1黒 4白 4目 1～4局] [76.2298 ％（+26.2298） 1黒 1白 5目 5～9局] [75.3247 ％（+25.3247） 1黒 2白 5目 3～7局] [74.4063 ％（+24.4063） 1黒 3白 5目 3～6局] [73.6649 ％（+23.6649） 1黒 4白 5目 2～6局] [73.2681 ％（+23.2681） 1黒 5白 5目 1～5局] [72.8581 ％（+22.8581） 1黒 2白 6目 4～8局] [70.3044 ％（+20.3044） 1黒 5白 6目 2～7局] [69.8599 ％（+19.8599） 1黒 6白 6目 1～6局] [69.0132 ％（+19.0132） 1黒 4白 7目 3～8局] [67.3710 ％（+17.3710） 1黒 6白 7目 2～8局] [66.9660 ％（+16.9660） 1黒 7白 7目 1～7局] [66.4867 ％（+16.4867） 1黒 5白 8目 3～9局] [64.8631 ％（+14.8631） 1黒 7白 8目 2～9局] [64.4650 ％（+14.4650） 1黒 8白 8目 1～8局] [64.2451 ％（+14.2451） 1黒 6白 9目 3～10局] [62.6436 ％（+12.6436） 1黒 8白 9目 2～10局] [62.2398 ％（+12.2398） 1黒 9白 9目 1～9局] [61.4938 ％（+11.4938） 1黒 8白 10目 3～11局] [60.8246 ％（+10.8246） 1黒 9白 10目 2～11局] [60.3353 ％（+10.3353） 1黒 10白 10目 1～10局] [60.7583 ％（+10.7583） 1黒 8白 11目 3～12局] [59.0650 ％（+9.0650） 1黒 10白 11目 2～12局] [58.7615 ％（+8.7615） 1黒 11白 11目 1～11局] [61.1424 ％（+11.1424） 1黒 7白 12目 3～13局] [57.6935 ％（+7.6935） 1黒 11白 12目 2～13局] [57.2457 ％（+7.2457） 1黒 12白 12目 1～12局] [60.7537 ％（+10.7537） 1黒 7白 13目 3～14局] [56.4820 ％（+6.4820） 1黒 12白 13目 2～14局] [56.0653 ％（+6.0653） 1黒 13白 13目 1～13局] [60.4330 ％（+10.4330） 1黒 7白 14目 3～15局] [55.4177 ％（+5.4177） 1黒 13白 14目 2～15局] [54.9730 ％（+4.9730） 1黒 14白 14目 1～14局] [60.0758 ％（+10.0758） 1黒 7白 15目 3～17局] [59.4762 ％（+9.4762） 1黒 8白 15目 3～16局] [54.5030 ％（+4.5030） 1黒 14白 15目 2～16局] [54.0504 ％（+4.0504） 1黒 15白 15目 1～15局] [59.8435 ％（+9.8435） 1黒 7白 16目 4～18局] [53.7265 ％（+3.7265） 1黒 15白 16目 2～17局] [53.2389 ％（+3.2389） 1黒 16白 16目 1～16局] [59.5561 ％（+9.5561） 1黒 7白 17目 5～19局] [59.1242 ％（+9.1242） 1黒 8白 17目 3～19局] [58.6035 ％（+8.6035） 1黒 9白 17目 3～18局] [53.0358 ％（+3.0358） 1黒 16白 17目 2～18局] [52.5545 ％（+2.5545） 1黒 17白 17目 1～17局] [59.6689 ％（+9.6689） 1黒 6白 18目 5～20局] [58.9568 ％（+8.9568） 1黒 8白 18目 4～20局] [52.4331 ％（+2.4331） 1黒 17白 18目 2～19局] [51.9470 ％（+1.9470） 1黒 18白 18目 1～18局] [59.4271 ％（+9.4271） 1黒 6白 19目 5～22局] [59.0030 ％（+9.0030） 1黒 7白 19目 5～21局] [58.4137 ％（+8.4137） 1黒 9白 19目 3～21局] [58.0062 ％（+8.0062） 1黒 10白 19目 3～20局] [51.9543 ％（+1.9543） 1黒 18白 19目 2～20局] [51.4333 ％（+1.4333） 1黒 19白 19目 1～19局] [59.2035 ％（+9.2035） 1黒 6白 20目 5～23局] [58.2967 ％（+8.2967） 1黒 9白 20目 4～22局] [51.5145 ％（+1.5145） 1黒 19白 20目 2～21局] [51.0099 ％（+1.0099） 1黒 20白 20目 1～20局] [58.8929 ％（+8.8929） 1黒 6白 21目 6～24局] [57.8553 ％（+7.8553） 1黒 10白 21目 3～23局] [57.6075 ％（+7.6075） 1黒 11白 21目 3～22局] [51.0925 ％（+1.0925） 1黒 20白 21目 2～22局] [50.6455 ％（+0.6455） 1黒 21白 21目 1～21局] [58.6923 ％（+8.6923） 1黒 6白 22目 7～25局] [58.3480 ％（+8.3480） 1黒 7白 22目 5～25局] [58.0758 ％（+8.0758） 1黒 8白 22目 5～24局]
0.94,2000000,1,14,14,,【1黒 14白 14目 1～14局で５７％】,[93.9949 ％（+43.9949） 1黒 1白 1目 1～1局] [89.0366 ％（+39.0366） 1黒 1白 2目 2～3局] [88.7108 ％（+38.7108） 1黒 2白 2目 1～2局] [84.8874 ％（+34.8874） 1黒 1白 3目 3～5局] [84.3469 ％（+34.3469） 1黒 2白 3目 2～4局] [83.9873 ％（+33.9873） 1黒 3白 3目 1～3局] [81.4928 ％（+31.4928） 1黒 1白 4目 4～7局] [80.2017 ％（+30.2017） 1黒 3白 4目 2～5局] [79.8750 ％（+29.8750） 1黒 4白 4目 1～4局] [78.5773 ％（+28.5773） 1黒 1白 5目 5～9局] [77.7791 ％（+27.7791） 1黒 2白 5目 3～7局] [77.0916 ％（+27.0916） 1黒 3白 5目 3～6局] [76.5498 ％（+26.5498） 1黒 4白 5目 2～6局] [76.2310 ％（+26.2310） 1黒 5白 5目 1～5局] [76.1466 ％（+26.1466） 1黒 1白 6目 6～11局] [75.3274 ％（+25.3274） 1黒 2白 6目 4～8局] [73.3096 ％（+23.3096） 1黒 5白 6目 2～7局] [72.9519 ％（+22.9519） 1黒 6白 6目 1～6局] [72.5213 ％（+22.5213） 1黒 3白 7目 3～9局] [71.7271 ％（+21.7271） 1黒 4白 7目 3～8局] [70.4842 ％（+20.4842） 1黒 6白 7目 2～8局] [70.1132 ％（+20.1132） 1黒 7白 7目 1～7局] [67.9438 ％（+17.9438） 1黒 7白 8目 2～9局] [67.5135 ％（+17.5135） 1黒 8白 8目 1～8局] [66.9867 ％（+16.9867） 1黒 6白 9目 3～10局] [65.7371 ％（+15.7371） 1黒 8白 9目 2～10局] [65.4288 ％（+15.4288） 1黒 9白 9目 1～9局] [64.9920 ％（+14.9920） 1黒 7白 10目 3～11局] [63.7505 ％（+13.7505） 1黒 9白 10目 2～11局] [63.4394 ％（+13.4394） 1黒 10白 10目 1～10局] [63.2602 ％（+13.2602） 1黒 8白 11目 3～12局] [62.0174 ％（+12.0174） 1黒 10白 11目 2～12局] [61.6808 ％（+11.6808） 1黒 11白 11目 1～11局] [63.2857 ％（+13.2857） 1黒 7白 12目 3～13局] [60.4336 ％（+10.4336） 1黒 11白 12目 2～13局] [60.1321 ％（+10.1321） 1黒 12白 12目 1～12局] [62.6864 ％（+12.6864） 1黒 7白 13目 3～14局] [59.1171 ％（+9.1171） 1黒 12白 13目 2～14局] [58.6900 ％（+8.6900） 1黒 13白 13目 1～13局] [62.1451 ％（+12.1451） 1黒 7白 14目 3～15局] [57.9064 ％（+7.9064） 1黒 13白 14目 2～15局] [57.6082 ％（+7.6082） 1黒 14白 14目 1～14局] [61.6888 ％（+11.6888） 1黒 7白 15目 3～17局] [61.0458 ％（+11.0458） 1黒 8白 15目 3～16局] [56.8673 ％（+6.8673） 1黒 14白 15目 2～16局] [56.4922 ％（+6.4922） 1黒 15白 15目 1～15局] [61.2955 ％（+11.2955） 1黒 7白 16目 4～18局] [55.8899 ％（+5.8899） 1黒 15白 16目 2～17局] [55.5983 ％（+5.5983） 1黒 16白 16目 1～16局] [61.0049 ％（+11.0049） 1黒 7白 17目 5～19局] [60.4911 ％（+10.4911） 1黒 8白 17目 3～19局] [59.9620 ％（+9.9620） 1黒 9白 17目 3～18局] [55.1182 ％（+5.1182） 1黒 16白 17目 2～18局] [54.7946 ％（+4.7946） 1黒 17白 17目 1～17局] [61.1278 ％（+11.1278） 1黒 6白 18目 5～20局] [60.2651 ％（+10.2651） 1黒 8白 18目 4～20局] [54.3496 ％（+4.3496） 1黒 17白 18目 2～19局] [54.0064 ％（+4.0064） 1黒 18白 18目 1～18局] [60.7934 ％（+10.7934） 1黒 6白 19目 5～22局] [60.3797 ％（+10.3797） 1黒 7白 19目 5～21局] [59.5853 ％（+9.5853） 1黒 9白 19目 3～21局] [59.0718 ％（+9.0718） 1黒 10白 19目 3～20局] [53.6841 ％（+3.6841） 1黒 18白 19目 2～20局] [53.3927 ％（+3.3927） 1黒 19白 19目 1～19局] [60.4612 ％（+10.4612） 1黒 6白 20目 5～23局] [59.4535 ％（+9.4535） 1黒 9白 20目 4～22局] [53.1591 ％（+3.1591） 1黒 19白 20目 2～21局] [52.8218 ％（+2.8218） 1黒 20白 20目 1～20局] [60.1747 ％（+10.1747） 1黒 6白 21目 6～24局] [58.8836 ％（+8.8836） 1黒 10白 21目 3～23局] [58.5029 ％（+8.5029） 1黒 11白 21目 3～22局] [52.6550 ％（+2.6550） 1黒 20白 21目 2～22局] [52.2355 ％（+2.2355） 1黒 21白 21目 1～21局]
0.95,2000000,1,14,14,,【1黒 14白 14目 1～14局で６０％】,[94.9796 ％（+44.9796） 1黒 1白 1目 1～1局] [90.7331 ％（+40.7331） 1黒 1白 2目 2～3局] [90.5046 ％（+40.5046） 1黒 2白 2目 1～2局] [87.0348 ％（+37.0348） 1黒 1白 3目 3～5局] [86.6528 ％（+36.6528） 1黒 2白 3目 2～4局] [86.4347 ％（+36.4347） 1黒 3白 3目 1～3局] [83.8948 ％（+33.8948） 1黒 1白 4目 4～7局] [82.9557 ％（+32.9557） 1黒 3白 4目 2～5局] [82.7185 ％（+32.7185） 1黒 4白 4目 1～4局] [81.1841 ％（+31.1841） 1黒 1白 5目 5～9局] [80.5724 ％（+30.5724） 1黒 2白 5目 3～7局] [80.0623 ％（+30.0623） 1黒 3白 5目 3～6局] [79.6960 ％（+29.6960） 1黒 4白 5目 2～6局] [79.4414 ％（+29.4414） 1黒 5白 5目 1～5局] [78.8551 ％（+28.8551） 1黒 1白 6目 6～11局] [78.1639 ％（+28.1639） 1黒 2白 6目 4～8局] [76.6899 ％（+26.6899） 1黒 5白 6目 2～7局] [76.3968 ％（+26.3968） 1黒 6白 6目 1～6局] [76.1490 ％（+26.1490） 1黒 2白 7目 5～10局] [75.4422 ％（+25.4422） 1黒 3白 7目 3～9局] [74.9145 ％（+24.9145） 1黒 4白 7目 3～8局] [73.9444 ％（+23.9444） 1黒 6白 7目 2～8局] [73.7218 ％（+23.7218） 1黒 7白 7目 1～7局] [73.6753 ％（+23.6753） 1黒 3白 8目 4～10局] [71.4978 ％（+21.4978） 1黒 7白 8目 2～9局] [71.3004 ％（+21.3004） 1黒 8白 8目 1～8局] [70.8130 ％（+20.8130） 1黒 5白 9目 3～10局] [69.4146 ％（+19.4146） 1黒 8白 9目 2～10局] [69.0186 ％（+19.0186） 1黒 9白 9目 1～9局] [68.8732 ％（+18.8732） 1黒 6白 10目 3～11局] [67.3155 ％（+17.3155） 1黒 9白 10目 2～11局] [67.1060 ％（+17.1060） 1黒 10白 10目 1～10局] [67.0441 ％（+17.0441） 1黒 7白 11目 3～12局] [65.5520 ％（+15.5520） 1黒 10白 11目 2～12局] [65.3038 ％（+15.3038） 1黒 11白 11目 1～11局] [66.1424 ％（+16.1424） 1黒 7白 12目 3～13局] [63.9054 ％（+13.9054） 1黒 11白 12目 2～13局] [63.7077 ％（+13.7077） 1黒 12白 12目 1～12局] [65.2702 ％（+15.2702） 1黒 7白 13目 3～14局] [62.3750 ％（+12.3750） 1黒 12白 13目 2～14局] [62.2298 ％（+12.2298） 1黒 13白 13目 1～13局] [64.5168 ％（+14.5168） 1黒 7白 14目 3～15局] [61.1645 ％（+11.1645） 1黒 13白 14目 2～15局] [60.8927 ％（+10.8927） 1黒 14白 14目 1～14局] [63.8774 ％（+13.8774） 1黒 7白 15目 3～17局] [63.3449 ％（+13.3449） 1黒 8白 15目 3～16局] [59.9916 ％（+9.9916） 1黒 14白 15目 2～16局] [59.7275 ％（+9.7275） 1黒 15白 15目 1～15局] [63.4404 ％（+13.4404） 1黒 7白 16目 4～18局] [58.8861 ％（+8.8861） 1黒 15白 16目 2～17局] [58.6777 ％（+8.6777） 1黒 16白 16目 1～16局] [62.9356 ％（+12.9356） 1黒 7白 17目 5～19局] [62.4690 ％（+12.4690） 1黒 8白 17目 3～19局] [61.8186 ％（+11.8186） 1黒 9白 17目 3～18局] [57.9002 ％（+7.9002） 1黒 16白 17目 2～18局] [57.7317 ％（+7.7317） 1黒 17白 17目 1～17局] [62.9495 ％（+12.9495） 1黒 6白 18目 5～20局] [62.1012 ％（+12.1012） 1黒 8白 18目 4～20局] [57.0135 ％（+7.0135） 1黒 17白 18目 2～19局] [56.8109 ％（+6.8109） 1黒 18白 18目 1～18局] [62.5452 ％（+12.5452） 1黒 6白 19目 5～22局] [62.1571 ％（+12.1571） 1黒 7白 19目 5～21局] [61.2837 ％（+11.2837） 1黒 9白 19目 3～21局] [60.7735 ％（+10.7735） 1黒 10白 19目 3～20局] [56.1979 ％（+6.1979） 1黒 18白 19目 2～20局] [55.9994 ％（+5.9994） 1黒 19白 19目 1～19局] [62.1675 ％（+12.1675） 1黒 6白 20目 5～23局] [61.0113 ％（+11.0113） 1黒 9白 20目 4～22局] [55.5602 ％（+5.5602） 1黒 19白 20目 2～21局] [55.2809 ％（+5.2809） 1黒 20白 20目 1～20局] [61.8598 ％（+11.8598） 1黒 6白 21目 6～24局] [60.3493 ％（+10.3493） 1黒 10白 21目 3～23局] [59.9111 ％（+9.9111） 1黒 11白 21目 3～22局]
0.96,2000000,1,13,13,,【1黒 13白 13目 1～13局で６６％】,[95.9973 ％（+45.9973） 1黒 1白 1目 1～1局] [92.4754 ％（+42.4754） 1黒 1白 2目 2～3局] [92.2770 ％（+42.2770） 1黒 2白 2目 1～2局] [89.3553 ％（+39.3553） 1黒 1白 3目 3～5局] [89.1144 ％（+39.1144） 1黒 2白 3目 2～4局] [88.9169 ％（+38.9169） 1黒 3白 3目 1～3局] [86.5912 ％（+36.5912） 1黒 1白 4目 4～7局] [85.9402 ％（+35.9402） 1黒 3白 4目 2～5局] [85.8343 ％（+35.8343） 1黒 4白 4目 1～4局] [84.1243 ％（+34.1243） 1黒 1白 5目 5～9局] [83.6834 ％（+33.6834） 1黒 2白 5目 3～7局] [83.3418 ％（+33.3418） 1黒 3白 5目 3～6局] [83.0160 ％（+33.0160） 1黒 4白 5目 2～6局] [82.9235 ％（+32.9235） 1黒 5白 5目 1～5局] [81.9348 ％（+31.9348） 1黒 1白 6目 6～11局] [81.3830 ％（+31.3830） 1黒 2白 6目 4～8局] [80.4288 ％（+30.4288） 1黒 5白 6目 2～7局] [80.2373 ％（+30.2373） 1黒 6白 6目 1～6局] [79.9829 ％（+29.9829） 1黒 1白 7目 7～13局] [79.4691 ％（+29.4691） 1黒 2白 7目 5～10局] [79.0347 ％（+29.0347） 1黒 3白 7目 3～9局] [78.5912 ％（+28.5912） 1黒 4白 7目 3～8局] [77.9626 ％（+27.9626） 1黒 6白 7目 2～8局] [77.7763 ％（+27.7763） 1黒 7白 7目 1～7局] [77.7367 ％（+27.7367） 1黒 2白 8目 5～11局] [77.1632 ％（+27.1632） 1黒 3白 8目 4～10局] [75.6861 ％（+25.6861） 1黒 7白 8目 2～9局] [75.5325 ％（+25.5325） 1黒 8白 8目 1～8局] [75.0988 ％（+25.0988） 1黒 4白 9目 3～11局] [74.6679 ％（+24.6679） 1黒 5白 9目 3～10局] [73.5993 ％（+23.5993） 1黒 8白 9目 2～10局] [73.4391 ％（+23.4391） 1黒 9白 9目 1～9局] [71.6210 ％（+21.6210） 1黒 9白 10目 2～11局] [71.5534 ％（+21.5534） 1黒 10白 10目 1～10局] [71.4309 ％（+21.4309） 1黒 6白 11目 3～12局] [69.9381 ％（+19.9381） 1黒 10白 11目 2～12局] [69.7793 ％（+19.7793） 1黒 11白 11目 1～11局] [69.7928 ％（+19.7928） 1黒 7白 12目 3～13局] [68.2975 ％（+18.2975） 1黒 11白 12目 2～13局] [68.0646 ％（+18.0646） 1黒 12白 12目 1～12局] [68.7074 ％（+18.7074） 1黒 7白 13目 3～14局] [66.7748 ％（+16.7748） 1黒 12白 13目 2～14局] [66.5765 ％（+16.5765） 1黒 13白 13目 1～13局] [67.8912 ％（+17.8912） 1黒 7白 14目 3～15局] [65.4869 ％（+15.4869） 1黒 13白 14目 2～15局] [65.3153 ％（+15.3153） 1黒 14白 14目 1～14局] [67.0744 ％（+17.0744） 1黒 7白 15目 3～17局] [66.5737 ％（+16.5737） 1黒 8白 15目 3～16局] [64.1366 ％（+14.1366） 1黒 14白 15目 2～16局] [63.9801 ％（+13.9801） 1黒 15白 15目 1～15局] [66.3691 ％（+16.3691） 1黒 7白 16目 4～18局] [62.9312 ％（+12.9312） 1黒 15白 16目 2～17局] [62.8516 ％（+12.8516） 1黒 16白 16目 1～16局] [65.8112 ％（+15.8112） 1黒 7白 17目 5～19局] [65.3339 ％（+15.3339） 1黒 8白 17目 3～19局] [64.8864 ％（+14.8864） 1黒 9白 17目 3～18局] [61.8590 ％（+11.8590） 1黒 16白 17目 2～18局] [61.7046 ％（+11.7046） 1黒 17白 17目 1～17局] [65.7170 ％（+15.7170） 1黒 6白 18目 5～20局] [64.7902 ％（+14.7902） 1黒 8白 18目 4～20局] [60.8697 ％（+10.8697） 1黒 17白 18目 2～19局] [60.6892 ％（+10.6892） 1黒 18白 18目 1～18局] [65.1977 ％（+15.1977） 1黒 6白 19目 5～22局] [64.7797 ％（+14.7797） 1黒 7白 19目 5～21局] [63.9119 ％（+13.9119） 1黒 9白 19目 3～21局] [63.3479 ％（+13.3479） 1黒 10白 19目 3～20局] [59.8730 ％（+9.8730） 1黒 18白 19目 2～20局] [59.8059 ％（+9.8059） 1黒 19白 19目 1～19局] [64.7164 ％（+14.7164） 1黒 6白 20目 5～23局] [63.4604 ％（+13.4604） 1黒 9白 20目 4～22局] [59.1523 ％（+9.1523） 1黒 19白 20目 2～21局] [58.9226 ％（+8.9226） 1黒 20白 20目 1～20局] [64.2414 ％（+14.2414） 1黒 6白 21目 6～24局] [62.6578 ％（+12.6578） 1黒 10白 21目 3～23局] [62.2101 ％（+12.2101） 1黒 11白 21目 3～22局]
0.97,2000000,1,13,13,,【1黒 13白 13目 1～13局で７２％】,[97.0029 ％（+47.0029） 1黒 1白 1目 1～1局] [94.2760 ％（+44.2760） 1黒 1白 2目 2～3局] [94.2122 ％（+44.2122） 1黒 2白 2目 1～2局] [91.7867 ％（+41.7867） 1黒 1白 3目 3～5局] [91.6249 ％（+41.6249） 1黒 2白 3目 2～4局] [91.5381 ％（+41.5381） 1黒 3白 3目 1～3局] [89.5158 ％（+39.5158） 1黒 1白 4目 4～7局] [89.1234 ％（+39.1234） 1黒 3白 4目 2～5局] [89.0510 ％（+39.0510） 1黒 4白 4目 1～4局] [87.3802 ％（+37.3802） 1黒 1白 5目 5～9局] [87.1217 ％（+37.1217） 1黒 2白 5目 3～7局] [86.8671 ％（+36.8671） 1黒 3白 5目 3～6局] [86.7461 ％（+36.7461） 1黒 4白 5目 2～6局] [86.6874 ％（+36.6874） 1黒 5白 5目 1～5局] [85.5213 ％（+35.5213） 1黒 1白 6目 6～11局] [85.2109 ％（+35.2109） 1黒 2白 6目 4～8局] [84.5608 ％（+34.5608） 1黒 5白 6目 2～7局] [84.4835 ％（+34.4835） 1黒 6白 6目 1～6局] [83.7719 ％（+33.7719） 1黒 1白 7目 7～13局] [83.3870 ％（+33.3870） 1黒 2白 7目 5～10局] [83.1187 ％（+33.1187） 1黒 3白 7目 3～9局] [82.8376 ％（+32.8376） 1黒 4白 7目 3～8局] [82.4604 ％（+32.4604） 1黒 6白 7目 2～8局] [82.3977 ％（+32.3977） 1黒 7白 7目 1～7局] [82.1523 ％（+32.1523） 1黒 1白 8目 8～15局] [81.7617 ％（+31.7617） 1黒 2白 8目 5～11局] [81.4990 ％（+31.4990） 1黒 3白 8目 4～10局] [80.4948 ％（+30.4948） 1黒 7白 8目 2～9局] [80.3853 ％（+30.3853） 1黒 8白 8目 1～8局] [80.2334 ％（+30.2334） 1黒 2白 9目 6～13局] [79.5847 ％（+29.5847） 1黒 4白 9目 3～11局] [79.3829 ％（+29.3829） 1黒 5白 9目 3～10局] [78.6429 ％（+28.6429） 1黒 8白 9目 2～10局] [78.5234 ％（+28.5234） 1黒 9白 9目 1～9局] [78.1703 ％（+28.1703） 1黒 4白 10目 4～12局] [76.9513 ％（+26.9513） 1黒 9白 10目 2～11局] [76.8166 ％（+26.8166） 1黒 10白 10目 1～10局] [76.5680 ％（+26.5680） 1黒 5白 11目 3～13局] [76.2414 ％（+26.2414） 1黒 6白 11目 3～12局] [75.3132 ％（+25.3132） 1黒 10白 11目 2～12局] [75.1748 ％（+25.1748） 1黒 11白 11目 1～11局] [73.8185 ％（+23.8185） 1黒 11白 12目 2～13局] [73.6758 ％（+23.6758） 1黒 12白 12目 1～12局] [73.5361 ％（+23.5361） 1黒 7白 13目 3～14局] [72.2890 ％（+22.2890） 1黒 12白 13目 2～14局] [72.2695 ％（+22.2695） 1黒 13白 13目 1～13局] [72.5595 ％（+22.5595） 1黒 7白 14目 3～15局] [70.9794 ％（+20.9794） 1黒 13白 14目 2～15局] [70.8773 ％（+20.8773） 1黒 14白 14目 1～14局] [71.6193 ％（+21.6193） 1黒 7白 15目 3～17局] [71.2500 ％（+21.2500） 1黒 8白 15目 3～16局] [69.6701 ％（+19.6701） 1黒 14白 15目 2～16局] [69.5214 ％（+19.5214） 1黒 15白 15目 1～15局] [70.7968 ％（+20.7968） 1黒 7白 16目 4～18局] [68.4778 ％（+18.4778） 1黒 15白 16目 2～17局] [68.4091 ％（+18.4091） 1黒 16白 16目 1～16局] [70.0505 ％（+20.0505） 1黒 7白 17目 5～19局] [69.6596 ％（+19.6596） 1黒 8白 17目 3～19局] [69.3253 ％（+19.3253） 1黒 9白 17目 3～18局] [67.3252 ％（+17.3252） 1黒 16白 17目 2～18局] [67.2222 ％（+17.2222） 1黒 17白 17目 1～17局] [69.7250 ％（+19.7250） 1黒 6白 18目 5～20局] [68.9999 ％（+18.9999） 1黒 8白 18目 4～20局] [66.3231 ％（+16.3231） 1黒 17白 18目 2～19局] [66.2255 ％（+16.2255） 1黒 18白 18目 1～18局] [69.0955 ％（+19.0955） 1黒 6白 19目 5～22局] [68.6497 ％（+18.6497） 1黒 7白 19目 5～21局] [67.9388 ％（+17.9388） 1黒 9白 19目 3～21局] [67.6122 ％（+17.6122） 1黒 10白 19目 3～20局] [65.2901 ％（+15.2901） 1黒 18白 19目 2～20局] [65.1756 ％（+15.1756） 1黒 19白 19目 1～19局] [68.4218 ％（+18.4218） 1黒 6白 20目 5～23局] [67.3769 ％（+17.3769） 1黒 9白 20目 4～22局] [64.3243 ％（+14.3243） 1黒 19白 20目 2～21局] [64.2695 ％（+14.2695） 1黒 20白 20目 1～20局] [67.8859 ％（+17.8859） 1黒 6白 21目 6～24局]
0.98,2000000,1,12,13,,【1黒 12白 13目 2～14局で７９％】,[97.9935 ％（+47.9935） 1黒 1白 1目 1～1局] [96.1364 ％（+46.1364） 1黒 1白 2目 2～3局] [96.0813 ％（+46.0813） 1黒 2白 2目 1～2局] [94.3453 ％（+44.3453） 1黒 1白 3目 3～5局] [94.2662 ％（+44.2662） 1黒 2白 3目 2～4局] [94.2306 ％（+44.2306） 1黒 3白 3目 1～3局] [92.6513 ％（+42.6513） 1黒 1白 4目 4～7局] [92.5548 ％（+42.5548） 1黒 3白 4目 2～5局] [92.4751 ％（+42.4751） 1黒 4白 4目 1～4局] [91.1022 ％（+41.1022） 1黒 1白 5目 5～9局] [90.9493 ％（+40.9493） 1黒 2白 5目 3～7局] [90.8512 ％（+40.8512） 1黒 3白 5目 3～6局] [90.7969 ％（+40.7969） 1黒 4白 5目 2～6局] [90.7490 ％（+40.7490） 1黒 5白 5目 1～5局] [89.6039 ％（+39.6039） 1黒 1白 6目 6～11局] [89.5130 ％（+39.5130） 1黒 2白 6目 4～8局] [89.1914 ％（+39.1914） 1黒 5白 6目 2～7局] [89.1356 ％（+39.1356） 1黒 6白 6目 1～6局] [88.2332 ％（+38.2332） 1黒 1白 7目 7～13局] [88.0397 ％（+38.0397） 1黒 2白 7目 5～10局] [87.9154 ％（+37.9154） 1黒 3白 7目 3～9局] [87.8062 ％（+37.8062） 1黒 4白 7目 3～8局] [87.5835 ％（+37.5835） 1黒 6白 7目 2～8局] [87.5645 ％（+37.5645） 1黒 7白 7目 1～7局] [86.8860 ％（+36.8860） 1黒 1白 8目 8～15局] [86.6902 ％（+36.6902） 1黒 2白 8目 5～11局] [86.5709 ％（+36.5709） 1黒 3白 8目 4～10局] [86.0662 ％（+36.0662） 1黒 7白 8目 2～9局] [85.6649 ％（+35.6649） 1黒 1白 9目 9～17局] [85.4252 ％（+35.4252） 1黒 2白 9目 6～13局] [85.1073 ％（+35.1073） 1黒 4白 9目 3～11局] [84.9421 ％（+34.9421） 1黒 5白 9目 3～10局] [84.6669 ％（+34.6669） 1黒 8白 9目 2～10局] [84.6043 ％（+34.6043） 1黒 9白 9目 1～9局] [84.4974 ％（+34.4974） 1黒 1白 10目 10～19局] [84.3403 ％（+34.3403） 1黒 2白 10目 7～14局] [84.0296 ％（+34.0296） 1黒 3白 10目 5～13局] [83.8832 ％（+33.8832） 1黒 4白 10目 4～12局] [83.2828 ％（+33.2828） 1黒 9白 10目 2～11局] [83.2492 ％（+33.2492） 1黒 10白 10目 1～10局] [83.1765 ％（+33.1765） 1黒 2白 11目 7～16局] [82.9039 ％（+32.9039） 1黒 3白 11目 5～14局] [82.5473 ％（+32.5473） 1黒 5白 11目 3～13局] [82.3678 ％（+32.3678） 1黒 6白 11目 3～12局] [81.8640 ％（+31.8640） 1黒 10白 11目 2～12局] [81.8462 ％（+31.8462） 1黒 3白 12目 6～15局] [81.4499 ％（+31.4499） 1黒 5白 12目 4～14局] [80.5898 ％（+30.5898） 1黒 11白 12目 2～13局] [80.4462 ％（+30.4462） 1黒 5白 13目 5～15局] [80.2674 ％（+30.2674） 1黒 6白 13目 3～15局] [80.0176 ％（+30.0176） 1黒 7白 13目 3～14局] [79.3963 ％（+29.3963） 1黒 12白 13目 2～14局] [79.4092 ％（+29.4092） 1黒 5白 14目 5～16局] [79.2898 ％（+29.2898） 1黒 6白 14目 4～16局] [78.2639 ％（+28.2639） 1黒 13白 14目 2～15局] [78.1726 ％（+28.1726） 1黒 14白 14目 1～14局] [78.1242 ％（+28.1242） 1黒 7白 15目 3～17局] [77.9211 ％（+27.9211） 1黒 8白 15目 3～16局] [77.0822 ％（+27.0822） 1黒 14白 15目 2～16局] [76.9741 ％（+26.9741） 1黒 15白 15目 1～15局] [77.2924 ％（+27.2924） 1黒 7白 16目 4～18局] [75.9634 ％（+25.9634） 1黒 15白 16目 2～17局] [75.9460 ％（+25.9460） 1黒 16白 16目 1～16局] [76.3760 ％（+26.3760） 1黒 7白 17目 5～19局] [76.2475 ％（+26.2475） 1黒 8白 17目 3～19局] [75.9429 ％（+25.9429） 1黒 9白 17目 3～18局] [74.9955 ％（+24.9955） 1黒 16白 17目 2～18局] [74.9518 ％（+24.9518） 1黒 17白 17目 1～17局] [75.8474 ％（+25.8474） 1黒 6白 18目 5～20局] [75.3966 ％（+25.3966） 1黒 8白 18目 4～20局] [73.9694 ％（+23.9694） 1黒 17白 18目 2～19局] [73.9432 ％（+23.9432） 1黒 18白 18目 1～18局] [75.1155 ％（+25.1155） 1黒 6白 19目 5～22局] [74.9426 ％（+24.9426） 1黒 7白 19目 5～21局] [74.4266 ％（+24.4266） 1黒 9白 19目 3～21局] [74.2340 ％（+24.2340） 1黒 10白 19目 3～20局] [72.9398 ％（+22.9398） 1黒 19白 19目 1～19局] [74.3892 ％（+24.3892） 1黒 6白 20目 5～23局] [73.6928 ％（+23.6928） 1黒 9白 20目 4～22局] [72.0810 ％（+22.0810） 1黒 19白 20目 2～21局] [72.0594 ％（+22.0594） 1黒 20白 20目 1～20局] [73.7934 ％（+23.7934） 1黒 6白 21目 6～24局] [72.8412 ％（+22.8412） 1黒 10白 21目 3～23局]
0.99,2000000,1,17,18,,【1黒 17白 18目 2～19局で８４％】,[98.9938 ％（+48.9938） 1黒 1白 1目 1～1局] [98.0418 ％（+48.0418） 1黒 1白 2目 2～3局] [98.0337 ％（+48.0337） 1黒 2白 2目 1～2局] [97.0591 ％（+47.0591） 1黒 1白 3目 3～5局] [96.1700 ％（+46.1700） 1黒 1白 4目 4～7局] [96.1121 ％（+46.1121） 1黒 3白 4目 2～5局] [95.2724 ％（+45.2724） 1黒 1白 5目 5～9局] [95.2273 ％（+45.2273） 1黒 2白 5目 3～7局] [95.1908 ％（+45.1908） 1黒 4白 5目 2～6局] [95.1834 ％（+45.1834） 1黒 5白 5目 1～5局] [94.4190 ％（+44.4190） 1黒 1白 6目 6～11局] [94.3875 ％（+44.3875） 1黒 2白 6目 4～8局] [94.3137 ％（+44.3137） 1黒 5白 6目 2～7局] [93.6303 ％（+43.6303） 1黒 1白 7目 7～13局] [93.5419 ％（+43.5419） 1黒 2白 7目 5～10局] [93.5381 ％（+43.5381） 1黒 3白 7目 3～9局] [93.4883 ％（+43.4883） 1黒 4白 7目 3～8局] [93.4066 ％（+43.4066） 1黒 6白 7目 2～8局] [93.3925 ％（+43.3925） 1黒 7白 7目 1～7局] [92.7694 ％（+42.7694） 1黒 1白 8目 8～15局] [92.7307 ％（+42.7307） 1黒 2白 8目 5～11局] [92.7132 ％（+42.7132） 1黒 3白 8目 4～10局] [92.5073 ％（+42.5073） 1黒 7白 8目 2～9局] [92.0143 ％（+42.0143） 1黒 1白 9目 9～17局] [91.9065 ％（+41.9065） 1黒 2白 9目 6～13局] [91.7987 ％（+41.7987） 1黒 4白 9目 3～11局] [91.7693 ％（+41.7693） 1黒 5白 9目 3～10局] [91.6975 ％（+41.6975） 1黒 8白 9目 2～10局] [91.6771 ％（+41.6771） 1黒 9白 9目 1～9局] [91.1952 ％（+41.1952） 1黒 1白 10目 10～19局] [91.1403 ％（+41.1403） 1黒 2白 10目 7～14局] [91.0785 ％（+41.0785） 1黒 3白 10目 5～13局] [91.0316 ％（+41.0316） 1黒 4白 10目 4～12局] [90.8350 ％（+40.8350） 1黒 9白 10目 2～11局] [90.4840 ％（+40.4840） 1黒 1白 11目 11～21局] [90.4379 ％（+40.4379） 1黒 2白 11目 7～16局] [90.3327 ％（+40.3327） 1黒 3白 11目 5～14局] [90.2310 ％（+40.2310） 1黒 5白 11目 3～13局] [90.1728 ％（+40.1728） 1黒 6白 11目 3～12局] [90.0672 ％（+40.0672） 1黒 10白 11目 2～12局] [90.0406 ％（+40.0406） 1黒 11白 11目 1～11局] [89.7351 ％（+39.7351） 1黒 1白 12目 12～23局] [89.6686 ％（+39.6686） 1黒 2白 12目 8～17局] [89.6281 ％（+39.6281） 1黒 3白 12目 6～15局] [89.4764 ％（+39.4764） 1黒 5白 12目 4～14局] [89.2473 ％（+39.2473） 1黒 11白 12目 2～13局] [89.2317 ％（+39.2317） 1黒 12白 12目 1～12局] [89.0914 ％（+39.0914） 1黒 1白 13目 13～25局] [88.9818 ％（+38.9818） 1黒 2白 13目 9～19局] [88.8595 ％（+38.8595） 1黒 3白 13目 7～17局] [88.8416 ％（+38.8416） 1黒 4白 13目 5～16局] [88.7026 ％（+38.7026） 1黒 5白 13目 5～15局] [88.6215 ％（+38.6215） 1黒 7白 13目 3～14局] [88.4455 ％（+38.4455） 1黒 12白 13目 2～14局] [88.4028 ％（+38.4028） 1黒 1白 14目 14～27局] [88.2996 ％（+38.2996） 1黒 2白 14目 9～20局] [88.2231 ％（+38.2231） 1黒 3白 14目 7～18局] [88.1175 ％（+38.1175） 1黒 4白 14目 5～17局] [87.9919 ％（+37.9919） 1黒 6白 14目 4～16局] [87.9042 ％（+37.9042） 1黒 7白 14目 3～15局] [87.7061 ％（+37.7061） 1黒 13白 14目 2～15局] [87.6607 ％（+37.6607） 1黒 14白 14目 1～14局] [87.6393 ％（+37.6393） 1黒 2白 15目 10～22局] [87.5252 ％（+37.5252） 1黒 3白 15目 7～19局] [87.4352 ％（+37.4352） 1黒 4白 15目 6～18局] [87.2036 ％（+37.2036） 1黒 7白 15目 3～17局] [87.1659 ％（+37.1659） 1黒 8白 15目 3～16局] [86.9349 ％（+36.9349） 1黒 15白 15目 1～15局] [86.8987 ％（+36.8987） 1黒 3白 16目 8～21局] [86.7455 ％（+36.7455） 1黒 5白 16目 5～19局] [86.6043 ％（+36.6043） 1黒 6白 16目 5～18局] [86.5550 ％（+36.5550） 1黒 7白 16目 4～18局] [86.1514 ％（+36.1514） 1黒 15白 16目 2～17局] [96.1051 ％（+46.1051） 5黒 16白 16目 1～4局] [86.4530 ％（+36.4530） 1黒 1白 17目 17～33局] [86.3426 ％（+36.3426） 1黒 2白 17目 11～25局] [86.2502 ％（+36.2502） 1黒 3白 17目 9～22局] [86.1530 ％（+36.1530） 1黒 4白 17目 7～21局] [86.0600 ％（+36.0600） 1黒 5白 17目 5～20局] [85.8621 ％（+35.8621） 1黒 8白 17目 3～19局] [85.7099 ％（+35.7099） 1黒 9白 17目 3～18局] [85.4487 ％（+35.4487） 1黒 16白 17目 2～18局] [85.8027 ％（+35.8027） 1黒 1白 18目 18～35局] [85.7360 ％（+35.7360） 1黒 2白 18目 12～26局] [85.6298 ％（+35.6298） 1黒 3白 18目 9～23局] [85.5593 ％（+35.5593） 1黒 4白 18目 7～22局] [85.4211 ％（+35.4211） 1黒 5白 18目 6～21局] [85.1863 ％（+35.1863） 1黒 8白 18目 4～20局] [84.7275 ％（+34.7275） 1黒 17白 18目 2～19局] [84.7523 ％（+34.7523） 1黒 18白 18目 1～18局] [84.8091 ％（+34.8091） 1黒 6白 19目 5～22局] [84.6526 ％（+34.6526） 1黒 7白 19目 5～21局] [84.4521 ％（+34.4521） 1黒 9白 19目 3～21局] [84.3941 ％（+34.3941） 1黒 10白 19目 3～20局] [97.0502 ％（+47.0502） 8黒 15白 19目 2～4局] [84.0306 ％（+34.0306） 1黒 18白 19目 2～20局] [84.6633 ％（+34.6633） 1黒 1白 20目 20～39局] [84.5862 ％（+34.5862） 1黒 2白 20目 13～29局] [84.4546 ％（+34.4546） 1黒 3白 20目 10～26局] [84.3536 ％（+34.3536） 1黒 4白 20目 8～24局] [84.2750 ％（+34.2750） 1黒 5白 20目 7～23局] [84.1174 ％（+34.1174） 1黒 6白 20目 5～23局] [83.8955 ％（+33.8955） 1黒 9白 20目 4～22局] [83.3553 ％（+33.3553） 1黒 20白 20目 1～20局] [83.5940 ％（+33.5940） 1黒 6白 21目 6～24局] [83.2075 ％（+33.2075） 1黒 10白 21目 3～23局] [83.1369 ％（+33.1369） 1黒 11白 21目 3～22局] [82.7422 ％（+32.7422） 1黒 20白 21目 2～22局] [82.6793 ％（+32.6793） 1黒 21白 21目 1～21局] [83.5812 ％（+33.5812） 1黒 1白 22目 22～43局] [83.4692 ％（+33.4692） 1黒 2白 22目 15～32局] [83.4042 ％（+33.4042） 1黒 3白 22目 11～29局] [83.2684 ％（+33.2684） 1黒 4白 22目 9～27局] [83.1685 ％（+33.1685） 1黒 5白 22目 7～26局] [83.0489 ％（+33.0489） 1黒 6白 22目 7～25局] [82.9671 ％（+32.9671） 1黒 7白 22目 5～25局] [82.8275 ％（+32.8275） 1黒 8白 22目 5～24局] [82.6491 ％（+32.6491） 1黒 10白 22目 4～24局] [82.0568 ％（+32.0568） 1黒 22白 22目 1～22局] [82.6152 ％（+32.6152） 1黒 5白 23目 7～27局] [82.3745 ％（+32.3745） 1黒 7白 23目 5～26局] [82.0438 ％（+32.0438） 1黒 11白 23目 3～25局] [81.9542 ％（+31.9542） 1黒 12白 23目 3～24局] [81.4122 ％（+31.4122） 1黒 23白 23目 1～23局] [82.0449 ％（+32.0449） 1黒 5白 24目 8～28局] [81.8975 ％（+31.8975） 1黒 7白 24目 6～27局] [81.4993 ％（+31.4993） 1黒 11白 24目 4～26局] [80.7406 ％（+30.7406） 1黒 23白 24目 2～25局] [80.6870 ％（+30.6870） 1黒 24白 24目 1～24局] [81.5832 ％（+31.5832） 1黒 5白 25目 9～29局] [81.4888 ％（+31.4888） 1黒 6白 25目 7～29局] [81.3632 ％（+31.3632） 1黒 7白 25目 7～28局] [81.2588 ％（+31.2588） 1黒 8白 25目 5～28局] [81.1400 ％（+31.1400） 1黒 9白 25目 5～27局] [80.8141 ％（+30.8141） 1黒 12白 25目 3～27局] [80.7987 ％（+30.7987） 1黒 13白 25目 3～26局] [95.2063 ％（+45.2063） 6黒 16白 25目 3～6局] [80.1848 ％（+30.1848） 1黒 24白 25目 2～26局] [80.2141 ％（+30.2141） 1黒 25白 25目 1～25局]
