p,b_step,w_step,span,presentable,comment,process
0.5,1,1,1,,,[50.0000 ％（+0.0000） 1黒 1白 1目 1～1局]
0.51,1,1,1,,,[51.0000 ％（+1.0000） 1黒 1白 1目 1～1局] [49.0584 ％（-0.9416） 11黒 12白 241目 21～42局] [49.3201 ％（-0.6799） 11黒 12白 253目 22～44局] [49.5698 ％（-0.4302） 12黒 13白 287目 23～46局] [49.8088 ％（-0.1912） 12黒 13白 300目 24～48局]
0.52,1,1,1,,,[52.0000 ％（+2.0000） 1黒 1白 1目 1～1局] [48.3443 ％（-1.6557） 5黒 6白 55目 10～20局] [49.0984 ％（-0.9016） 6黒 7白 71目 11～22局] [49.7858 ％（-0.2142） 6黒 7白 78目 12～24局] [49.8490 ％（-0.1510） 8黒 9白 208目 24～49局]
0.53,1,1,1,,,[53.0000 ％（+3.0000） 1黒 1白 1目 1～1局] [47.0347 ％（-2.9653） 3黒 4白 21目 6～12局] [48.5223 ％（-1.4777） 4黒 5白 31目 7～14局] [49.8078 ％（-0.1922） 4黒 5白 36目 8～16局] [50.0022 ％（+0.0022） 6黒 7白 106目 16～33局]
0.54,1,1,1,《3黒 4白 21目 6～12局で４９％》,【５４％１～１局】,[54.0000 ％（+4.0000） 1黒 1白 1目 1～1局] [47.8443 ％（-2.1557） 3黒 4白 17目 5～10局] [49.8605 ％（-0.1395） 3黒 4白 21目 6～12局] [49.9335 ％（-0.0665） 5黒 6白 169目 29～62局]
0.55,1,1,1,《3黒 4白 17目 5～10局で５０％》,【５５％１～１局】,[55.0000 ％（+5.0000） 1黒 1白 1目 1～1局] [47.6956 ％（-2.3044） 2黒 3白 10目 4～8局] [50.4405 ％（+0.4405） 3黒 4白 17目 5～10局] [50.2476 ％（+0.2476） 4黒 5白 66目 14～30局] [50.1907 ％（+0.1907） 4黒 5白 111目 23～50局] [50.1608 ％（+0.1608） 4黒 5白 156目 32～70局] [50.1416 ％（+0.1416） 5黒 6白 246目 41～90局]
0.56,2,3,7,,,[56.0000 ％（+6.0000） 1黒 1白 1目 1～1局] [46.1828 ％（-3.8172） 2黒 3白 7目 3～6局] [50.0364 ％（+0.0364） 2黒 3白 10目 4～8局] [50.0045 ％（+0.0045） 3黒 4白 57目 15～33局]
0.57,2,3,7,,,[57.0000 ％（+7.0000） 1黒 1白 1目 1～1局] [48.2304 ％（-1.7696） 2黒 3白 7目 3～6局] [48.5412 ％（-1.4588） 2黒 3白 16目 6～13局] [48.6356 ％（-1.3644） 3黒 4白 34目 9～20局] [51.0931 ％（+1.0931） 3黒 4白 37目 10～22局] [50.8020 ％（+0.8020） 3黒 4白 49目 13～29局] [50.5852 ％（+0.5852） 3黒 4白 61目 16～36局] [50.4124 ％（+0.4124） 3黒 4白 73目 19～43局] [50.2683 ％（+0.2683） 3黒 4白 85目 22～50局] [50.1445 ％（+0.1445） 3黒 4白 97目 25～57局] [50.0355 ％（+0.0355） 3黒 4白 109目 28～64局] [50.0214 ％（+0.0214） 3黒 4白 281目 71～164局]
0.58,2,3,7,,,[58.0000 ％（+8.0000） 1黒 1白 1目 1～1局] [44.0953 ％（-5.9047） 1黒 2白 3目 2～4局] [50.2905 ％（+0.2905） 2黒 3白 7目 3～6局] [49.8284 ％（-0.1716） 3黒 4白 64目 16～37局] [50.0747 ％（+0.0747） 5黒 7白 162目 24～56局] [50.0534 ％（+0.0534） 5黒 7白 309目 45～106局]
0.59,2,3,7,,,[59.0000 ％（+9.0000） 1黒 1白 1目 1～1局] [45.7995 ％（-4.2005） 1黒 2白 3目 2～4局] [52.3591 ％（+2.3591） 2黒 3白 7目 3～6局] [50.5203 ％（+0.5203） 2黒 3白 13目 5～11局] [50.0070 ％（+0.0070） 2黒 3白 40目 14～33局]
0.6,1,2,3,,,[60.0000 ％（+10.0000） 1黒 1白 1目 1～1局] [47.5200 ％（-2.4800） 1黒 2白 3目 2～4局] [48.2610 ％（-1.7390） 2黒 3白 11目 4～9局] [48.5855 ％（-1.4145） 2黒 3白 17目 6～14局] [48.7775 ％（-1.2225） 2黒 3白 23目 8～19局] [48.9080 ％（-1.0920） 2黒 3白 29目 10～24局] [49.0041 ％（-0.9959） 2黒 3白 35目 12～29局] [49.0785 ％（-0.9215） 2黒 3白 41目 14～34局] [49.1385 ％（-0.8615） 2黒 3白 47目 16～39局] [49.1881 ％（-0.8119） 2黒 3白 53目 18～44局] [49.2300 ％（-0.7700） 2黒 3白 59目 20～49局] [49.2660 ％（-0.7340） 2黒 3白 65目 22～54局] [49.2974 ％（-0.7026） 2黒 3白 71目 24～59局] [49.3251 ％（-0.6749） 2黒 3白 77目 26～64局] [49.3497 ％（-0.6503） 2黒 3白 83目 28～69局] [49.3719 ％（-0.6281） 2黒 3白 89目 30～74局] [49.3919 ％（-0.6081） 2黒 3白 95目 32～79局] [49.4101 ％（-0.5899） 2黒 3白 101目 34～84局] [49.4268 ％（-0.5732） 2黒 3白 107目 36～89局] [49.4421 ％（-0.5579） 2黒 3白 113目 38～94局] [49.4563 ％（-0.5437） 2黒 3白 119目 40～99局] [49.4694 ％（-0.5306） 2黒 3白 125目 42～104局] [49.4817 ％（-0.5183） 2黒 3白 131目 44～109局] [49.4931 ％（-0.5069） 2黒 3白 137目 46～114局] [49.5038 ％（-0.4962） 2黒 3白 143目 48～119局] [49.5138 ％（-0.4862） 2黒 3白 149目 50～124局] [49.5233 ％（-0.4767） 2黒 3白 155目 52～129局] [49.5322 ％（-0.4678） 2黒 3白 161目 54～134局] [49.5407 ％（-0.4593） 2黒 3白 167目 56～139局] [49.5487 ％（-0.4513） 2黒 3白 173目 58～144局] [49.5563 ％（-0.4437） 2黒 3白 179目 60～149局] [49.5635 ％（-0.4365） 2黒 3白 185目 62～154局] [49.5704 ％（-0.4296） 2黒 3白 191目 64～159局] [49.5770 ％（-0.4230） 2黒 3白 197目 66～164局] [49.5833 ％（-0.4167） 2黒 3白 203目 68～169局] [49.5893 ％（-0.4107） 2黒 3白 209目 70～174局] [49.5950 ％（-0.4050） 2黒 3白 215目 72～179局] [49.6005 ％（-0.3995） 2黒 3白 221目 74～184局] [49.6058 ％（-0.3942） 2黒 3白 227目 76～189局] [49.6109 ％（-0.3891） 2黒 3白 233目 78～194局] [49.6158 ％（-0.3842） 2黒 3白 239目 80～199局] [49.6206 ％（-0.3794） 2黒 3白 245目 82～204局] [49.6251 ％（-0.3749） 2黒 3白 251目 84～209局] [49.6295 ％（-0.3705） 2黒 3白 257目 86～214局] [49.6337 ％（-0.3663） 2黒 3白 263目 88～219局] [49.6378 ％（-0.3622） 2黒 3白 269目 90～224局] [49.6418 ％（-0.3582） 2黒 3白 275目 92～229局] [49.6456 ％（-0.3544） 2黒 3白 281目 94～234局] [49.6493 ％（-0.3507） 2黒 3白 287目 96～239局] [49.6529 ％（-0.3471） 2黒 3白 293目 98～244局] [49.6564 ％（-0.3436） 2黒 3白 299目 100～249局] [49.6598 ％（-0.3402） 2黒 3白 305目 102～254局] [49.6631 ％（-0.3369） 2黒 3白 311目 104～259局]
0.61,1,2,3,,,[61.0000 ％（+11.0000） 1黒 1白 1目 1～1局] [49.2549 ％（-0.7451） 1黒 2白 3目 2～4局] [49.2630 ％（-0.7370） 2黒 3白 27目 9～22局] [50.1164 ％（+0.1164） 2黒 3白 33目 11～27局] [49.9727 ％（-0.0273） 5黒 8白 265目 34～86局]
0.62,1,2,3,,,[62.0000 ％（+12.0000） 1黒 1白 1目 1～1局] [38.4400 ％（-11.5600） 1黒 2白 2目 1～2局] [51.0022 ％（+1.0022） 1黒 2白 3目 2～4局] [49.5719 ％（-0.4281） 2黒 3白 15目 5～12局] [50.0097 ％（+0.0097） 3黒 5白 61目 13～33局] [50.0024 ％（+0.0024） 3黒 5白 156目 32～83局]
0.63,1,2,5,,,[63.0000 ％（+13.0000） 1黒 1白 1目 1～1局] [39.6900 ％（-10.3100） 1黒 2白 2目 1～2局] [52.7599 ％（+2.7599） 1黒 2白 3目 2～4局] [48.6641 ％（-1.3359） 1黒 2白 5目 3～7局] [49.8927 ％（-0.1073） 3黒 5白 28目 6～15局] [50.0498 ％（+0.0498） 3黒 5白 79目 16～42局]
0.64,1,2,5,,,[64.0000 ％（+14.0000） 1黒 1白 1目 1～1局] [40.9600 ％（-9.0400） 1黒 2白 2目 1～2局] [54.5260 ％（+4.5260） 1黒 2白 3目 2～4局] [50.9383 ％（+0.9383） 1黒 2白 5目 3～7局] [49.7818 ％（-0.2182） 3黒 5白 40目 8～21局] [49.8440 ％（-0.1560） 4黒 7白 117目 17～46局] [49.8723 ％（-0.1277） 4黒 7白 181目 26～71局] [49.8893 ％（-0.1107） 4黒 7白 245目 35～96局]
0.65,1,2,7,,,[65.0000 ％（+15.0000） 1黒 1白 1目 1～1局] [42.2500 ％（-7.7500） 1黒 2白 2目 1～2局] [56.2981 ％（+6.2981） 1黒 2白 3目 2～4局] [53.2283 ％（+3.2283） 1黒 2白 5目 3～7局] [51.3827 ％（+1.3827） 1黒 2白 7目 4～10局] [50.0503 ％（+0.0503） 1黒 2白 9目 5～13局] [50.0127 ％（+0.0127） 5黒 9白 106目 12～33局] [50.0063 ％（+0.0063） 5黒 9白 171目 19～53局]
0.66,1,2,9,,,[66.0000 ％（+16.0000） 1黒 1白 1目 1～1局] [43.5600 ％（-6.4400） 1黒 2白 2目 1～2局] [44.7804 ％（-5.2196） 1黒 2白 4目 2～5局] [45.1919 ％（-4.8081） 1黒 2白 6目 3～8局] [54.1061 ％（+4.1061） 1黒 2白 7目 4～10局] [53.1382 ％（+3.1382） 1黒 2白 9目 5～13局] [52.4088 ％（+2.4088） 1黒 2白 11目 6～16局] [51.8242 ％（+1.8242） 1黒 2白 13目 7～19局] [51.3359 ％（+1.3359） 1黒 2白 15目 8～22局] [50.9158 ％（+0.9158） 1黒 2白 17目 9～25局] [50.5465 ％（+0.5465） 1黒 2白 19目 10～28局] [50.2163 ％（+0.2163） 1黒 2白 21目 11～31局] [49.9171 ％（-0.0829） 1黒 2白 23目 12～34局]
0.67,1,2,8,,,[67.0000 ％（+17.0000） 1黒 1白 1目 1～1局] [44.8900 ％（-5.1100） 1黒 2白 2目 1～2局] [46.7506 ％（-3.2494） 1黒 2白 4目 2～5局] [47.6435 ％（-2.3565） 1黒 2白 6目 3～8局] [48.2118 ％（-1.7882） 1黒 2白 8目 4～11局] [48.6242 ％（-1.3758） 1黒 2白 10目 5～14局] [48.9469 ％（-1.0531） 1黒 2白 12目 6～17局] [49.2122 ％（-0.7878） 1黒 2白 14目 7～20局] [49.4376 ％（-0.5624） 1黒 2白 16目 8～23局] [49.6341 ％（-0.3659） 1黒 2白 18目 9～26局] [49.8086 ％（-0.1914） 1黒 2白 20目 10～29局] [49.9658 ％（-0.0342） 1黒 2白 22目 11～32局]
0.68,1,2,6,,,[68.0000 ％（+18.0000） 1黒 1白 1目 1～1局] [46.2400 ％（-3.7600） 1黒 2白 2目 1～2局] [48.7495 ％（-1.2505） 1黒 2白 4目 2～5局] [50.1298 ％（+0.1298） 1黒 2白 6目 3～8局] [50.0162 ％（+0.0162） 4黒 9白 91目 11～33局] [50.0070 ％（+0.0070） 5黒 11白 199目 19～58局]
0.69,1,2,4,,,[69.0000 ％（+19.0000） 1黒 1白 1目 1～1局] [47.6100 ％（-2.3900） 1黒 2白 2目 1～2局] [50.7744 ％（+0.7744） 1黒 2白 4目 2～5局] [49.7055 ％（-0.2945） 2黒 5白 26目 6～18局] [49.9266 ％（-0.0734） 3黒 7白 99目 15～47局] [50.0380 ％（+0.0380） 4黒 9白 209目 24～76局]
0.7,1,2,2,,,[70.0000 ％（+20.0000） 1黒 1白 1目 1～1局] [49.0000 ％（-1.0000） 1黒 2白 2目 1～2局] [49.2516 ％（-0.7484） 2黒 5白 17目 4～12局] [49.4176 ％（-0.5824） 2黒 5白 31目 7～22局] [49.5078 ％（-0.4922） 2黒 5白 46目 10～32局] [49.5660 ％（-0.4340） 3黒 7白 88目 13～42局] [49.6076 ％（-0.3924） 3黒 7白 109目 16～52局] [49.6392 ％（-0.3608） 3黒 7白 130目 19～62局] [49.6642 ％（-0.3358） 3黒 7白 151目 22～72局] [49.6846 ％（-0.3154） 3黒 7白 172目 25～82局] [49.7017 ％（-0.2983） 3黒 7白 193目 28～92局] [49.7163 ％（-0.2837） 3黒 7白 214目 31～102局] [49.7290 ％（-0.2710） 3黒 7白 235目 34～112局] [49.7401 ％（-0.2599） 3黒 7白 256目 37～122局] [49.7499 ％（-0.2501） 3黒 7白 277目 40～132局] [49.7587 ％（-0.2413） 3黒 7白 298目 43～142局]
0.71,1,2,2,,,[71.0000 ％（+21.0000） 1黒 1白 1目 1～1局] [50.4100 ％（+0.4100） 1黒 2白 2目 1～2局] [50.0204 ％（+0.0204） 2黒 5白 47目 10～33局]
0.72,1,2,2,,,[72.0000 ％（+22.0000） 1黒 1白 1目 1～1局] [51.8400 ％（+1.8400） 1黒 2白 2目 1～2局] [51.7098 ％（+1.7098） 1黒 3白 7目 3～9局] [48.4515 ％（-1.5485） 1黒 3白 10目 4～13局] [49.5181 ％（-0.4819） 2黒 5白 29目 6～20局] [50.2571 ％（+0.2571） 2黒 5白 39目 8～27局] [50.1753 ％（+0.1753） 2黒 5白 75目 15～52局] [50.1411 ％（+0.1411） 5黒 13白 276目 22～77局]
0.73,1,3,5,,,[73.0000 ％（+23.0000） 1黒 1白 1目 1～1局] [53.2900 ％（+3.2900） 1黒 2白 2目 1～2局] [48.7172 ％（-1.2828） 1黒 3白 5目 2～6局] [49.7741 ％（-0.2259） 1黒 3白 13目 5～17局] [49.9707 ％（-0.0293） 3黒 8白 118目 15～54局]
0.74,1,3,5,,,[74.0000 ％（+24.0000） 1黒 1白 1目 1～1局] [54.7600 ％（+4.7600） 1黒 2白 2目 1～2局] [51.0372 ％（+1.0372） 1黒 3白 5目 2～6局] [49.5780 ％（-0.4220） 1黒 3白 8目 3～10局] [50.0257 ％（+0.0257） 1黒 3白 25目 9～33局] [50.0065 ％（+0.0065） 5黒 14白 306目 22～83局]
0.75,1,3,5,,,[75.0000 ％（+25.0000） 1黒 1白 1目 1～1局] [56.2500 ％（+6.2500） 1黒 2白 2目 1～2局] [53.3936 ％（+3.3936） 1黒 3白 5目 2～6局] [52.5593 ％（+2.5593） 1黒 3白 8目 3～10局] [52.1340 ％（+2.1340） 1黒 3白 11目 4～14局] [51.8669 ％（+1.8669） 1黒 3白 14目 5～18局] [51.6797 ％（+1.6797） 1黒 3白 17目 6～22局] [51.5393 ％（+1.5393） 1黒 3白 20目 7～26局] [51.4290 ％（+1.4290） 1黒 3白 23目 8～30局] [51.3394 ％（+1.3394） 1黒 3白 26目 9～34局] [51.2647 ％（+1.2647） 1黒 3白 29目 10～38局] [51.2013 ％（+1.2013） 1黒 3白 32目 11～42局] [51.1465 ％（+1.1465） 1黒 3白 35目 12～46局] [51.0986 ％（+1.0986） 1黒 3白 38目 13～50局] [51.0562 ％（+1.0562） 1黒 3白 41目 14～54局] [51.0184 ％（+1.0184） 1黒 3白 44目 15～58局] [50.9844 ％（+0.9844） 1黒 3白 47目 16～62局] [50.9536 ％（+0.9536） 1黒 3白 50目 17～66局] [50.9254 ％（+0.9254） 1黒 3白 53目 18～70局] [50.8997 ％（+0.8997） 1黒 3白 56目 19～74局] [50.8760 ％（+0.8760） 1黒 3白 59目 20～78局] [50.8540 ％（+0.8540） 1黒 3白 62目 21～82局] [50.8336 ％（+0.8336） 1黒 3白 65目 22～86局] [50.8147 ％（+0.8147） 1黒 3白 68目 23～90局] [50.7969 ％（+0.7969） 1黒 3白 71目 24～94局] [50.7803 ％（+0.7803） 1黒 3白 74目 25～98局] [50.7646 ％（+0.7646） 1黒 3白 77目 26～102局] [50.7499 ％（+0.7499） 1黒 3白 80目 27～106局] [50.7360 ％（+0.7360） 1黒 3白 83目 28～110局] [50.7228 ％（+0.7228） 1黒 3白 86目 29～114局] [50.7104 ％（+0.7104） 1黒 3白 89目 30～118局] [50.6985 ％（+0.6985） 1黒 3白 92目 31～122局] [50.6872 ％（+0.6872） 1黒 3白 95目 32～126局] [50.6765 ％（+0.6765） 1黒 3白 98目 33～130局] [50.6662 ％（+0.6662） 1黒 3白 101目 34～134局] [50.6564 ％（+0.6564） 1黒 3白 104目 35～138局] [50.6470 ％（+0.6470） 1黒 3白 107目 36～142局] [50.6380 ％（+0.6380） 1黒 3白 110目 37～146局] [50.6294 ％（+0.6294） 1黒 3白 113目 38～150局] [50.6211 ％（+0.6211） 1黒 3白 116目 39～154局] [50.6131 ％（+0.6131） 1黒 3白 119目 40～158局] [50.6054 ％（+0.6054） 1黒 3白 122目 41～162局] [50.5981 ％（+0.5981） 1黒 3白 125目 42～166局] [50.5909 ％（+0.5909） 1黒 3白 128目 43～170局] [50.5840 ％（+0.5840） 1黒 3白 131目 44～174局] [50.5774 ％（+0.5774） 1黒 3白 134目 45～178局] [50.5710 ％（+0.5710） 1黒 3白 137目 46～182局] [50.5648 ％（+0.5648） 1黒 3白 140目 47～186局] [50.5588 ％（+0.5588） 1黒 3白 143目 48～190局] [50.5529 ％（+0.5529） 1黒 3白 146目 49～194局] [50.5473 ％（+0.5473） 1黒 3白 149目 50～198局] [50.5418 ％（+0.5418） 1黒 3白 152目 51～202局] [50.5365 ％（+0.5365） 1黒 3白 155目 52～206局] [50.5313 ％（+0.5313） 1黒 3白 158目 53～210局] [50.5263 ％（+0.5263） 1黒 3白 161目 54～214局] [50.5214 ％（+0.5214） 1黒 3白 164目 55～218局] [50.5167 ％（+0.5167） 1黒 3白 167目 56～222局] [50.5121 ％（+0.5121） 1黒 3白 170目 57～226局] [50.5076 ％（+0.5076） 1黒 3白 173目 58～230局] [50.5032 ％（+0.5032） 1黒 3白 176目 59～234局] [50.4989 ％（+0.4989） 1黒 3白 179目 60～238局] [50.4948 ％（+0.4948） 1黒 3白 182目 61～242局] [50.4907 ％（+0.4907） 1黒 3白 185目 62～246局] [50.4867 ％（+0.4867） 1黒 3白 188目 63～250局] [50.4829 ％（+0.4829） 1黒 3白 191目 64～254局] [50.4791 ％（+0.4791） 1黒 3白 194目 65～258局] [50.4754 ％（+0.4754） 1黒 3白 197目 66～262局] [50.4718 ％（+0.4718） 1黒 3白 200目 67～266局] [50.4683 ％（+0.4683） 1黒 3白 203目 68～270局] [50.4648 ％（+0.4648） 1黒 3白 206目 69～274局] [50.4615 ％（+0.4615） 1黒 3白 209目 70～278局] [50.4582 ％（+0.4582） 1黒 3白 212目 71～282局] [50.4549 ％（+0.4549） 1黒 3白 215目 72～286局] [50.4518 ％（+0.4518） 1黒 3白 218目 73～290局] [50.4487 ％（+0.4487） 1黒 3白 221目 74～294局] [50.4456 ％（+0.4456） 1黒 3白 224目 75～298局] [50.4427 ％（+0.4427） 1黒 3白 227目 76～302局] [50.4398 ％（+0.4398） 1黒 3白 230目 77～306局] [50.4369 ％（+0.4369） 1黒 3白 233目 78～310局] [50.4341 ％（+0.4341） 1黒 3白 236目 79～314局] [50.4314 ％（+0.4314） 1黒 3白 239目 80～318局] [50.4287 ％（+0.4287） 1黒 3白 242目 81～322局] [50.4260 ％（+0.4260） 1黒 3白 245目 82～326局] [50.4234 ％（+0.4234） 1黒 3白 248目 83～330局] [50.4209 ％（+0.4209） 1黒 3白 251目 84～334局] [50.4184 ％（+0.4184） 1黒 3白 254目 85～338局] [50.4159 ％（+0.4159） 1黒 3白 257目 86～342局] [50.4135 ％（+0.4135） 1黒 3白 260目 87～346局] [50.4111 ％（+0.4111） 1黒 3白 263目 88～350局] [50.4088 ％（+0.4088） 1黒 3白 266目 89～354局] [50.4065 ％（+0.4065） 1黒 3白 269目 90～358局] [50.4042 ％（+0.4042） 1黒 3白 272目 91～362局] [50.4020 ％（+0.4020） 1黒 3白 275目 92～366局] [50.3998 ％（+0.3998） 1黒 3白 278目 93～370局] [50.3976 ％（+0.3976） 1黒 3白 281目 94～374局] [50.3955 ％（+0.3955） 1黒 3白 284目 95～378局] [50.3934 ％（+0.3934） 1黒 3白 287目 96～382局] [50.3914 ％（+0.3914） 1黒 3白 290目 97～386局] [50.3894 ％（+0.3894） 1黒 3白 293目 98～390局] [50.3874 ％（+0.3874） 1黒 3白 296目 99～394局] [50.3854 ％（+0.3854） 1黒 3白 299目 100～398局] [50.3835 ％（+0.3835） 1黒 3白 302目 101～402局] [50.3816 ％（+0.3816） 1黒 3白 305目 102～406局] [50.3797 ％（+0.3797） 1黒 3白 308目 103～410局] [50.3779 ％（+0.3779） 1黒 3白 311目 104～414局] [50.3761 ％（+0.3761） 1黒 3白 314目 105～418局]
0.76,1,3,6,《1黒 3白 12目 4～15局で４９％》,,[76.0000 ％（+26.0000） 1黒 1白 1目 1～1局] [57.7600 ％（+7.7600） 1黒 2白 2目 1～2局] [43.8976 ％（-6.1024） 1黒 3白 3目 1～3局] [55.7816 ％（+5.7816） 1黒 3白 5目 2～6局] [47.0188 ％（-2.9812） 1黒 3白 6目 2～7局] [48.6565 ％（-1.3435） 1黒 3白 9目 3～11局] [49.7762 ％（-0.2238） 1黒 3白 12目 4～15局] [49.8258 ％（-0.1742） 3黒 10白 91目 10～40局] [49.8565 ％（-0.1435） 4黒 13白 197目 16～65局] [49.8755 ％（-0.1245） 4黒 13白 274目 22～90局]
0.77,1,3,6,,,[77.0000 ％（+27.0000） 1黒 1白 1目 1～1局] [59.2900 ％（+9.2900） 1黒 2白 2目 1～2局] [45.6533 ％（-4.3467） 1黒 3白 3目 1～3局] [49.6045 ％（-0.3955） 1黒 3白 6目 2～7局] [49.8569 ％（-0.1431） 2黒 7白 31目 5～20局] [50.0325 ％（+0.0325） 2黒 7白 51目 8～33局] [50.0040 ％（+0.0040） 3黒 10白 307目 31～133局]
0.78,1,3,6,,,[78.0000 ％（+28.0000） 1黒 1白 1目 1～1局] [60.8400 ％（+10.8400） 1黒 2白 2目 1～2局] [47.4552 ％（-2.5448） 1黒 3白 3目 1～3局] [52.2463 ％（+2.2463） 1黒 3白 6目 2～7局] [48.8643 ％（-1.1357） 1黒 4白 10目 3～12局] [49.5096 ％（-0.4904） 1黒 4白 17目 5～21局] [49.9236 ％（-0.0764） 2黒 7白 47目 7～30局] [49.9376 ％（-0.0624） 2黒 7白 125目 18～80局] [49.9482 ％（-0.0518） 2黒 7白 203目 29～130局]
0.79,1,3,3,,,[79.0000 ％（+29.0000） 1黒 1白 1目 1～1局] [62.4100 ％（+12.4100） 1黒 2白 2目 1～2局] [49.3039 ％（-0.6961） 1黒 3白 3目 1～3局] [49.5835 ％（-0.4165） 1黒 4白 18目 5～22局] [49.8239 ％（-0.1761） 1黒 4白 33目 9～41局] [49.9736 ％（-0.0264） 3黒 11白 142目 13～60局]
0.8,1,3,3,,,[80.0000 ％（+30.0000） 1黒 1白 1目 1～1局] [64.0000 ％（+14.0000） 1黒 2白 2目 1～2局] [51.2000 ％（+1.2000） 1黒 3白 3目 1～3局] [50.3316 ％（+0.3316） 1黒 4白 7目 2～8局] [50.1652 ％（+0.1652） 1黒 4白 11目 3～13局] [50.1025 ％（+0.1025） 1黒 4白 15目 4～18局] [50.0714 ％（+0.0714） 1黒 4白 19目 5～23局] [50.0533 ％（+0.0533） 1黒 4白 23目 6～28局] [50.0417 ％（+0.0417） 1黒 4白 27目 7～33局] [50.0338 ％（+0.0338） 1黒 4白 31目 8～38局] [50.0281 ％（+0.0281） 1黒 4白 35目 9～43局] [50.0239 ％（+0.0239） 1黒 4白 39目 10～48局] [50.0206 ％（+0.0206） 1黒 4白 43目 11～53局] [50.0180 ％（+0.0180） 1黒 4白 47目 12～58局] [50.0159 ％（+0.0159） 1黒 4白 51目 13～63局] [50.0142 ％（+0.0142） 1黒 4白 55目 14～68局] [50.0128 ％（+0.0128） 1黒 4白 59目 15～73局] [50.0115 ％（+0.0115） 1黒 4白 63目 16～78局] [50.0105 ％（+0.0105） 1黒 4白 67目 17～83局] [50.0096 ％（+0.0096） 1黒 4白 71目 18～88局] [50.0089 ％（+0.0089） 1黒 4白 75目 19～93局]
0.81,1,3,3,,,[81.0000 ％（+31.0000） 1黒 1白 1目 1～1局] [65.6100 ％（+15.6100） 1黒 2白 2目 1～2局] [53.1441 ％（+3.1441） 1黒 3白 3目 1～3局] [48.6240 ％（-1.3760） 1黒 4白 12目 3～14局] [49.9482 ％（-0.0518） 1黒 4白 16目 4～19局]
0.82,1,4,8,,,[82.0000 ％（+32.0000） 1黒 1白 1目 1～1局] [67.2400 ％（+17.2400） 1黒 2白 2目 1～2局] [55.1368 ％（+5.1368） 1黒 3白 3目 1～3局] [45.2122 ％（-4.7878） 1黒 4白 4目 1～4局] [49.8770 ％（-0.1230） 1黒 4白 8目 2～9局] [50.0990 ％（+0.0990） 2黒 9白 115目 13～70局] [50.0704 ％（+0.0704） 2黒 9白 197目 22～120局] [50.0574 ％（+0.0574） 2黒 9白 279目 31～170局]
0.83,1,4,4,,,[83.0000 ％（+33.0000） 1黒 1白 1目 1～1局] [68.8900 ％（+18.8900） 1黒 2白 2目 1～2局] [57.1787 ％（+7.1787） 1黒 3白 3目 1～3局] [47.4583 ％（-2.5417） 1黒 4白 4目 1～4局] [51.8108 ％（+1.8108） 1黒 5白 13目 3～15局] [51.0316 ％（+1.0316） 1黒 5白 18目 4～21局] [50.4823 ％（+0.4823） 1黒 5白 23目 5～27局] [50.0550 ％（+0.0550） 1黒 5白 28目 6～33局] [50.0068 ％（+0.0068） 1黒 5白 111目 23～133局]
0.84,1,4,4,,,[84.0000 ％（+34.0000） 1黒 1白 1目 1～1局] [70.5600 ％（+20.5600） 1黒 2白 2目 1～2局] [59.2704 ％（+9.2704） 1黒 3白 3目 1～3局] [49.7871 ％（-0.2129） 1黒 4白 4目 1～4局] [50.2122 ％（+0.2122） 2黒 11白 101目 10～60局] [50.1721 ％（+0.1721） 2黒 11白 144目 14～85局] [50.1484 ％（+0.1484） 3黒 16白 277目 18～110局]
0.85,1,4,4,,,[85.0000 ％（+35.0000） 1黒 1白 1目 1～1局] [72.2500 ％（+22.2500） 1黒 2白 2目 1～2局] [61.4125 ％（+11.4125） 1黒 3白 3目 1～3局] [52.2006 ％（+2.2006） 1黒 4白 4目 1～4局] [49.2186 ％（-0.7814） 1黒 5白 10目 2～11局] [50.4879 ％（+0.4879） 1黒 6白 21目 4～24局] [50.3246 ％（+0.3246） 1黒 6白 38目 7～44局] [50.2578 ％（+0.2578） 1黒 6白 55目 10～64局] [50.2199 ％（+0.2199） 2黒 11白 143目 13～84局] [50.1947 ％（+0.1947） 3黒 17白 265目 16～104局]
0.86,1,5,5,,,[86.0000 ％（+36.0000） 1黒 1白 1目 1～1局] [73.9600 ％（+23.9600） 1黒 2白 2目 1～2局] [63.6056 ％（+13.6056） 1黒 3白 3目 1～3局] [54.7008 ％（+4.7008） 1黒 4白 4目 1～4局] [47.0427 ％（-2.9573） 1黒 5白 5目 1～5局] [48.3411 ％（-1.6589） 1黒 6白 11目 2～12局] [49.1148 ％（-0.8852） 1黒 6白 17目 3～19局] [49.6563 ％（-0.3437） 1黒 6白 23目 4～26局] [50.0754 ％（+0.0754） 1黒 6白 29目 5～33局] [50.0190 ％（+0.0190） 1黒 6白 72目 12～83局]
0.87,1,5,5,,,[87.0000 ％（+37.0000） 1黒 1白 1目 1～1局] [75.6900 ％（+25.6900） 1黒 2白 2目 1～2局] [65.8503 ％（+15.8503） 1黒 3白 3目 1～3局] [57.2898 ％（+7.2898） 1黒 4白 4目 1～4局] [49.8421 ％（-0.1579） 1黒 5白 5目 1～5局] [49.9335 ％（-0.0665） 1黒 7白 45目 7～51局]
0.88,1,5,5,,,[88.0000 ％（+38.0000） 1黒 1白 1目 1～1局] [77.4400 ％（+27.4400） 1黒 2白 2目 1～2局] [68.1472 ％（+18.1472） 1黒 3白 3目 1～3局] [59.9695 ％（+9.9695） 1黒 4白 4目 1～4局] [52.7732 ％（+2.7732） 1黒 5白 5目 1～5局] [52.6238 ％（+2.6238） 1黒 6白 12目 2～13局] [48.5864 ％（-1.4136） 1黒 7白 13目 2～14局] [49.8263 ％（-0.1737） 1黒 7白 20目 3～22局] [49.8370 ％（-0.1630） 2黒 15白 127目 9～72局] [49.8529 ％（-0.1471） 2黒 15白 171目 12～97局] [49.8653 ％（-0.1347） 2黒 15白 215目 15～122局] [49.8752 ％（-0.1248） 2黒 15白 259目 18～147局] [49.8833 ％（-0.1167） 2黒 15白 303目 21～172局]
0.89,1,6,6,,,[89.0000 ％（+39.0000） 1黒 1白 1目 1～1局] [79.2100 ％（+29.2100） 1黒 2白 2目 1～2局] [70.4969 ％（+20.4969） 1黒 3白 3目 1～3局] [62.7422 ％（+12.7422） 1黒 4白 4目 1～4局] [55.8406 ％（+5.8406） 1黒 5白 5目 1～5局] [49.6981 ％（-0.3019） 1黒 6白 6目 1～6局] [49.9163 ％（-0.0837） 1黒 8白 22目 3～24局] [50.0137 ％（+0.0137） 1黒 8白 119目 15～133局] [50.0059 ％（+0.0059） 1黒 8白 208目 26～233局]
0.9,1,7,7,,,[90.0000 ％（+40.0000） 1黒 1白 1目 1～1局] [81.0000 ％（+31.0000） 1黒 2白 2目 1～2局] [72.9000 ％（+22.9000） 1黒 3白 3目 1～3局] [65.6100 ％（+15.6100） 1黒 4白 4目 1～4局] [59.0490 ％（+9.0490） 1黒 5白 5目 1～5局] [53.1441 ％（+3.1441） 1黒 6白 6目 1～6局] [47.8297 ％（-2.1703） 1黒 7白 7目 1～7局] [51.4728 ％（+1.4728） 1黒 8白 15目 2～16局] [51.0505 ％（+1.0505） 1黒 8白 24目 3～26局] [50.8511 ％（+0.8511） 1黒 9白 33目 4～36局] [50.7317 ％（+0.7317） 1黒 9白 42目 5～46局] [50.6507 ％（+0.6507） 1黒 9白 51目 6～56局] [50.5913 ％（+0.5913） 1黒 9白 60目 7～66局] [50.5455 ％（+0.5455） 1黒 9白 69目 8～76局] [50.5088 ％（+0.5088） 1黒 9白 78目 9～86局] [50.4785 ％（+0.4785） 1黒 9白 87目 10～96局] [50.4531 ％（+0.4531） 1黒 9白 96目 11～106局] [50.4312 ％（+0.4312） 1黒 9白 105目 12～116局] [50.4123 ％（+0.4123） 1黒 9白 114目 13～126局] [50.3956 ％（+0.3956） 1黒 9白 123目 14～136局] [50.3808 ％（+0.3808） 1黒 9白 132目 15～146局] [50.3675 ％（+0.3675） 1黒 9白 141目 16～156局] [50.3556 ％（+0.3556） 1黒 9白 150目 17～166局] [50.3447 ％（+0.3447） 1黒 9白 159目 18～176局] [50.3347 ％（+0.3347） 1黒 9白 168目 19～186局] [50.3256 ％（+0.3256） 1黒 9白 177目 20～196局] [50.3172 ％（+0.3172） 1黒 9白 186目 21～206局] [50.3094 ％（+0.3094） 1黒 9白 195目 22～216局] [50.3021 ％（+0.3021） 1黒 9白 204目 23～226局] [50.2953 ％（+0.2953） 1黒 9白 213目 24～236局] [50.2890 ％（+0.2890） 1黒 9白 222目 25～246局] [50.2831 ％（+0.2831） 1黒 9白 231目 26～256局] [50.2775 ％（+0.2775） 1黒 9白 240目 27～266局] [50.2722 ％（+0.2722） 1黒 9白 249目 28～276局] [50.2672 ％（+0.2672） 1黒 9白 258目 29～286局] [50.2625 ％（+0.2625） 1黒 9白 267目 30～296局] [50.2580 ％（+0.2580） 1黒 9白 276目 31～306局] [50.2537 ％（+0.2537） 1黒 9白 285目 32～316局] [50.2497 ％（+0.2497） 1黒 9白 294目 33～326局] [50.2458 ％（+0.2458） 1黒 9白 303目 34～336局] [50.2421 ％（+0.2421） 1黒 9白 312目 35～346局]
0.91,1,7,7,,,[91.0000 ％（+41.0000） 1黒 1白 1目 1～1局] [82.8100 ％（+32.8100） 1黒 2白 2目 1～2局] [75.3571 ％（+25.3571） 1黒 3白 3目 1～3局] [68.5750 ％（+18.5750） 1黒 4白 4目 1～4局] [62.4032 ％（+12.4032） 1黒 5白 5目 1～5局] [56.7869 ％（+6.7869） 1黒 6白 6目 1～6局] [51.6761 ％（+1.6761） 1黒 7白 7目 1～7局] [50.9125 ％（+0.9125） 1黒 9白 17目 2～18局] [50.8725 ％（+0.8725） 1黒 9白 27目 3～29局] [49.2361 ％（-0.7639） 1黒 10白 48目 5～52局] [49.4705 ％（-0.5295） 1黒 10白 58目 6～63局] [49.6662 ％（-0.3338） 1黒 10白 68目 7～74局] [49.8347 ％（-0.1653） 1黒 10白 78目 8～85局] [49.9830 ％（-0.0170） 1黒 10白 88目 9～96局]
0.92,1,8,8,,,[92.0000 ％（+42.0000） 1黒 1白 1目 1～1局] [84.6400 ％（+34.6400） 1黒 2白 2目 1～2局] [77.8688 ％（+27.8688） 1黒 3白 3目 1～3局] [71.6393 ％（+21.6393） 1黒 4白 4目 1～4局] [65.9082 ％（+15.9082） 1黒 5白 5目 1～5局] [60.6355 ％（+10.6355） 1黒 6白 6目 1～6局] [55.7847 ％（+5.7847） 1黒 7白 7目 1～7局] [51.3219 ％（+1.3219） 1黒 8白 8目 1～8局] [49.0603 ％（-0.9397） 1黒 10白 20目 2～21局] [50.1801 ％（+0.1801） 1黒 11白 31目 3～33局] [50.0778 ％（+0.0778） 1黒 11白 54目 5～58局] [50.0455 ％（+0.0455） 1黒 11白 77目 7～83局] [50.0307 ％（+0.0307） 1黒 12白 100目 9～108局] [50.0224 ％（+0.0224） 1黒 12白 123目 11～133局] [50.0173 ％（+0.0173） 1黒 12白 146目 13～158局] [50.0139 ％（+0.0139） 1黒 12白 169目 15～183局]
0.93,1,10,10,,,[93.0000 ％（+43.0000） 1黒 1白 1目 1～1局] [86.4900 ％（+36.4900） 1黒 2白 2目 1～2局] [80.4357 ％（+30.4357） 1黒 3白 3目 1～3局] [74.8052 ％（+24.8052） 1黒 4白 4目 1～4局] [69.5688 ％（+19.5688） 1黒 5白 5目 1～5局] [64.6990 ％（+14.6990） 1黒 6白 6目 1～6局] [60.1701 ％（+10.1701） 1黒 7白 7目 1～7局] [55.9582 ％（+5.9582） 1黒 8白 8目 1～8局] [52.0411 ％（+2.0411） 1黒 9白 9目 1～9局] [48.3982 ％（-1.6018） 1黒 10白 10目 1～10局] [51.4587 ％（+1.4587） 1黒 11白 22目 2～23局] [49.1754 ％（-0.8246） 1黒 12白 23目 2～24局] [49.7546 ％（-0.2454） 1黒 12白 36目 3～38局] [50.1847 ％（+0.1847） 1黒 13白 49目 4～52局] [49.9384 ％（-0.0616） 1黒 13白 89目 7～95局] [49.9408 ％（-0.0592） 1黒 13白 182目 14～195局]
0.94,1,11,11,,,[94.0000 ％（+44.0000） 1黒 1白 1目 1～1局] [88.3600 ％（+38.3600） 1黒 2白 2目 1～2局] [83.0584 ％（+33.0584） 1黒 3白 3目 1～3局] [78.0749 ％（+28.0749） 1黒 4白 4目 1～4局] [73.3904 ％（+23.3904） 1黒 5白 5目 1～5局] [68.9870 ％（+18.9870） 1黒 6白 6目 1～6局] [64.8478 ％（+14.8478） 1黒 7白 7目 1～7局] [60.9569 ％（+10.9569） 1黒 8白 8目 1～8局] [57.2995 ％（+7.2995） 1黒 9白 9目 1～9局] [53.8615 ％（+3.8615） 1黒 10白 10目 1～10局] [50.6298 ％（+0.6298） 1黒 11白 11目 1～11局] [50.3512 ％（+0.3512） 1黒 14白 42目 3～44局] [49.8240 ％（-0.1760） 1黒 15白 58目 4～61局] [50.1743 ％（+0.1743） 1黒 15白 89目 6～94局] [49.8325 ％（-0.1675） 1黒 15白 105目 7～111局] [50.1243 ％（+0.1243） 1黒 16白 136目 9～144局] [50.1002 ％（+0.1002） 1黒 16白 183目 12～194局] [50.0858 ％（+0.0858） 1黒 16白 230目 15～244局] [50.0759 ％（+0.0759） 1黒 16白 277目 18～294局]
0.95,1,14,14,,,[95.0000 ％（+45.0000） 1黒 1白 1目 1～1局] [90.2500 ％（+40.2500） 1黒 2白 2目 1～2局] [85.7375 ％（+35.7375） 1黒 3白 3目 1～3局] [81.4506 ％（+31.4506） 1黒 4白 4目 1～4局] [77.3781 ％（+27.3781） 1黒 5白 5目 1～5局] [73.5092 ％（+23.5092） 1黒 6白 6目 1～6局] [69.8337 ％（+19.8337） 1黒 7白 7目 1～7局] [66.3420 ％（+16.3420） 1黒 8白 8目 1～8局] [63.0249 ％（+13.0249） 1黒 9白 9目 1～9局] [59.8737 ％（+9.8737） 1黒 10白 10目 1～10局] [56.8800 ％（+6.8800） 1黒 11白 11目 1～11局] [54.0360 ％（+4.0360） 1黒 12白 12目 1～12局] [51.3342 ％（+1.3342） 1黒 13白 13目 1～13局] [48.7675 ％（-1.2325） 1黒 14白 14目 1～14局] [50.3650 ％（+0.3650） 1黒 16白 32目 2～33局] [50.1816 ％（+0.1816） 1黒 17白 51目 3～53局] [50.1127 ％（+0.1127） 1黒 18白 70目 4～73局] [50.0784 ％（+0.0784） 1黒 18白 89目 5～93局] [50.0586 ％（+0.0586） 1黒 18白 108目 6～113局] [50.0459 ％（+0.0459） 1黒 19白 127目 7～133局] [50.0372 ％（+0.0372） 1黒 19白 146目 8～153局] [50.0309 ％（+0.0309） 1黒 19白 165目 9～173局] [50.0262 ％（+0.0262） 1黒 19白 184目 10～193局] [50.0226 ％（+0.0226） 1黒 19白 203目 11～213局] [50.0198 ％（+0.0198） 1黒 19白 222目 12～233局] [50.0175 ％（+0.0175） 1黒 19白 241目 13～253局] [50.0156 ％（+0.0156） 1黒 19白 260目 14～273局] [50.0140 ％（+0.0140） 1黒 19白 279目 15～293局] [50.0127 ％（+0.0127） 1黒 19白 298目 16～313局]
0.96,1,17,17,,,[96.0000 ％（+46.0000） 1黒 1白 1目 1～1局] [92.1600 ％（+42.1600） 1黒 2白 2目 1～2局] [88.4736 ％（+38.4736） 1黒 3白 3目 1～3局] [84.9347 ％（+34.9347） 1黒 4白 4目 1～4局] [81.5373 ％（+31.5373） 1黒 5白 5目 1～5局] [78.2758 ％（+28.2758） 1黒 6白 6目 1～6局] [75.1447 ％（+25.1447） 1黒 7白 7目 1～7局] [72.1390 ％（+22.1390） 1黒 8白 8目 1～8局] [69.2534 ％（+19.2534） 1黒 9白 9目 1～9局] [66.4833 ％（+16.4833） 1黒 10白 10目 1～10局] [63.8239 ％（+13.8239） 1黒 11白 11目 1～11局] [61.2710 ％（+11.2710） 1黒 12白 12目 1～12局] [58.8201 ％（+8.8201） 1黒 13白 13目 1～13局] [56.4673 ％（+6.4673） 1黒 14白 14目 1～14局] [54.2086 ％（+4.2086） 1黒 15白 15目 1～15局] [52.0403 ％（+2.0403） 1黒 16白 16目 1～16局] [49.9587 ％（-0.0413） 1黒 17白 17目 1～17局]
0.97,1,23,23,,,[97.0000 ％（+47.0000） 1黒 1白 1目 1～1局] [94.0900 ％（+44.0900） 1黒 2白 2目 1～2局] [91.2673 ％（+41.2673） 1黒 3白 3目 1～3局] [88.5293 ％（+38.5293） 1黒 4白 4目 1～4局] [85.8734 ％（+35.8734） 1黒 5白 5目 1～5局] [83.2972 ％（+33.2972） 1黒 6白 6目 1～6局] [80.7983 ％（+30.7983） 1黒 7白 7目 1～7局] [78.3743 ％（+28.3743） 1黒 8白 8目 1～8局] [76.0231 ％（+26.0231） 1黒 9白 9目 1～9局] [73.7424 ％（+23.7424） 1黒 10白 10目 1～10局] [71.5301 ％（+21.5301） 1黒 11白 11目 1～11局] [69.3842 ％（+19.3842） 1黒 12白 12目 1～12局] [67.3027 ％（+17.3027） 1黒 13白 13目 1～13局] [65.2836 ％（+15.2836） 1黒 14白 14目 1～14局] [63.3251 ％（+13.3251） 1黒 15白 15目 1～15局] [61.4254 ％（+11.4254） 1黒 16白 16目 1～16局] [59.5826 ％（+9.5826） 1黒 17白 17目 1～17局] [57.7951 ％（+7.7951） 1黒 18白 18目 1～18局] [56.0613 ％（+6.0613） 1黒 19白 19目 1～19局] [54.3794 ％（+4.3794） 1黒 20白 20目 1～20局] [52.7481 ％（+2.7481） 1黒 21白 21目 1～21局] [51.1656 ％（+1.1656） 1黒 22白 22目 1～22局] [49.6306 ％（-0.3694） 1黒 23白 23目 1～23局] [49.8483 ％（-0.1517） 1黒 29白 87目 3～89局] [50.0420 ％（+0.0420） 1黒 30白 119目 4～122局] [49.9935 ％（-0.0065） 1黒 31白 216目 7～222局]
0.98,1,34,34,,,[98.0000 ％（+48.0000） 1黒 1白 1目 1～1局] [96.0400 ％（+46.0400） 1黒 2白 2目 1～2局] [94.1192 ％（+44.1192） 1黒 3白 3目 1～3局] [92.2368 ％（+42.2368） 1黒 4白 4目 1～4局] [90.3921 ％（+40.3921） 1黒 5白 5目 1～5局] [88.5842 ％（+38.5842） 1黒 6白 6目 1～6局] [86.8126 ％（+36.8126） 1黒 7白 7目 1～7局] [85.0763 ％（+35.0763） 1黒 8白 8目 1～8局] [83.3748 ％（+33.3748） 1黒 9白 9目 1～9局] [81.7073 ％（+31.7073） 1黒 10白 10目 1～10局] [80.0731 ％（+30.0731） 1黒 11白 11目 1～11局] [78.4717 ％（+28.4717） 1黒 12白 12目 1～12局] [76.9022 ％（+26.9022） 1黒 13白 13目 1～13局] [75.3642 ％（+25.3642） 1黒 14白 14目 1～14局] [73.8569 ％（+23.8569） 1黒 15白 15目 1～15局] [72.3798 ％（+22.3798） 1黒 16白 16目 1～16局] [70.9322 ％（+20.9322） 1黒 17白 17目 1～17局] [69.5135 ％（+19.5135） 1黒 18白 18目 1～18局] [68.1233 ％（+18.1233） 1黒 19白 19目 1～19局] [66.7608 ％（+16.7608） 1黒 20白 20目 1～20局] [65.4256 ％（+15.4256） 1黒 21白 21目 1～21局] [64.1171 ％（+14.1171） 1黒 22白 22目 1～22局] [62.8347 ％（+12.8347） 1黒 23白 23目 1～23局] [61.5780 ％（+11.5780） 1黒 24白 24目 1～24局] [60.3465 ％（+10.3465） 1黒 25白 25目 1～25局] [59.1395 ％（+9.1395） 1黒 26白 26目 1～26局] [57.9568 ％（+7.9568） 1黒 27白 27目 1～27局] [56.7976 ％（+6.7976） 1黒 28白 28目 1～28局] [55.6617 ％（+5.6617） 1黒 29白 29目 1～29局] [54.5484 ％（+4.5484） 1黒 30白 30目 1～30局] [53.4575 ％（+3.4575） 1黒 31白 31目 1～31局] [52.3883 ％（+2.3883） 1黒 32白 32目 1～32局] [51.3405 ％（+1.3405） 1黒 33白 33目 1～33局] [50.3137 ％（+0.3137） 1黒 34白 34目 1～34局] [49.7331 ％（-0.2669） 1黒 42白 83目 2～84局] [50.1824 ％（+0.1824） 1黒 44白 131目 3～133局] [50.1131 ％（+0.1131） 1黒 45白 180目 4～183局] [50.0787 ％（+0.0787） 1黒 46白 229目 5～233局] [50.0588 ％（+0.0588） 1黒 47白 278目 6～283局]
0.99,1,67,67,,,[99.0000 ％（+49.0000） 1黒 1白 1目 1～1局] [98.0100 ％（+48.0100） 1黒 2白 2目 1～2局] [97.0299 ％（+47.0299） 1黒 3白 3目 1～3局] [96.0596 ％（+46.0596） 1黒 4白 4目 1～4局] [95.0990 ％（+45.0990） 1黒 5白 5目 1～5局] [94.1480 ％（+44.1480） 1黒 6白 6目 1～6局] [93.2065 ％（+43.2065） 1黒 7白 7目 1～7局] [92.2745 ％（+42.2745） 1黒 8白 8目 1～8局] [91.3517 ％（+41.3517） 1黒 9白 9目 1～9局] [90.4382 ％（+40.4382） 1黒 10白 10目 1～10局] [89.5338 ％（+39.5338） 1黒 11白 11目 1～11局] [88.6385 ％（+38.6385） 1黒 12白 12目 1～12局] [87.7521 ％（+37.7521） 1黒 13白 13目 1～13局] [86.8746 ％（+36.8746） 1黒 14白 14目 1～14局] [86.0058 ％（+36.0058） 1黒 15白 15目 1～15局] [85.1458 ％（+35.1458） 1黒 16白 16目 1～16局] [84.2943 ％（+34.2943） 1黒 17白 17目 1～17局] [83.4514 ％（+33.4514） 1黒 18白 18目 1～18局] [82.6169 ％（+32.6169） 1黒 19白 19目 1～19局] [81.7907 ％（+31.7907） 1黒 20白 20目 1～20局] [80.9728 ％（+30.9728） 1黒 21白 21目 1～21局] [80.1631 ％（+30.1631） 1黒 22白 22目 1～22局] [79.3614 ％（+29.3614） 1黒 23白 23目 1～23局] [78.5678 ％（+28.5678） 1黒 24白 24目 1～24局] [77.7821 ％（+27.7821） 1黒 25白 25目 1～25局] [77.0043 ％（+27.0043） 1黒 26白 26目 1～26局] [76.2343 ％（+26.2343） 1黒 27白 27目 1～27局] [75.4719 ％（+25.4719） 1黒 28白 28目 1～28局] [74.7172 ％（+24.7172） 1黒 29白 29目 1～29局] [73.9700 ％（+23.9700） 1黒 30白 30目 1～30局] [73.2303 ％（+23.2303） 1黒 31白 31目 1～31局] [72.4980 ％（+22.4980） 1黒 32白 32目 1～32局] [71.7731 ％（+21.7731） 1黒 33白 33目 1～33局] [71.0553 ％（+21.0553） 1黒 34白 34目 1～34局] [70.3448 ％（+20.3448） 1黒 35白 35目 1～35局] [69.6413 ％（+19.6413） 1黒 36白 36目 1～36局] [68.9449 ％（+18.9449） 1黒 37白 37目 1～37局] [68.2555 ％（+18.2555） 1黒 38白 38目 1～38局] [67.5729 ％（+17.5729） 1黒 39白 39目 1～39局] [66.8972 ％（+16.8972） 1黒 40白 40目 1～40局] [66.2282 ％（+16.2282） 1黒 41白 41目 1～41局] [65.5659 ％（+15.5659） 1黒 42白 42目 1～42局] [64.9103 ％（+14.9103） 1黒 43白 43目 1～43局] [64.2612 ％（+14.2612） 1黒 44白 44目 1～44局] [63.6185 ％（+13.6185） 1黒 45白 45目 1～45局] [62.9824 ％（+12.9824） 1黒 46白 46目 1～46局] [62.3525 ％（+12.3525） 1黒 47白 47目 1～47局] [61.7290 ％（+11.7290） 1黒 48白 48目 1～48局] [61.1117 ％（+11.1117） 1黒 49白 49目 1～49局] [60.5006 ％（+10.5006） 1黒 50白 50目 1～50局] [59.8956 ％（+9.8956） 1黒 51白 51目 1～51局] [59.2966 ％（+9.2966） 1黒 52白 52目 1～52局] [58.7037 ％（+8.7037） 1黒 53白 53目 1～53局] [58.1166 ％（+8.1166） 1黒 54白 54目 1～54局] [57.5355 ％（+7.5355） 1黒 55白 55目 1～55局] [56.9601 ％（+6.9601） 1黒 56白 56目 1～56局] [56.3905 ％（+6.3905） 1黒 57白 57目 1～57局] [55.8266 ％（+5.8266） 1黒 58白 58目 1～58局] [55.2683 ％（+5.2683） 1黒 59白 59目 1～59局] [54.7157 ％（+4.7157） 1黒 60白 60目 1～60局] [54.1685 ％（+4.1685） 1黒 61白 61目 1～61局] [53.6268 ％（+3.6268） 1黒 62白 62目 1～62局] [53.0906 ％（+3.0906） 1黒 63白 63目 1～63局] [52.5596 ％（+2.5596） 1黒 64白 64目 1～64局] [52.0341 ％（+2.0341） 1黒 65白 65目 1～65局] [51.5137 ％（+1.5137） 1黒 66白 66目 1～66局] [50.9986 ％（+0.9986） 1黒 67白 67目 1～67局] [50.4886 ％（+0.4886） 1黒 68白 68目 1～68局] [49.9837 ％（-0.0163） 1黒 69白 69目 1～69局]
