p,number_of_series,p_step,q_step,span,presentable,comment,candidates
0.50,0,1,1,1,,,[50.0000 ％（+0.0000） 1表 1裏 1目 1～1局]
0.51,0,1,1,1,,,[51.0000 ％（+1.0000） 1表 1裏 1目 1～1局] [49.0584 ％（-0.9416） 11表 12裏 241目 21～42局] [49.3201 ％（-0.6799） 11表 12裏 253目 22～44局] [49.5698 ％（-0.4302） 12表 13裏 287目 23～46局] [49.8088 ％（-0.1912） 12表 13裏 300目 24～48局]
0.52,0,1,1,1,,,[52.0000 ％（+2.0000） 1表 1裏 1目 1～1局] [48.3443 ％（-1.6557） 5表 6裏 55目 10～20局] [49.0984 ％（-0.9016） 6表 7裏 71目 11～22局] [49.7858 ％（-0.2142） 6表 7裏 78目 12～24局] [49.8490 ％（-0.1510） 8表 9裏 208目 24～49局]
0.53,0,1,1,1,,,[53.0000 ％（+3.0000） 1表 1裏 1目 1～1局] [47.0347 ％（-2.9653） 3表 4裏 21目 6～12局] [48.5223 ％（-1.4777） 4表 5裏 31目 7～14局] [49.8078 ％（-0.1922） 4表 5裏 36目 8～16局] [50.0022 ％（+0.0022） 6表 7裏 106目 16～33局]
0.54,0,1,1,1,《3表 4裏 21目 6～12局で４９％》,【５４％１～１局】,[54.0000 ％（+4.0000） 1表 1裏 1目 1～1局] [47.8443 ％（-2.1557） 3表 4裏 17目 5～10局] [49.8605 ％（-0.1395） 3表 4裏 21目 6～12局] [49.9335 ％（-0.0665） 5表 6裏 169目 29～62局]
0.55,0,1,1,1,《3表 4裏 17目 5～10局で５０％》,【５５％１～１局】,[55.0000 ％（+5.0000） 1表 1裏 1目 1～1局] [47.6956 ％（-2.3044） 2表 3裏 10目 4～8局] [50.4405 ％（+0.4405） 3表 4裏 17目 5～10局] [50.2476 ％（+0.2476） 4表 5裏 66目 14～30局] [50.1907 ％（+0.1907） 4表 5裏 111目 23～50局] [50.1608 ％（+0.1608） 4表 5裏 156目 32～70局] [50.1416 ％（+0.1416） 5表 6裏 246目 41～90局]
0.56,0,2,3,7,,,[56.0000 ％（+6.0000） 1表 1裏 1目 1～1局] [46.1828 ％（-3.8172） 2表 3裏 7目 3～6局] [50.0364 ％（+0.0364） 2表 3裏 10目 4～8局] [50.0045 ％（+0.0045） 3表 4裏 57目 15～33局]
0.57,0,2,3,7,,,[57.0000 ％（+7.0000） 1表 1裏 1目 1～1局] [48.2304 ％（-1.7696） 2表 3裏 7目 3～6局] [48.5412 ％（-1.4588） 2表 3裏 16目 6～13局] [48.6356 ％（-1.3644） 3表 4裏 34目 9～20局] [51.0931 ％（+1.0931） 3表 4裏 37目 10～22局] [50.8020 ％（+0.8020） 3表 4裏 49目 13～29局] [50.5852 ％（+0.5852） 3表 4裏 61目 16～36局] [50.4124 ％（+0.4124） 3表 4裏 73目 19～43局] [50.2683 ％（+0.2683） 3表 4裏 85目 22～50局] [50.1445 ％（+0.1445） 3表 4裏 97目 25～57局] [50.0355 ％（+0.0355） 3表 4裏 109目 28～64局] [50.0214 ％（+0.0214） 3表 4裏 281目 71～164局]
0.58,0,2,3,7,,,[58.0000 ％（+8.0000） 1表 1裏 1目 1～1局] [44.0953 ％（-5.9047） 1表 2裏 3目 2～4局] [50.2905 ％（+0.2905） 2表 3裏 7目 3～6局] [49.8284 ％（-0.1716） 3表 4裏 64目 16～37局] [50.0747 ％（+0.0747） 5表 7裏 162目 24～56局] [50.0534 ％（+0.0534） 5表 7裏 309目 45～106局]
0.59,0,2,3,7,,,[59.0000 ％（+9.0000） 1表 1裏 1目 1～1局] [45.7995 ％（-4.2005） 1表 2裏 3目 2～4局] [52.3591 ％（+2.3591） 2表 3裏 7目 3～6局] [50.5203 ％（+0.5203） 2表 3裏 13目 5～11局] [50.0070 ％（+0.0070） 2表 3裏 40目 14～33局]
0.60,0,1,2,3,,,[60.0000 ％（+10.0000） 1表 1裏 1目 1～1局] [47.5200 ％（-2.4800） 1表 2裏 3目 2～4局] [48.2610 ％（-1.7390） 2表 3裏 11目 4～9局] [48.5855 ％（-1.4145） 2表 3裏 17目 6～14局] [48.7775 ％（-1.2225） 2表 3裏 23目 8～19局] [48.9080 ％（-1.0920） 2表 3裏 29目 10～24局] [49.0041 ％（-0.9959） 2表 3裏 35目 12～29局] [49.0785 ％（-0.9215） 2表 3裏 41目 14～34局] [49.1385 ％（-0.8615） 2表 3裏 47目 16～39局] [49.1881 ％（-0.8119） 2表 3裏 53目 18～44局] [49.2300 ％（-0.7700） 2表 3裏 59目 20～49局] [49.2660 ％（-0.7340） 2表 3裏 65目 22～54局] [49.2974 ％（-0.7026） 2表 3裏 71目 24～59局] [49.3251 ％（-0.6749） 2表 3裏 77目 26～64局] [49.3497 ％（-0.6503） 2表 3裏 83目 28～69局] [49.3719 ％（-0.6281） 2表 3裏 89目 30～74局] [49.3919 ％（-0.6081） 2表 3裏 95目 32～79局] [49.4101 ％（-0.5899） 2表 3裏 101目 34～84局] [49.4268 ％（-0.5732） 2表 3裏 107目 36～89局] [49.4421 ％（-0.5579） 2表 3裏 113目 38～94局] [49.4563 ％（-0.5437） 2表 3裏 119目 40～99局] [49.4694 ％（-0.5306） 2表 3裏 125目 42～104局] [49.4817 ％（-0.5183） 2表 3裏 131目 44～109局] [49.4931 ％（-0.5069） 2表 3裏 137目 46～114局] [49.5038 ％（-0.4962） 2表 3裏 143目 48～119局] [49.5138 ％（-0.4862） 2表 3裏 149目 50～124局] [49.5233 ％（-0.4767） 2表 3裏 155目 52～129局] [49.5322 ％（-0.4678） 2表 3裏 161目 54～134局] [49.5407 ％（-0.4593） 2表 3裏 167目 56～139局] [49.5487 ％（-0.4513） 2表 3裏 173目 58～144局] [49.5563 ％（-0.4437） 2表 3裏 179目 60～149局] [49.5635 ％（-0.4365） 2表 3裏 185目 62～154局] [49.5704 ％（-0.4296） 2表 3裏 191目 64～159局] [49.5770 ％（-0.4230） 2表 3裏 197目 66～164局] [49.5833 ％（-0.4167） 2表 3裏 203目 68～169局] [49.5893 ％（-0.4107） 2表 3裏 209目 70～174局] [49.5950 ％（-0.4050） 2表 3裏 215目 72～179局] [49.6005 ％（-0.3995） 2表 3裏 221目 74～184局] [49.6058 ％（-0.3942） 2表 3裏 227目 76～189局] [49.6109 ％（-0.3891） 2表 3裏 233目 78～194局] [49.6158 ％（-0.3842） 2表 3裏 239目 80～199局] [49.6206 ％（-0.3794） 2表 3裏 245目 82～204局] [49.6251 ％（-0.3749） 2表 3裏 251目 84～209局] [49.6295 ％（-0.3705） 2表 3裏 257目 86～214局] [49.6337 ％（-0.3663） 2表 3裏 263目 88～219局] [49.6378 ％（-0.3622） 2表 3裏 269目 90～224局] [49.6418 ％（-0.3582） 2表 3裏 275目 92～229局] [49.6456 ％（-0.3544） 2表 3裏 281目 94～234局] [49.6493 ％（-0.3507） 2表 3裏 287目 96～239局] [49.6529 ％（-0.3471） 2表 3裏 293目 98～244局] [49.6564 ％（-0.3436） 2表 3裏 299目 100～249局] [49.6598 ％（-0.3402） 2表 3裏 305目 102～254局] [49.6631 ％（-0.3369） 2表 3裏 311目 104～259局]
0.61,0,1,2,3,,,[61.0000 ％（+11.0000） 1表 1裏 1目 1～1局] [49.2549 ％（-0.7451） 1表 2裏 3目 2～4局] [49.2630 ％（-0.7370） 2表 3裏 27目 9～22局] [50.1164 ％（+0.1164） 2表 3裏 33目 11～27局] [49.9727 ％（-0.0273） 5表 8裏 265目 34～86局]
0.62,0,1,2,3,,,[62.0000 ％（+12.0000） 1表 1裏 1目 1～1局] [38.4400 ％（-11.5600） 1表 2裏 2目 1～2局] [51.0022 ％（+1.0022） 1表 2裏 3目 2～4局] [49.5719 ％（-0.4281） 2表 3裏 15目 5～12局] [50.0097 ％（+0.0097） 3表 5裏 61目 13～33局] [50.0024 ％（+0.0024） 3表 5裏 156目 32～83局]
0.63,0,1,2,5,,,[63.0000 ％（+13.0000） 1表 1裏 1目 1～1局] [39.6900 ％（-10.3100） 1表 2裏 2目 1～2局] [52.7599 ％（+2.7599） 1表 2裏 3目 2～4局] [48.6641 ％（-1.3359） 1表 2裏 5目 3～7局] [49.8927 ％（-0.1073） 3表 5裏 28目 6～15局] [50.0498 ％（+0.0498） 3表 5裏 79目 16～42局]
0.64,0,1,2,5,,,[64.0000 ％（+14.0000） 1表 1裏 1目 1～1局] [40.9600 ％（-9.0400） 1表 2裏 2目 1～2局] [54.5260 ％（+4.5260） 1表 2裏 3目 2～4局] [50.9383 ％（+0.9383） 1表 2裏 5目 3～7局] [49.7818 ％（-0.2182） 3表 5裏 40目 8～21局] [49.8440 ％（-0.1560） 4表 7裏 117目 17～46局] [49.8723 ％（-0.1277） 4表 7裏 181目 26～71局] [49.8893 ％（-0.1107） 4表 7裏 245目 35～96局]
0.65,0,1,2,7,,,[65.0000 ％（+15.0000） 1表 1裏 1目 1～1局] [42.2500 ％（-7.7500） 1表 2裏 2目 1～2局] [56.2981 ％（+6.2981） 1表 2裏 3目 2～4局] [53.2283 ％（+3.2283） 1表 2裏 5目 3～7局] [51.3827 ％（+1.3827） 1表 2裏 7目 4～10局] [50.0503 ％（+0.0503） 1表 2裏 9目 5～13局] [50.0127 ％（+0.0127） 5表 9裏 106目 12～33局] [50.0063 ％（+0.0063） 5表 9裏 171目 19～53局]
0.66,0,1,2,9,,,[66.0000 ％（+16.0000） 1表 1裏 1目 1～1局] [43.5600 ％（-6.4400） 1表 2裏 2目 1～2局] [44.7804 ％（-5.2196） 1表 2裏 4目 2～5局] [45.1919 ％（-4.8081） 1表 2裏 6目 3～8局] [54.1061 ％（+4.1061） 1表 2裏 7目 4～10局] [53.1382 ％（+3.1382） 1表 2裏 9目 5～13局] [52.4088 ％（+2.4088） 1表 2裏 11目 6～16局] [51.8242 ％（+1.8242） 1表 2裏 13目 7～19局] [51.3359 ％（+1.3359） 1表 2裏 15目 8～22局] [50.9158 ％（+0.9158） 1表 2裏 17目 9～25局] [50.5465 ％（+0.5465） 1表 2裏 19目 10～28局] [50.2163 ％（+0.2163） 1表 2裏 21目 11～31局] [49.9171 ％（-0.0829） 1表 2裏 23目 12～34局]
0.67,0,1,2,8,,,[67.0000 ％（+17.0000） 1表 1裏 1目 1～1局] [44.8900 ％（-5.1100） 1表 2裏 2目 1～2局] [46.7506 ％（-3.2494） 1表 2裏 4目 2～5局] [47.6435 ％（-2.3565） 1表 2裏 6目 3～8局] [48.2118 ％（-1.7882） 1表 2裏 8目 4～11局] [48.6242 ％（-1.3758） 1表 2裏 10目 5～14局] [48.9469 ％（-1.0531） 1表 2裏 12目 6～17局] [49.2122 ％（-0.7878） 1表 2裏 14目 7～20局] [49.4376 ％（-0.5624） 1表 2裏 16目 8～23局] [49.6341 ％（-0.3659） 1表 2裏 18目 9～26局] [49.8086 ％（-0.1914） 1表 2裏 20目 10～29局] [49.9658 ％（-0.0342） 1表 2裏 22目 11～32局]
0.68,0,1,2,6,,,[68.0000 ％（+18.0000） 1表 1裏 1目 1～1局] [46.2400 ％（-3.7600） 1表 2裏 2目 1～2局] [48.7495 ％（-1.2505） 1表 2裏 4目 2～5局] [50.1298 ％（+0.1298） 1表 2裏 6目 3～8局] [50.0162 ％（+0.0162） 4表 9裏 91目 11～33局] [50.0070 ％（+0.0070） 5表 11裏 199目 19～58局]
0.69,0,1,2,4,,,[69.0000 ％（+19.0000） 1表 1裏 1目 1～1局] [47.6100 ％（-2.3900） 1表 2裏 2目 1～2局] [50.7744 ％（+0.7744） 1表 2裏 4目 2～5局] [49.7055 ％（-0.2945） 2表 5裏 26目 6～18局] [49.9266 ％（-0.0734） 3表 7裏 99目 15～47局] [50.0380 ％（+0.0380） 4表 9裏 209目 24～76局]
0.70,0,1,2,2,,,[70.0000 ％（+20.0000） 1表 1裏 1目 1～1局] [49.0000 ％（-1.0000） 1表 2裏 2目 1～2局] [49.2516 ％（-0.7484） 2表 5裏 17目 4～12局] [49.4176 ％（-0.5824） 2表 5裏 31目 7～22局] [49.5078 ％（-0.4922） 2表 5裏 46目 10～32局] [49.5660 ％（-0.4340） 3表 7裏 88目 13～42局] [49.6076 ％（-0.3924） 3表 7裏 109目 16～52局] [49.6392 ％（-0.3608） 3表 7裏 130目 19～62局] [49.6642 ％（-0.3358） 3表 7裏 151目 22～72局] [49.6846 ％（-0.3154） 3表 7裏 172目 25～82局] [49.7017 ％（-0.2983） 3表 7裏 193目 28～92局] [49.7163 ％（-0.2837） 3表 7裏 214目 31～102局] [49.7290 ％（-0.2710） 3表 7裏 235目 34～112局] [49.7401 ％（-0.2599） 3表 7裏 256目 37～122局] [49.7499 ％（-0.2501） 3表 7裏 277目 40～132局] [49.7587 ％（-0.2413） 3表 7裏 298目 43～142局]
0.71,0,1,2,2,,,[71.0000 ％（+21.0000） 1表 1裏 1目 1～1局] [50.4100 ％（+0.4100） 1表 2裏 2目 1～2局] [50.0204 ％（+0.0204） 2表 5裏 47目 10～33局]
0.72,0,1,2,2,,,[72.0000 ％（+22.0000） 1表 1裏 1目 1～1局] [51.8400 ％（+1.8400） 1表 2裏 2目 1～2局] [51.7098 ％（+1.7098） 1表 3裏 7目 3～9局] [48.4515 ％（-1.5485） 1表 3裏 10目 4～13局] [49.5181 ％（-0.4819） 2表 5裏 29目 6～20局] [50.2571 ％（+0.2571） 2表 5裏 39目 8～27局] [50.1753 ％（+0.1753） 2表 5裏 75目 15～52局] [50.1411 ％（+0.1411） 5表 13裏 276目 22～77局]
0.73,0,1,3,5,,,[73.0000 ％（+23.0000） 1表 1裏 1目 1～1局] [53.2900 ％（+3.2900） 1表 2裏 2目 1～2局] [48.7172 ％（-1.2828） 1表 3裏 5目 2～6局] [49.7741 ％（-0.2259） 1表 3裏 13目 5～17局] [49.9707 ％（-0.0293） 3表 8裏 118目 15～54局]
0.74,0,1,3,5,,,[74.0000 ％（+24.0000） 1表 1裏 1目 1～1局] [54.7600 ％（+4.7600） 1表 2裏 2目 1～2局] [51.0372 ％（+1.0372） 1表 3裏 5目 2～6局] [49.5780 ％（-0.4220） 1表 3裏 8目 3～10局] [50.0257 ％（+0.0257） 1表 3裏 25目 9～33局] [50.0065 ％（+0.0065） 5表 14裏 306目 22～83局]
0.75,0,1,3,5,,,[75.0000 ％（+25.0000） 1表 1裏 1目 1～1局] [56.2500 ％（+6.2500） 1表 2裏 2目 1～2局] [53.3936 ％（+3.3936） 1表 3裏 5目 2～6局] [52.5593 ％（+2.5593） 1表 3裏 8目 3～10局] [52.1340 ％（+2.1340） 1表 3裏 11目 4～14局] [51.8669 ％（+1.8669） 1表 3裏 14目 5～18局] [51.6797 ％（+1.6797） 1表 3裏 17目 6～22局] [51.5393 ％（+1.5393） 1表 3裏 20目 7～26局] [51.4290 ％（+1.4290） 1表 3裏 23目 8～30局] [51.3394 ％（+1.3394） 1表 3裏 26目 9～34局] [51.2647 ％（+1.2647） 1表 3裏 29目 10～38局] [51.2013 ％（+1.2013） 1表 3裏 32目 11～42局] [51.1465 ％（+1.1465） 1表 3裏 35目 12～46局] [51.0986 ％（+1.0986） 1表 3裏 38目 13～50局] [51.0562 ％（+1.0562） 1表 3裏 41目 14～54局] [51.0184 ％（+1.0184） 1表 3裏 44目 15～58局] [50.9844 ％（+0.9844） 1表 3裏 47目 16～62局] [50.9536 ％（+0.9536） 1表 3裏 50目 17～66局] [50.9254 ％（+0.9254） 1表 3裏 53目 18～70局] [50.8997 ％（+0.8997） 1表 3裏 56目 19～74局] [50.8760 ％（+0.8760） 1表 3裏 59目 20～78局] [50.8540 ％（+0.8540） 1表 3裏 62目 21～82局] [50.8336 ％（+0.8336） 1表 3裏 65目 22～86局] [50.8147 ％（+0.8147） 1表 3裏 68目 23～90局] [50.7969 ％（+0.7969） 1表 3裏 71目 24～94局] [50.7803 ％（+0.7803） 1表 3裏 74目 25～98局] [50.7646 ％（+0.7646） 1表 3裏 77目 26～102局] [50.7499 ％（+0.7499） 1表 3裏 80目 27～106局] [50.7360 ％（+0.7360） 1表 3裏 83目 28～110局] [50.7228 ％（+0.7228） 1表 3裏 86目 29～114局] [50.7104 ％（+0.7104） 1表 3裏 89目 30～118局] [50.6985 ％（+0.6985） 1表 3裏 92目 31～122局] [50.6872 ％（+0.6872） 1表 3裏 95目 32～126局] [50.6765 ％（+0.6765） 1表 3裏 98目 33～130局] [50.6662 ％（+0.6662） 1表 3裏 101目 34～134局] [50.6564 ％（+0.6564） 1表 3裏 104目 35～138局] [50.6470 ％（+0.6470） 1表 3裏 107目 36～142局] [50.6380 ％（+0.6380） 1表 3裏 110目 37～146局] [50.6294 ％（+0.6294） 1表 3裏 113目 38～150局] [50.6211 ％（+0.6211） 1表 3裏 116目 39～154局] [50.6131 ％（+0.6131） 1表 3裏 119目 40～158局] [50.6054 ％（+0.6054） 1表 3裏 122目 41～162局] [50.5981 ％（+0.5981） 1表 3裏 125目 42～166局] [50.5909 ％（+0.5909） 1表 3裏 128目 43～170局] [50.5840 ％（+0.5840） 1表 3裏 131目 44～174局] [50.5774 ％（+0.5774） 1表 3裏 134目 45～178局] [50.5710 ％（+0.5710） 1表 3裏 137目 46～182局] [50.5648 ％（+0.5648） 1表 3裏 140目 47～186局] [50.5588 ％（+0.5588） 1表 3裏 143目 48～190局] [50.5529 ％（+0.5529） 1表 3裏 146目 49～194局] [50.5473 ％（+0.5473） 1表 3裏 149目 50～198局] [50.5418 ％（+0.5418） 1表 3裏 152目 51～202局] [50.5365 ％（+0.5365） 1表 3裏 155目 52～206局] [50.5313 ％（+0.5313） 1表 3裏 158目 53～210局] [50.5263 ％（+0.5263） 1表 3裏 161目 54～214局] [50.5214 ％（+0.5214） 1表 3裏 164目 55～218局] [50.5167 ％（+0.5167） 1表 3裏 167目 56～222局] [50.5121 ％（+0.5121） 1表 3裏 170目 57～226局] [50.5076 ％（+0.5076） 1表 3裏 173目 58～230局] [50.5032 ％（+0.5032） 1表 3裏 176目 59～234局] [50.4989 ％（+0.4989） 1表 3裏 179目 60～238局] [50.4948 ％（+0.4948） 1表 3裏 182目 61～242局] [50.4907 ％（+0.4907） 1表 3裏 185目 62～246局] [50.4867 ％（+0.4867） 1表 3裏 188目 63～250局] [50.4829 ％（+0.4829） 1表 3裏 191目 64～254局] [50.4791 ％（+0.4791） 1表 3裏 194目 65～258局] [50.4754 ％（+0.4754） 1表 3裏 197目 66～262局] [50.4718 ％（+0.4718） 1表 3裏 200目 67～266局] [50.4683 ％（+0.4683） 1表 3裏 203目 68～270局] [50.4648 ％（+0.4648） 1表 3裏 206目 69～274局] [50.4615 ％（+0.4615） 1表 3裏 209目 70～278局] [50.4582 ％（+0.4582） 1表 3裏 212目 71～282局] [50.4549 ％（+0.4549） 1表 3裏 215目 72～286局] [50.4518 ％（+0.4518） 1表 3裏 218目 73～290局] [50.4487 ％（+0.4487） 1表 3裏 221目 74～294局] [50.4456 ％（+0.4456） 1表 3裏 224目 75～298局] [50.4427 ％（+0.4427） 1表 3裏 227目 76～302局] [50.4398 ％（+0.4398） 1表 3裏 230目 77～306局] [50.4369 ％（+0.4369） 1表 3裏 233目 78～310局] [50.4341 ％（+0.4341） 1表 3裏 236目 79～314局] [50.4314 ％（+0.4314） 1表 3裏 239目 80～318局] [50.4287 ％（+0.4287） 1表 3裏 242目 81～322局] [50.4260 ％（+0.4260） 1表 3裏 245目 82～326局] [50.4234 ％（+0.4234） 1表 3裏 248目 83～330局] [50.4209 ％（+0.4209） 1表 3裏 251目 84～334局] [50.4184 ％（+0.4184） 1表 3裏 254目 85～338局] [50.4159 ％（+0.4159） 1表 3裏 257目 86～342局] [50.4135 ％（+0.4135） 1表 3裏 260目 87～346局] [50.4111 ％（+0.4111） 1表 3裏 263目 88～350局] [50.4088 ％（+0.4088） 1表 3裏 266目 89～354局] [50.4065 ％（+0.4065） 1表 3裏 269目 90～358局] [50.4042 ％（+0.4042） 1表 3裏 272目 91～362局] [50.4020 ％（+0.4020） 1表 3裏 275目 92～366局] [50.3998 ％（+0.3998） 1表 3裏 278目 93～370局] [50.3976 ％（+0.3976） 1表 3裏 281目 94～374局] [50.3955 ％（+0.3955） 1表 3裏 284目 95～378局] [50.3934 ％（+0.3934） 1表 3裏 287目 96～382局] [50.3914 ％（+0.3914） 1表 3裏 290目 97～386局] [50.3894 ％（+0.3894） 1表 3裏 293目 98～390局] [50.3874 ％（+0.3874） 1表 3裏 296目 99～394局] [50.3854 ％（+0.3854） 1表 3裏 299目 100～398局] [50.3835 ％（+0.3835） 1表 3裏 302目 101～402局] [50.3816 ％（+0.3816） 1表 3裏 305目 102～406局] [50.3797 ％（+0.3797） 1表 3裏 308目 103～410局] [50.3779 ％（+0.3779） 1表 3裏 311目 104～414局] [50.3761 ％（+0.3761） 1表 3裏 314目 105～418局]
0.76,0,1,3,6,《1表 3裏 12目 4～15局で４９％》,,[76.0000 ％（+26.0000） 1表 1裏 1目 1～1局] [57.7600 ％（+7.7600） 1表 2裏 2目 1～2局] [43.8976 ％（-6.1024） 1表 3裏 3目 1～3局] [55.7816 ％（+5.7816） 1表 3裏 5目 2～6局] [47.0188 ％（-2.9812） 1表 3裏 6目 2～7局] [48.6565 ％（-1.3435） 1表 3裏 9目 3～11局] [49.7762 ％（-0.2238） 1表 3裏 12目 4～15局] [49.8258 ％（-0.1742） 3表 10裏 91目 10～40局] [49.8565 ％（-0.1435） 4表 13裏 197目 16～65局] [49.8755 ％（-0.1245） 4表 13裏 274目 22～90局]
0.77,0,1,3,6,,,[77.0000 ％（+27.0000） 1表 1裏 1目 1～1局] [59.2900 ％（+9.2900） 1表 2裏 2目 1～2局] [45.6533 ％（-4.3467） 1表 3裏 3目 1～3局] [49.6045 ％（-0.3955） 1表 3裏 6目 2～7局] [49.8569 ％（-0.1431） 2表 7裏 31目 5～20局] [50.0325 ％（+0.0325） 2表 7裏 51目 8～33局] [50.0040 ％（+0.0040） 3表 10裏 307目 31～133局]
0.78,0,1,3,6,,,[78.0000 ％（+28.0000） 1表 1裏 1目 1～1局] [60.8400 ％（+10.8400） 1表 2裏 2目 1～2局] [47.4552 ％（-2.5448） 1表 3裏 3目 1～3局] [52.2463 ％（+2.2463） 1表 3裏 6目 2～7局] [48.8643 ％（-1.1357） 1表 4裏 10目 3～12局] [49.5096 ％（-0.4904） 1表 4裏 17目 5～21局] [49.9236 ％（-0.0764） 2表 7裏 47目 7～30局] [49.9376 ％（-0.0624） 2表 7裏 125目 18～80局] [49.9482 ％（-0.0518） 2表 7裏 203目 29～130局]
0.79,0,1,3,3,,,[79.0000 ％（+29.0000） 1表 1裏 1目 1～1局] [62.4100 ％（+12.4100） 1表 2裏 2目 1～2局] [49.3039 ％（-0.6961） 1表 3裏 3目 1～3局] [49.5835 ％（-0.4165） 1表 4裏 18目 5～22局] [49.8239 ％（-0.1761） 1表 4裏 33目 9～41局] [49.9736 ％（-0.0264） 3表 11裏 142目 13～60局]
0.80,0,1,3,3,,,[80.0000 ％（+30.0000） 1表 1裏 1目 1～1局] [64.0000 ％（+14.0000） 1表 2裏 2目 1～2局] [51.2000 ％（+1.2000） 1表 3裏 3目 1～3局] [50.3316 ％（+0.3316） 1表 4裏 7目 2～8局] [50.1652 ％（+0.1652） 1表 4裏 11目 3～13局] [50.1025 ％（+0.1025） 1表 4裏 15目 4～18局] [50.0714 ％（+0.0714） 1表 4裏 19目 5～23局] [50.0533 ％（+0.0533） 1表 4裏 23目 6～28局] [50.0417 ％（+0.0417） 1表 4裏 27目 7～33局] [50.0338 ％（+0.0338） 1表 4裏 31目 8～38局] [50.0281 ％（+0.0281） 1表 4裏 35目 9～43局] [50.0239 ％（+0.0239） 1表 4裏 39目 10～48局] [50.0206 ％（+0.0206） 1表 4裏 43目 11～53局] [50.0180 ％（+0.0180） 1表 4裏 47目 12～58局] [50.0159 ％（+0.0159） 1表 4裏 51目 13～63局] [50.0142 ％（+0.0142） 1表 4裏 55目 14～68局] [50.0128 ％（+0.0128） 1表 4裏 59目 15～73局] [50.0115 ％（+0.0115） 1表 4裏 63目 16～78局] [50.0105 ％（+0.0105） 1表 4裏 67目 17～83局] [50.0096 ％（+0.0096） 1表 4裏 71目 18～88局] [50.0089 ％（+0.0089） 1表 4裏 75目 19～93局]
0.81,0,1,3,3,,,[81.0000 ％（+31.0000） 1表 1裏 1目 1～1局] [65.6100 ％（+15.6100） 1表 2裏 2目 1～2局] [53.1441 ％（+3.1441） 1表 3裏 3目 1～3局] [48.6240 ％（-1.3760） 1表 4裏 12目 3～14局] [49.9482 ％（-0.0518） 1表 4裏 16目 4～19局]
0.82,0,1,4,8,,,[82.0000 ％（+32.0000） 1表 1裏 1目 1～1局] [67.2400 ％（+17.2400） 1表 2裏 2目 1～2局] [55.1368 ％（+5.1368） 1表 3裏 3目 1～3局] [45.2122 ％（-4.7878） 1表 4裏 4目 1～4局] [49.8770 ％（-0.1230） 1表 4裏 8目 2～9局] [50.0990 ％（+0.0990） 2表 9裏 115目 13～70局] [50.0704 ％（+0.0704） 2表 9裏 197目 22～120局] [50.0574 ％（+0.0574） 2表 9裏 279目 31～170局]
0.83,0,1,4,4,,,[83.0000 ％（+33.0000） 1表 1裏 1目 1～1局] [68.8900 ％（+18.8900） 1表 2裏 2目 1～2局] [57.1787 ％（+7.1787） 1表 3裏 3目 1～3局] [47.4583 ％（-2.5417） 1表 4裏 4目 1～4局] [51.8108 ％（+1.8108） 1表 5裏 13目 3～15局] [51.0316 ％（+1.0316） 1表 5裏 18目 4～21局] [50.4823 ％（+0.4823） 1表 5裏 23目 5～27局] [50.0550 ％（+0.0550） 1表 5裏 28目 6～33局] [50.0068 ％（+0.0068） 1表 5裏 111目 23～133局]
0.84,0,1,4,4,,,[84.0000 ％（+34.0000） 1表 1裏 1目 1～1局] [70.5600 ％（+20.5600） 1表 2裏 2目 1～2局] [59.2704 ％（+9.2704） 1表 3裏 3目 1～3局] [49.7871 ％（-0.2129） 1表 4裏 4目 1～4局] [50.2122 ％（+0.2122） 2表 11裏 101目 10～60局] [50.1721 ％（+0.1721） 2表 11裏 144目 14～85局] [50.1484 ％（+0.1484） 3表 16裏 277目 18～110局]
0.85,0,1,4,4,,,[85.0000 ％（+35.0000） 1表 1裏 1目 1～1局] [72.2500 ％（+22.2500） 1表 2裏 2目 1～2局] [61.4125 ％（+11.4125） 1表 3裏 3目 1～3局] [52.2006 ％（+2.2006） 1表 4裏 4目 1～4局] [49.2186 ％（-0.7814） 1表 5裏 10目 2～11局] [50.4879 ％（+0.4879） 1表 6裏 21目 4～24局] [50.3246 ％（+0.3246） 1表 6裏 38目 7～44局] [50.2578 ％（+0.2578） 1表 6裏 55目 10～64局] [50.2199 ％（+0.2199） 2表 11裏 143目 13～84局] [50.1947 ％（+0.1947） 3表 17裏 265目 16～104局]
0.86,0,1,5,5,,,[86.0000 ％（+36.0000） 1表 1裏 1目 1～1局] [73.9600 ％（+23.9600） 1表 2裏 2目 1～2局] [63.6056 ％（+13.6056） 1表 3裏 3目 1～3局] [54.7008 ％（+4.7008） 1表 4裏 4目 1～4局] [47.0427 ％（-2.9573） 1表 5裏 5目 1～5局] [48.3411 ％（-1.6589） 1表 6裏 11目 2～12局] [49.1148 ％（-0.8852） 1表 6裏 17目 3～19局] [49.6563 ％（-0.3437） 1表 6裏 23目 4～26局] [50.0754 ％（+0.0754） 1表 6裏 29目 5～33局] [50.0190 ％（+0.0190） 1表 6裏 72目 12～83局]
0.87,0,1,5,5,,,[87.0000 ％（+37.0000） 1表 1裏 1目 1～1局] [75.6900 ％（+25.6900） 1表 2裏 2目 1～2局] [65.8503 ％（+15.8503） 1表 3裏 3目 1～3局] [57.2898 ％（+7.2898） 1表 4裏 4目 1～4局] [49.8421 ％（-0.1579） 1表 5裏 5目 1～5局] [49.9335 ％（-0.0665） 1表 7裏 45目 7～51局]
0.88,0,1,5,5,,,[88.0000 ％（+38.0000） 1表 1裏 1目 1～1局] [77.4400 ％（+27.4400） 1表 2裏 2目 1～2局] [68.1472 ％（+18.1472） 1表 3裏 3目 1～3局] [59.9695 ％（+9.9695） 1表 4裏 4目 1～4局] [52.7732 ％（+2.7732） 1表 5裏 5目 1～5局] [52.6238 ％（+2.6238） 1表 6裏 12目 2～13局] [48.5864 ％（-1.4136） 1表 7裏 13目 2～14局] [49.8263 ％（-0.1737） 1表 7裏 20目 3～22局] [49.8370 ％（-0.1630） 2表 15裏 127目 9～72局] [49.8529 ％（-0.1471） 2表 15裏 171目 12～97局] [49.8653 ％（-0.1347） 2表 15裏 215目 15～122局] [49.8752 ％（-0.1248） 2表 15裏 259目 18～147局] [49.8833 ％（-0.1167） 2表 15裏 303目 21～172局]
0.89,0,1,6,6,,,[89.0000 ％（+39.0000） 1表 1裏 1目 1～1局] [79.2100 ％（+29.2100） 1表 2裏 2目 1～2局] [70.4969 ％（+20.4969） 1表 3裏 3目 1～3局] [62.7422 ％（+12.7422） 1表 4裏 4目 1～4局] [55.8406 ％（+5.8406） 1表 5裏 5目 1～5局] [49.6981 ％（-0.3019） 1表 6裏 6目 1～6局] [49.9163 ％（-0.0837） 1表 8裏 22目 3～24局] [50.0137 ％（+0.0137） 1表 8裏 119目 15～133局] [50.0059 ％（+0.0059） 1表 8裏 208目 26～233局]
0.90,0,1,7,7,,,[90.0000 ％（+40.0000） 1表 1裏 1目 1～1局] [81.0000 ％（+31.0000） 1表 2裏 2目 1～2局] [72.9000 ％（+22.9000） 1表 3裏 3目 1～3局] [65.6100 ％（+15.6100） 1表 4裏 4目 1～4局] [59.0490 ％（+9.0490） 1表 5裏 5目 1～5局] [53.1441 ％（+3.1441） 1表 6裏 6目 1～6局] [47.8297 ％（-2.1703） 1表 7裏 7目 1～7局] [51.4728 ％（+1.4728） 1表 8裏 15目 2～16局] [51.0505 ％（+1.0505） 1表 8裏 24目 3～26局] [50.8511 ％（+0.8511） 1表 9裏 33目 4～36局] [50.7317 ％（+0.7317） 1表 9裏 42目 5～46局] [50.6507 ％（+0.6507） 1表 9裏 51目 6～56局] [50.5913 ％（+0.5913） 1表 9裏 60目 7～66局] [50.5455 ％（+0.5455） 1表 9裏 69目 8～76局] [50.5088 ％（+0.5088） 1表 9裏 78目 9～86局] [50.4785 ％（+0.4785） 1表 9裏 87目 10～96局] [50.4531 ％（+0.4531） 1表 9裏 96目 11～106局] [50.4312 ％（+0.4312） 1表 9裏 105目 12～116局] [50.4123 ％（+0.4123） 1表 9裏 114目 13～126局] [50.3956 ％（+0.3956） 1表 9裏 123目 14～136局] [50.3808 ％（+0.3808） 1表 9裏 132目 15～146局] [50.3675 ％（+0.3675） 1表 9裏 141目 16～156局] [50.3556 ％（+0.3556） 1表 9裏 150目 17～166局] [50.3447 ％（+0.3447） 1表 9裏 159目 18～176局] [50.3347 ％（+0.3347） 1表 9裏 168目 19～186局] [50.3256 ％（+0.3256） 1表 9裏 177目 20～196局] [50.3172 ％（+0.3172） 1表 9裏 186目 21～206局] [50.3094 ％（+0.3094） 1表 9裏 195目 22～216局] [50.3021 ％（+0.3021） 1表 9裏 204目 23～226局] [50.2953 ％（+0.2953） 1表 9裏 213目 24～236局] [50.2890 ％（+0.2890） 1表 9裏 222目 25～246局] [50.2831 ％（+0.2831） 1表 9裏 231目 26～256局] [50.2775 ％（+0.2775） 1表 9裏 240目 27～266局] [50.2722 ％（+0.2722） 1表 9裏 249目 28～276局] [50.2672 ％（+0.2672） 1表 9裏 258目 29～286局] [50.2625 ％（+0.2625） 1表 9裏 267目 30～296局] [50.2580 ％（+0.2580） 1表 9裏 276目 31～306局] [50.2537 ％（+0.2537） 1表 9裏 285目 32～316局] [50.2497 ％（+0.2497） 1表 9裏 294目 33～326局] [50.2458 ％（+0.2458） 1表 9裏 303目 34～336局] [50.2421 ％（+0.2421） 1表 9裏 312目 35～346局]
0.91,0,1,7,7,,,[91.0000 ％（+41.0000） 1表 1裏 1目 1～1局] [82.8100 ％（+32.8100） 1表 2裏 2目 1～2局] [75.3571 ％（+25.3571） 1表 3裏 3目 1～3局] [68.5750 ％（+18.5750） 1表 4裏 4目 1～4局] [62.4032 ％（+12.4032） 1表 5裏 5目 1～5局] [56.7869 ％（+6.7869） 1表 6裏 6目 1～6局] [51.6761 ％（+1.6761） 1表 7裏 7目 1～7局] [50.9125 ％（+0.9125） 1表 9裏 17目 2～18局] [50.8725 ％（+0.8725） 1表 9裏 27目 3～29局] [49.2361 ％（-0.7639） 1表 10裏 48目 5～52局] [49.4705 ％（-0.5295） 1表 10裏 58目 6～63局] [49.6662 ％（-0.3338） 1表 10裏 68目 7～74局] [49.8347 ％（-0.1653） 1表 10裏 78目 8～85局] [49.9830 ％（-0.0170） 1表 10裏 88目 9～96局]
0.92,0,1,8,8,,,[92.0000 ％（+42.0000） 1表 1裏 1目 1～1局] [84.6400 ％（+34.6400） 1表 2裏 2目 1～2局] [77.8688 ％（+27.8688） 1表 3裏 3目 1～3局] [71.6393 ％（+21.6393） 1表 4裏 4目 1～4局] [65.9082 ％（+15.9082） 1表 5裏 5目 1～5局] [60.6355 ％（+10.6355） 1表 6裏 6目 1～6局] [55.7847 ％（+5.7847） 1表 7裏 7目 1～7局] [51.3219 ％（+1.3219） 1表 8裏 8目 1～8局] [49.0603 ％（-0.9397） 1表 10裏 20目 2～21局] [50.1801 ％（+0.1801） 1表 11裏 31目 3～33局] [50.0778 ％（+0.0778） 1表 11裏 54目 5～58局] [50.0455 ％（+0.0455） 1表 11裏 77目 7～83局] [50.0307 ％（+0.0307） 1表 12裏 100目 9～108局] [50.0224 ％（+0.0224） 1表 12裏 123目 11～133局] [50.0173 ％（+0.0173） 1表 12裏 146目 13～158局] [50.0139 ％（+0.0139） 1表 12裏 169目 15～183局]
0.93,0,1,10,10,,,[93.0000 ％（+43.0000） 1表 1裏 1目 1～1局] [86.4900 ％（+36.4900） 1表 2裏 2目 1～2局] [80.4357 ％（+30.4357） 1表 3裏 3目 1～3局] [74.8052 ％（+24.8052） 1表 4裏 4目 1～4局] [69.5688 ％（+19.5688） 1表 5裏 5目 1～5局] [64.6990 ％（+14.6990） 1表 6裏 6目 1～6局] [60.1701 ％（+10.1701） 1表 7裏 7目 1～7局] [55.9582 ％（+5.9582） 1表 8裏 8目 1～8局] [52.0411 ％（+2.0411） 1表 9裏 9目 1～9局] [48.3982 ％（-1.6018） 1表 10裏 10目 1～10局] [51.4587 ％（+1.4587） 1表 11裏 22目 2～23局] [49.1754 ％（-0.8246） 1表 12裏 23目 2～24局] [49.7546 ％（-0.2454） 1表 12裏 36目 3～38局] [50.1847 ％（+0.1847） 1表 13裏 49目 4～52局] [49.9384 ％（-0.0616） 1表 13裏 89目 7～95局] [49.9408 ％（-0.0592） 1表 13裏 182目 14～195局]
0.94,0,1,11,11,,,[94.0000 ％（+44.0000） 1表 1裏 1目 1～1局] [88.3600 ％（+38.3600） 1表 2裏 2目 1～2局] [83.0584 ％（+33.0584） 1表 3裏 3目 1～3局] [78.0749 ％（+28.0749） 1表 4裏 4目 1～4局] [73.3904 ％（+23.3904） 1表 5裏 5目 1～5局] [68.9870 ％（+18.9870） 1表 6裏 6目 1～6局] [64.8478 ％（+14.8478） 1表 7裏 7目 1～7局] [60.9569 ％（+10.9569） 1表 8裏 8目 1～8局] [57.2995 ％（+7.2995） 1表 9裏 9目 1～9局] [53.8615 ％（+3.8615） 1表 10裏 10目 1～10局] [50.6298 ％（+0.6298） 1表 11裏 11目 1～11局] [50.3512 ％（+0.3512） 1表 14裏 42目 3～44局] [49.8240 ％（-0.1760） 1表 15裏 58目 4～61局] [50.1743 ％（+0.1743） 1表 15裏 89目 6～94局] [49.8325 ％（-0.1675） 1表 15裏 105目 7～111局] [50.1243 ％（+0.1243） 1表 16裏 136目 9～144局] [50.1002 ％（+0.1002） 1表 16裏 183目 12～194局] [50.0858 ％（+0.0858） 1表 16裏 230目 15～244局] [50.0759 ％（+0.0759） 1表 16裏 277目 18～294局]
0.95,0,1,14,14,,,[95.0000 ％（+45.0000） 1表 1裏 1目 1～1局] [90.2500 ％（+40.2500） 1表 2裏 2目 1～2局] [85.7375 ％（+35.7375） 1表 3裏 3目 1～3局] [81.4506 ％（+31.4506） 1表 4裏 4目 1～4局] [77.3781 ％（+27.3781） 1表 5裏 5目 1～5局] [73.5092 ％（+23.5092） 1表 6裏 6目 1～6局] [69.8337 ％（+19.8337） 1表 7裏 7目 1～7局] [66.3420 ％（+16.3420） 1表 8裏 8目 1～8局] [63.0249 ％（+13.0249） 1表 9裏 9目 1～9局] [59.8737 ％（+9.8737） 1表 10裏 10目 1～10局] [56.8800 ％（+6.8800） 1表 11裏 11目 1～11局] [54.0360 ％（+4.0360） 1表 12裏 12目 1～12局] [51.3342 ％（+1.3342） 1表 13裏 13目 1～13局] [48.7675 ％（-1.2325） 1表 14裏 14目 1～14局] [50.3650 ％（+0.3650） 1表 16裏 32目 2～33局] [50.1816 ％（+0.1816） 1表 17裏 51目 3～53局] [50.1127 ％（+0.1127） 1表 18裏 70目 4～73局] [50.0784 ％（+0.0784） 1表 18裏 89目 5～93局] [50.0586 ％（+0.0586） 1表 18裏 108目 6～113局] [50.0459 ％（+0.0459） 1表 19裏 127目 7～133局] [50.0372 ％（+0.0372） 1表 19裏 146目 8～153局] [50.0309 ％（+0.0309） 1表 19裏 165目 9～173局] [50.0262 ％（+0.0262） 1表 19裏 184目 10～193局] [50.0226 ％（+0.0226） 1表 19裏 203目 11～213局] [50.0198 ％（+0.0198） 1表 19裏 222目 12～233局] [50.0175 ％（+0.0175） 1表 19裏 241目 13～253局] [50.0156 ％（+0.0156） 1表 19裏 260目 14～273局] [50.0140 ％（+0.0140） 1表 19裏 279目 15～293局] [50.0127 ％（+0.0127） 1表 19裏 298目 16～313局]
0.96,0,1,17,17,,,[96.0000 ％（+46.0000） 1表 1裏 1目 1～1局] [92.1600 ％（+42.1600） 1表 2裏 2目 1～2局] [88.4736 ％（+38.4736） 1表 3裏 3目 1～3局] [84.9347 ％（+34.9347） 1表 4裏 4目 1～4局] [81.5373 ％（+31.5373） 1表 5裏 5目 1～5局] [78.2758 ％（+28.2758） 1表 6裏 6目 1～6局] [75.1447 ％（+25.1447） 1表 7裏 7目 1～7局] [72.1390 ％（+22.1390） 1表 8裏 8目 1～8局] [69.2534 ％（+19.2534） 1表 9裏 9目 1～9局] [66.4833 ％（+16.4833） 1表 10裏 10目 1～10局] [63.8239 ％（+13.8239） 1表 11裏 11目 1～11局] [61.2710 ％（+11.2710） 1表 12裏 12目 1～12局] [58.8201 ％（+8.8201） 1表 13裏 13目 1～13局] [56.4673 ％（+6.4673） 1表 14裏 14目 1～14局] [54.2086 ％（+4.2086） 1表 15裏 15目 1～15局] [52.0403 ％（+2.0403） 1表 16裏 16目 1～16局] [49.9587 ％（-0.0413） 1表 17裏 17目 1～17局]
0.97,0,1,23,23,,,[97.0000 ％（+47.0000） 1表 1裏 1目 1～1局] [94.0900 ％（+44.0900） 1表 2裏 2目 1～2局] [91.2673 ％（+41.2673） 1表 3裏 3目 1～3局] [88.5293 ％（+38.5293） 1表 4裏 4目 1～4局] [85.8734 ％（+35.8734） 1表 5裏 5目 1～5局] [83.2972 ％（+33.2972） 1表 6裏 6目 1～6局] [80.7983 ％（+30.7983） 1表 7裏 7目 1～7局] [78.3743 ％（+28.3743） 1表 8裏 8目 1～8局] [76.0231 ％（+26.0231） 1表 9裏 9目 1～9局] [73.7424 ％（+23.7424） 1表 10裏 10目 1～10局] [71.5301 ％（+21.5301） 1表 11裏 11目 1～11局] [69.3842 ％（+19.3842） 1表 12裏 12目 1～12局] [67.3027 ％（+17.3027） 1表 13裏 13目 1～13局] [65.2836 ％（+15.2836） 1表 14裏 14目 1～14局] [63.3251 ％（+13.3251） 1表 15裏 15目 1～15局] [61.4254 ％（+11.4254） 1表 16裏 16目 1～16局] [59.5826 ％（+9.5826） 1表 17裏 17目 1～17局] [57.7951 ％（+7.7951） 1表 18裏 18目 1～18局] [56.0613 ％（+6.0613） 1表 19裏 19目 1～19局] [54.3794 ％（+4.3794） 1表 20裏 20目 1～20局] [52.7481 ％（+2.7481） 1表 21裏 21目 1～21局] [51.1656 ％（+1.1656） 1表 22裏 22目 1～22局] [49.6306 ％（-0.3694） 1表 23裏 23目 1～23局] [49.8483 ％（-0.1517） 1表 29裏 87目 3～89局] [50.0420 ％（+0.0420） 1表 30裏 119目 4～122局] [49.9935 ％（-0.0065） 1表 31裏 216目 7～222局]
0.98,0,1,34,34,,,[98.0000 ％（+48.0000） 1表 1裏 1目 1～1局] [96.0400 ％（+46.0400） 1表 2裏 2目 1～2局] [94.1192 ％（+44.1192） 1表 3裏 3目 1～3局] [92.2368 ％（+42.2368） 1表 4裏 4目 1～4局] [90.3921 ％（+40.3921） 1表 5裏 5目 1～5局] [88.5842 ％（+38.5842） 1表 6裏 6目 1～6局] [86.8126 ％（+36.8126） 1表 7裏 7目 1～7局] [85.0763 ％（+35.0763） 1表 8裏 8目 1～8局] [83.3748 ％（+33.3748） 1表 9裏 9目 1～9局] [81.7073 ％（+31.7073） 1表 10裏 10目 1～10局] [80.0731 ％（+30.0731） 1表 11裏 11目 1～11局] [78.4717 ％（+28.4717） 1表 12裏 12目 1～12局] [76.9022 ％（+26.9022） 1表 13裏 13目 1～13局] [75.3642 ％（+25.3642） 1表 14裏 14目 1～14局] [73.8569 ％（+23.8569） 1表 15裏 15目 1～15局] [72.3798 ％（+22.3798） 1表 16裏 16目 1～16局] [70.9322 ％（+20.9322） 1表 17裏 17目 1～17局] [69.5135 ％（+19.5135） 1表 18裏 18目 1～18局] [68.1233 ％（+18.1233） 1表 19裏 19目 1～19局] [66.7608 ％（+16.7608） 1表 20裏 20目 1～20局] [65.4256 ％（+15.4256） 1表 21裏 21目 1～21局] [64.1171 ％（+14.1171） 1表 22裏 22目 1～22局] [62.8347 ％（+12.8347） 1表 23裏 23目 1～23局] [61.5780 ％（+11.5780） 1表 24裏 24目 1～24局] [60.3465 ％（+10.3465） 1表 25裏 25目 1～25局] [59.1395 ％（+9.1395） 1表 26裏 26目 1～26局] [57.9568 ％（+7.9568） 1表 27裏 27目 1～27局] [56.7976 ％（+6.7976） 1表 28裏 28目 1～28局] [55.6617 ％（+5.6617） 1表 29裏 29目 1～29局] [54.5484 ％（+4.5484） 1表 30裏 30目 1～30局] [53.4575 ％（+3.4575） 1表 31裏 31目 1～31局] [52.3883 ％（+2.3883） 1表 32裏 32目 1～32局] [51.3405 ％（+1.3405） 1表 33裏 33目 1～33局] [50.3137 ％（+0.3137） 1表 34裏 34目 1～34局] [49.7331 ％（-0.2669） 1表 42裏 83目 2～84局] [50.1824 ％（+0.1824） 1表 44裏 131目 3～133局] [50.1131 ％（+0.1131） 1表 45裏 180目 4～183局] [50.0787 ％（+0.0787） 1表 46裏 229目 5～233局] [50.0588 ％（+0.0588） 1表 47裏 278目 6～283局]
0.99,0,1,67,67,,,[99.0000 ％（+49.0000） 1表 1裏 1目 1～1局] [98.0100 ％（+48.0100） 1表 2裏 2目 1～2局] [97.0299 ％（+47.0299） 1表 3裏 3目 1～3局] [96.0596 ％（+46.0596） 1表 4裏 4目 1～4局] [95.0990 ％（+45.0990） 1表 5裏 5目 1～5局] [94.1480 ％（+44.1480） 1表 6裏 6目 1～6局] [93.2065 ％（+43.2065） 1表 7裏 7目 1～7局] [92.2745 ％（+42.2745） 1表 8裏 8目 1～8局] [91.3517 ％（+41.3517） 1表 9裏 9目 1～9局] [90.4382 ％（+40.4382） 1表 10裏 10目 1～10局] [89.5338 ％（+39.5338） 1表 11裏 11目 1～11局] [88.6385 ％（+38.6385） 1表 12裏 12目 1～12局] [87.7521 ％（+37.7521） 1表 13裏 13目 1～13局] [86.8746 ％（+36.8746） 1表 14裏 14目 1～14局] [86.0058 ％（+36.0058） 1表 15裏 15目 1～15局] [85.1458 ％（+35.1458） 1表 16裏 16目 1～16局] [84.2943 ％（+34.2943） 1表 17裏 17目 1～17局] [83.4514 ％（+33.4514） 1表 18裏 18目 1～18局] [82.6169 ％（+32.6169） 1表 19裏 19目 1～19局] [81.7907 ％（+31.7907） 1表 20裏 20目 1～20局] [80.9728 ％（+30.9728） 1表 21裏 21目 1～21局] [80.1631 ％（+30.1631） 1表 22裏 22目 1～22局] [79.3614 ％（+29.3614） 1表 23裏 23目 1～23局] [78.5678 ％（+28.5678） 1表 24裏 24目 1～24局] [77.7821 ％（+27.7821） 1表 25裏 25目 1～25局] [77.0043 ％（+27.0043） 1表 26裏 26目 1～26局] [76.2343 ％（+26.2343） 1表 27裏 27目 1～27局] [75.4719 ％（+25.4719） 1表 28裏 28目 1～28局] [74.7172 ％（+24.7172） 1表 29裏 29目 1～29局] [73.9700 ％（+23.9700） 1表 30裏 30目 1～30局] [73.2303 ％（+23.2303） 1表 31裏 31目 1～31局] [72.4980 ％（+22.4980） 1表 32裏 32目 1～32局] [71.7731 ％（+21.7731） 1表 33裏 33目 1～33局] [71.0553 ％（+21.0553） 1表 34裏 34目 1～34局] [70.3448 ％（+20.3448） 1表 35裏 35目 1～35局] [69.6413 ％（+19.6413） 1表 36裏 36目 1～36局] [68.9449 ％（+18.9449） 1表 37裏 37目 1～37局] [68.2555 ％（+18.2555） 1表 38裏 38目 1～38局] [67.5729 ％（+17.5729） 1表 39裏 39目 1～39局] [66.8972 ％（+16.8972） 1表 40裏 40目 1～40局] [66.2282 ％（+16.2282） 1表 41裏 41目 1～41局] [65.5659 ％（+15.5659） 1表 42裏 42目 1～42局] [64.9103 ％（+14.9103） 1表 43裏 43目 1～43局] [64.2612 ％（+14.2612） 1表 44裏 44目 1～44局] [63.6185 ％（+13.6185） 1表 45裏 45目 1～45局] [62.9824 ％（+12.9824） 1表 46裏 46目 1～46局] [62.3525 ％（+12.3525） 1表 47裏 47目 1～47局] [61.7290 ％（+11.7290） 1表 48裏 48目 1～48局] [61.1117 ％（+11.1117） 1表 49裏 49目 1～49局] [60.5006 ％（+10.5006） 1表 50裏 50目 1～50局] [59.8956 ％（+9.8956） 1表 51裏 51目 1～51局] [59.2966 ％（+9.2966） 1表 52裏 52目 1～52局] [58.7037 ％（+8.7037） 1表 53裏 53目 1～53局] [58.1166 ％（+8.1166） 1表 54裏 54目 1～54局] [57.5355 ％（+7.5355） 1表 55裏 55目 1～55局] [56.9601 ％（+6.9601） 1表 56裏 56目 1～56局] [56.3905 ％（+6.3905） 1表 57裏 57目 1～57局] [55.8266 ％（+5.8266） 1表 58裏 58目 1～58局] [55.2683 ％（+5.2683） 1表 59裏 59目 1～59局] [54.7157 ％（+4.7157） 1表 60裏 60目 1～60局] [54.1685 ％（+4.1685） 1表 61裏 61目 1～61局] [53.6268 ％（+3.6268） 1表 62裏 62目 1～62局] [53.0906 ％（+3.0906） 1表 63裏 63目 1～63局] [52.5596 ％（+2.5596） 1表 64裏 64目 1～64局] [52.0341 ％（+2.0341） 1表 65裏 65目 1～65局] [51.5137 ％（+1.5137） 1表 66裏 66目 1～66局] [50.9986 ％（+0.9986） 1表 67裏 67目 1～67局] [50.4886 ％（+0.4886） 1表 68裏 68目 1～68局] [49.9837 ％（-0.0163） 1表 69裏 69目 1～69局]
