p,p_step,q_step,span,comment
0.5,1,1,1,[50.0354 ％（+0.0354） 1表 1裏 1目 1～1局] [50.0000 ％（+0.0000） 1表 1裏 2目 2～3局]
0.51,1,1,1,[50.9984 ％（+0.9984） 1表 1裏 1目 1～1局] [50.4878 ％（+0.4878） 1表 1裏 2目 2～3局] [50.4166 ％（+0.4166） 1表 1裏 3目 3～5局] [50.3154 ％（+0.3154） 1表 1裏 4目 4～7局] [50.2700 ％（+0.2700） 1表 1裏 5目 5～9局]
0.52,1,1,1,[52.0023 ％（+2.0023） 1表 1裏 1目 1～1局] [50.9610 ％（+0.9610） 1表 1裏 2目 2～3局] [50.7509 ％（+0.7509） 1表 1裏 3目 3～5局] [50.6068 ％（+0.6068） 1表 1裏 4目 4～7局] [50.5536 ％（+0.5536） 1表 1裏 5目 5～9局] [50.4648 ％（+0.4648） 1表 1裏 6目 6～11局] [50.4541 ％（+0.4541） 1表 1裏 7目 7～13局] [49.7323 ％（-0.2677） 2表 3裏 7目 3～6局]
0.53,1,1,1,[52.9891 ％（+2.9891） 1表 1裏 1目 1～1局] [51.4634 ％（+1.4634） 1表 1裏 2目 2～3局] [51.1154 ％（+1.1154） 1表 1裏 3目 3～5局] [50.9000 ％（+0.9000） 1表 1裏 4目 4～7局] [50.8312 ％（+0.8312） 1表 1裏 5目 5～9局] [50.6849 ％（+0.6849） 1表 1裏 6目 6～11局] [50.1218 ％（+0.1218） 2表 3裏 7目 3～6局]
0.54,1,1,2,[54.0278 ％（+4.0278） 1表 1裏 1目 1～1局] [52.0202 ％（+2.0202） 1表 1裏 2目 2～3局] [51.5030 ％（+1.5030） 1表 1裏 3目 3～5局] [51.2953 ％（+1.2953） 1表 1裏 4目 4～7局] [51.1274 ％（+1.1274） 1表 1裏 5目 5～9局] [50.9958 ％（+0.9958） 1表 1裏 6目 6～11局] [49.0629 ％（-0.9371） 2表 3裏 6目 3～4局]
0.55,1,2,3,[54.9485 ％（+4.9485） 1表 1裏 1目 1～1局] [52.4641 ％（+2.4641） 1表 1裏 2目 2～3局] [51.9541 ％（+1.9541） 1表 1裏 3目 3～5局] [48.3598 ％（-1.6402） 1表 2裏 3目 2～4局]
0.56,1,2,3,[55.9998 ％（+5.9998） 1表 1裏 1目 1～1局] [53.0551 ％（+3.0551） 1表 1裏 2目 2～3局] [52.2498 ％（+2.2498） 1表 1裏 3目 3～5局] [48.7097 ％（-1.2903） 1表 2裏 3目 2～4局]
0.57,1,2,3,[56.9766 ％（+6.9766） 1表 1裏 1目 1～1局] [53.5829 ％（+3.5829） 1表 1裏 2目 2～3局] [52.6834 ％（+2.6834） 1表 1裏 3目 3～5局] [49.0140 ％（-0.9860） 1表 2裏 3目 2～4局]
0.58,1,2,3,[58.0681 ％（+8.0681） 1表 1裏 1目 1～1局] [54.0844 ％（+4.0844） 1表 1裏 2目 2～3局] [53.0373 ％（+3.0373） 1表 1裏 3目 3～5局] [49.4035 ％（-0.5965） 1表 2裏 3目 2～4局]
0.59,1,2,3,[58.9621 ％（+8.9621） 1表 1裏 1目 1～1局] [54.6932 ％（+4.6932） 1表 1裏 2目 2～3局] [53.3835 ％（+3.3835） 1表 1裏 3目 3～5局] [49.6455 ％（-0.3545） 1表 2裏 3目 2～4局]
0.6,1,2,2,[59.9819 ％（+9.9819） 1表 1裏 1目 1～1局] [55.2457 ％（+5.2457） 1表 1裏 2目 2～3局] [45.6622 ％（-4.3378） 1表 2裏 2目 1～2局]
0.61,1,2,2,[61.0268 ％（+11.0268） 1表 1裏 1目 1～1局] [55.8712 ％（+5.8712） 1表 1裏 2目 2～3局] [46.4466 ％（-3.5534） 1表 2裏 2目 1～2局]
0.62,1,2,2,[61.9946 ％（+11.9946） 1表 1裏 1目 1～1局] [56.3296 ％（+6.3296） 1表 1裏 2目 2～3局] [47.4355 ％（-2.5645） 1表 2裏 2目 1～2局]
0.63,1,2,2,[62.9655 ％（+12.9655） 1表 1裏 1目 1～1局] [56.9921 ％（+6.9921） 1表 1裏 2目 2～3局] [48.3191 ％（-1.6809） 1表 2裏 2目 1～2局]
0.64,1,2,2,[64.0509 ％（+14.0509） 1表 1裏 1目 1～1局] [57.5388 ％（+7.5388） 1表 1裏 2目 2～3局] [49.2628 ％（-0.7372） 1表 2裏 2目 1～2局]
0.65,1,2,2,[65.0135 ％（+15.0135） 1表 1裏 1目 1～1局] [58.1750 ％（+8.1750） 1表 1裏 2目 2～3局] [50.2652 ％（+0.2652） 1表 2裏 2目 1～2局] [50.0596 ％（+0.0596） 1表 3裏 8目 4～10局] [50.1726 ％（+0.1726） 1表 6裏 9目 3～10局] [50.1197 ％（+0.1197） 1表 7裏 10目 3～11局] [50.0629 ％（+0.0629） 1表 8裏 11目 3～12局]
0.66,1,2,2,[66.0249 ％（+16.0249） 1表 1裏 1目 1～1局] [58.8246 ％（+8.8246） 1表 1裏 2目 2～3局] [51.1547 ％（+1.1547） 1表 2裏 2目 1～2局] [49.5878 ％（-0.4122） 1表 3裏 4目 2～5局]
0.67,1,2,2,[66.9884 ％（+16.9884） 1表 1裏 1目 1～1局] [59.4785 ％（+9.4785） 1表 1裏 2目 2～3局] [52.1270 ％（+2.1270） 1表 2裏 2目 1～2局] [49.8969 ％（-0.1031） 1表 3裏 4目 2～5局]
0.68,1,3,4,[67.9630 ％（+17.9630） 1表 1裏 1目 1～1局] [60.1503 ％（+10.1503） 1表 1裏 2目 2～3局] [53.1977 ％（+3.1977） 1表 2裏 2目 1～2局] [50.2120 ％（+0.2120） 1表 3裏 4目 2～5局] [47.9415 ％（-2.0585） 1表 5裏 6目 2～7局]
0.69,1,3,3,[69.0662 ％（+19.0662） 1表 1裏 1目 1～1局] [60.8670 ％（+10.8670） 1表 1裏 2目 2～3局] [54.2391 ％（+4.2391） 1表 2裏 2目 1～2局] [53.7837 ％（+3.7837） 1表 2裏 3目 2～4局] [47.2328 ％（-2.7672） 1表 3裏 3目 1～3局]
0.7,1,3,3,[69.9811 ％（+19.9811） 1表 1裏 1目 1～1局] [61.5493 ％（+11.5493） 1表 1裏 2目 2～3局] [55.2829 ％（+5.2829） 1表 2裏 2目 1～2局] [54.3497 ％（+4.3497） 1表 2裏 3目 2～4局] [48.1181 ％（-1.8819） 1表 3裏 3目 1～3局]
0.71,1,3,3,[71.0524 ％（+21.0524） 1表 1裏 1目 1～1局] [62.3846 ％（+12.3846） 1表 1裏 2目 2～3局] [56.3777 ％（+6.3777） 1表 2裏 2目 1～2局] [54.9843 ％（+4.9843） 1表 2裏 3目 2～4局] [49.0399 ％（-0.9601） 1表 3裏 3目 1～3局]
0.72,1,3,3,[71.9365 ％（+21.9365） 1表 1裏 1目 1～1局] [63.1404 ％（+13.1404） 1表 1裏 2目 2～3局] [57.4321 ％（+7.4321） 1表 2裏 2目 1～2局] [55.6029 ％（+5.6029） 1表 2裏 3目 2～4局] [49.9865 ％（-0.0135） 1表 3裏 3目 1～3局]
0.73,1,3,3,[73.0082 ％（+23.0082） 1表 1裏 1目 1～1局] [63.9807 ％（+13.9807） 1表 1裏 2目 2～3局] [58.6279 ％（+8.6279） 1表 2裏 2目 1～2局] [56.2563 ％（+6.2563） 1表 2裏 3目 2～4局] [50.9486 ％（+0.9486） 1表 3裏 3目 1～3局] [49.9750 ％（-0.0250） 1表 4裏 5目 2～6局]
0.74,1,3,3,[73.9505 ％（+23.9505） 1表 1裏 1目 1～1局] [64.7026 ％（+14.7026） 1表 1裏 2目 2～3局] [59.8066 ％（+9.8066） 1表 2裏 2目 1～2局] [56.9519 ％（+6.9519） 1表 2裏 3目 2～4局] [51.9608 ％（+1.9608） 1表 3裏 3目 1～3局] [50.3710 ％（+0.3710） 1表 4裏 5目 2～6局] [53.3783 ％（+3.3783） 1表 3裏 7目 3～9局] [53.3005 ％（+3.3005） 1表 4裏 7目 3～8局] [48.4183 ％（-1.5817） 1表 6裏 7目 2～8局]
0.75,1,4,4,[74.9712 ％（+24.9712） 1表 1裏 1目 1～1局] [65.6223 ％（+15.6223） 1表 1裏 2目 2～3局] [60.9327 ％（+10.9327） 1表 2裏 2目 1～2局] [57.7079 ％（+7.7079） 1表 2裏 3目 2～4局] [53.0302 ％（+3.0302） 1表 3裏 3目 1～3局] [48.5683 ％（-1.4317） 1表 4裏 4目 1～4局]
0.76,1,4,4,[75.9411 ％（+25.9411） 1表 1裏 1目 1～1局] [66.5033 ％（+16.5033） 1表 1裏 2目 2～3局] [62.1112 ％（+12.1112） 1表 2裏 2目 1～2局] [58.4960 ％（+8.4960） 1表 2裏 3目 2～4局] [54.0852 ％（+4.0852） 1表 3裏 3目 1～3局] [53.8534 ％（+3.8534） 1表 3裏 4目 2～5局] [49.5121 ％（-0.4879） 1表 4裏 4目 1～4局]
0.77,1,4,4,[77.0185 ％（+27.0185） 1表 1裏 1目 1～1局] [67.4501 ％（+17.4501） 1表 1裏 2目 2～3局] [63.3035 ％（+13.3035） 1表 2裏 2目 1～2局] [63.0243 ％（+13.0243） 1表 1裏 3目 3～5局] [59.3556 ％（+9.3556） 1表 2裏 3目 2～4局] [55.3512 ％（+5.3512） 1表 3裏 3目 1～3局] [54.5404 ％（+4.5404） 1表 3裏 4目 2～5局] [50.4441 ％（+0.4441） 1表 4裏 4目 1～4局] [50.0336 ％（+0.0336） 1表 5裏 6目 2～7局] [44.9560 ％（-5.0440） 1表 7裏 7目 1～7局]
0.78,1,4,4,[78.0041 ％（+28.0041） 1表 1裏 1目 1～1局] [68.3809 ％（+18.3809） 1表 1裏 2目 2～3局] [64.6232 ％（+14.6232） 1表 2裏 2目 1～2局] [63.7425 ％（+13.7425） 1表 1裏 3目 3～5局] [60.2843 ％（+10.2843） 1表 2裏 3目 2～4局] [56.4334 ％（+6.4334） 1表 3裏 3目 1～3局] [55.2639 ％（+5.2639） 1表 3裏 4目 2～5局] [51.5393 ％（+1.5393） 1表 4裏 4目 1～4局] [48.4733 ％（-1.5267） 1表 5裏 5目 1～5局]
0.79,1,5,5,[79.0034 ％（+29.0034） 1表 1裏 1目 1～1局] [69.4136 ％（+19.4136） 1表 1裏 2目 2～3局] [65.8652 ％（+15.8652） 1表 2裏 2目 1～2局] [64.5663 ％（+14.5663） 1表 1裏 3目 3～5局] [61.2285 ％（+11.2285） 1表 2裏 3目 2～4局] [57.8046 ％（+7.8046） 1表 3裏 3目 1～3局] [56.0791 ％（+6.0791） 1表 3裏 4目 2～5局] [52.6426 ％（+2.6426） 1表 4裏 4目 1～4局] [49.3940 ％（-0.6060） 1表 5裏 5目 1～5局]
0.8,1,5,5,[79.9833 ％（+29.9833） 1表 1裏 1目 1～1局] [70.4145 ％（+20.4145） 1表 1裏 2目 2～3局] [67.1961 ％（+17.1961） 1表 2裏 2目 1～2局] [65.3957 ％（+15.3957） 1表 1裏 3目 3～5局] [62.1255 ％（+12.1255） 1表 2裏 3目 2～4局] [58.9913 ％（+8.9913） 1表 3裏 3目 1～3局] [56.9821 ％（+6.9821） 1表 3裏 4目 2～5局] [53.8145 ％（+3.8145） 1表 4裏 4目 1～4局] [53.6303 ％（+3.6303） 1表 4裏 5目 2～6局] [50.3731 ％（+0.3731） 1表 5裏 5目 1～5局] [55.1002 ％（+5.1002） 1表 4裏 7目 3～8局] [50.0595 ％（+0.0595） 1表 6裏 7目 2～8局] [49.2326 ％（-0.7674） 1表 7裏 8目 2～9局]
0.81,1,6,6,[81.0191 ％（+31.0191） 1表 1裏 1目 1～1局] [71.4614 ％（+21.4614） 1表 1裏 2目 2～3局] [68.5631 ％（+18.5631） 1表 2裏 2目 1～2局] [66.3098 ％（+16.3098） 1表 1裏 3目 3～5局] [63.2886 ％（+13.2886） 1表 2裏 3目 2～4局] [60.3781 ％（+10.3781） 1表 3裏 3目 1～3局] [57.9101 ％（+7.9101） 1表 3裏 4目 2～5局] [55.0267 ％（+5.0267） 1表 4裏 4目 1～4局] [54.4072 ％（+4.4072） 1表 4裏 5目 2～6局] [51.4706 ％（+1.4706） 1表 5裏 5目 1～5局] [49.1105 ％（-0.8895） 1表 6裏 6目 1～6局]
0.82,1,6,6,[81.9755 ％（+31.9755） 1表 1裏 1目 1～1局] [72.5300 ％（+22.5300） 1表 1裏 2目 2～3局] [69.8986 ％（+19.8986） 1表 2裏 2目 1～2局] [67.2979 ％（+17.2979） 1表 1裏 3目 3～5局] [64.4427 ％（+14.4427） 1表 2裏 3目 2～4局] [61.7314 ％（+11.7314） 1表 3裏 3目 1～3局] [58.9814 ％（+8.9814） 1表 3裏 4目 2～5局] [56.3277 ％（+6.3277） 1表 4裏 4目 1～4局] [55.2592 ％（+5.2592） 1表 4裏 5目 2～6局] [52.6407 ％（+2.6407） 1表 5裏 5目 1～5局] [50.1324 ％（+0.1324） 1表 6裏 6目 1～6局] [58.9621 ％（+8.9621） 1表 1裏 8目 8～15局] [57.6872 ％（+7.6872） 1表 2裏 8目 5～11局] [56.6137 ％（+6.6137） 1表 3裏 8目 4～10局] [55.8999 ％（+5.8999） 1表 4裏 8目 3～9局] [50.0283 ％（+0.0283） 1表 7裏 8目 2～9局] [51.9859 ％（+1.9859） 1表 7裏 9目 3～10局] [49.2484 ％（-0.7516） 1表 8裏 9目 2～10局]
0.83,1,7,7,[83.0001 ％（+33.0001） 1表 1裏 1目 1～1局] [73.6665 ％（+23.6665） 1表 1裏 2目 2～3局] [71.2869 ％（+21.2869） 1表 2裏 2目 1～2局] [68.2975 ％（+18.2975） 1表 1裏 3目 3～5局] [65.6030 ％（+15.6030） 1表 2裏 3目 2～4局] [63.1895 ％（+13.1895） 1表 3裏 3目 1～3局] [60.0822 ％（+10.0822） 1表 3裏 4目 2～5局] [57.6921 ％（+7.6921） 1表 4裏 4目 1～4局] [56.1928 ％（+6.1928） 1表 4裏 5目 2～6局] [53.7698 ％（+3.7698） 1表 5裏 5目 1～5局] [53.6261 ％（+3.6261） 1表 5裏 6目 2～7局] [51.1629 ％（+1.1629） 1表 6裏 6目 1～6局] [49.3481 ％（-0.6519） 1表 7裏 7目 1～7局]
0.84,1,7,7,[84.0069 ％（+34.0069） 1表 1裏 1目 1～1局] [74.8814 ％（+24.8814） 1表 1裏 2目 2～3局] [72.6993 ％（+22.6993） 1表 2裏 2目 1～2局] [69.4630 ％（+19.4630） 1表 1裏 3目 3～5局] [66.8909 ％（+16.8909） 1表 2裏 3目 2～4局] [64.7235 ％（+14.7235） 1表 3裏 3目 1～3局] [61.3193 ％（+11.3193） 1表 3裏 4目 2～5局] [59.1271 ％（+9.1271） 1表 4裏 4目 1～4局] [57.2601 ％（+7.2601） 1表 4裏 5目 2～6局] [55.1237 ％（+5.1237） 1表 5裏 5目 1～5局] [54.5217 ％（+4.5217） 1表 5裏 6目 2～7局] [52.3775 ％（+2.3775） 1表 6裏 6目 1～6局] [50.4173 ％（+0.4173） 1表 7裏 7目 1～7局] [49.0480 ％（-0.9520） 1表 8裏 8目 1～8局]
0.85,1,8,8,[85.0308 ％（+35.0308） 1表 1裏 1目 1～1局] [76.0783 ％（+26.0783） 1表 1裏 2目 2～3局] [74.1482 ％（+24.1482） 1表 2裏 2目 1～2局] [70.5407 ％（+20.5407） 1表 1裏 3目 3～5局] [68.2751 ％（+18.2751） 1表 2裏 3目 2～4局] [66.3242 ％（+16.3242） 1表 3裏 3目 1～3局] [62.5757 ％（+12.5757） 1表 3裏 4目 2～5局] [60.6890 ％（+10.6890） 1表 4裏 4目 1～4局] [58.4975 ％（+8.4975） 1表 4裏 5目 2～6局] [56.6616 ％（+6.6616） 1表 5裏 5目 1～5局] [55.6139 ％（+5.6139） 1表 5裏 6目 2～7局] [53.6385 ％（+3.6385） 1表 6裏 6目 1～6局] [53.4484 ％（+3.4484） 1表 6裏 7目 2～8局] [51.4822 ％（+1.4822） 1表 7裏 7目 1～7局] [49.9653 ％（-0.0347） 1表 8裏 8目 1～8局]
0.86,1,9,9,[85.9699 ％（+35.9699） 1表 1裏 1目 1～1局] [77.2859 ％（+27.2859） 1表 1裏 2目 2～3局] [75.6215 ％（+25.6215） 1表 2裏 2目 1～2局] [71.8004 ％（+21.8004） 1表 1裏 3目 3～5局] [69.6830 ％（+19.6830） 1表 2裏 3目 2～4局] [67.9596 ％（+17.9596） 1表 3裏 3目 1～3局] [63.9815 ％（+13.9815） 1表 3裏 4目 2～5局] [62.3249 ％（+12.3249） 1表 4裏 4目 1～4局] [61.9217 ％（+11.9217） 1表 3裏 5目 3～6局] [59.7669 ％（+9.7669） 1表 4裏 5目 2～6局] [58.1260 ％（+8.1260） 1表 5裏 5目 1～5局] [56.7213 ％（+6.7213） 1表 5裏 6目 2～7局] [55.0551 ％（+5.0551） 1表 6裏 6目 1～6局] [54.4330 ％（+4.4330） 1表 6裏 7目 2～8局] [52.7489 ％（+2.7489） 1表 7裏 7目 1～7局] [52.7418 ％（+2.7418） 1表 7裏 8目 2～9局] [51.0830 ％（+1.0830） 1表 8裏 8目 1～8局] [51.4716 ％（+1.4716） 1表 8裏 9目 2～10局] [49.8471 ％（-0.1529） 1表 9裏 9目 1～9局]
0.87,1,10,10,[87.0204 ％（+37.0204） 1表 1裏 1目 1～1局] [78.6285 ％（+28.6285） 1表 1裏 2目 2～3局] [77.2008 ％（+27.2008） 1表 2裏 2目 1～2局] [73.1488 ％（+23.1488） 1表 1裏 3目 3～5局] [71.1485 ％（+21.1485） 1表 2裏 3目 2～4局] [69.7492 ％（+19.7492） 1表 3裏 3目 1～3局] [69.3864 ％（+19.3864） 1表 1裏 4目 4～7局] [65.5564 ％（+15.5564） 1表 3裏 4目 2～5局] [64.0876 ％（+14.0876） 1表 4裏 4目 1～4局] [63.2170 ％（+13.2170） 1表 3裏 5目 3～6局] [61.2193 ％（+11.2193） 1表 4裏 5目 2～6局] [59.7661 ％（+9.7661） 1表 5裏 5目 1～5局] [58.0292 ％（+8.0292） 1表 5裏 6目 2～7局] [56.5512 ％（+6.5512） 1表 6裏 6目 1～6局] [55.5941 ％（+5.5941） 1表 6裏 7目 2～8局] [54.0764 ％（+4.0764） 1表 7裏 7目 1～7局] [53.7042 ％（+3.7042） 1表 7裏 8目 2～9局] [52.1941 ％（+2.1941） 1表 8裏 8目 1～8局] [52.3687 ％（+2.3687） 1表 8裏 9目 2～10局] [50.9293 ％（+0.9293） 1表 9裏 9目 1～9局] [53.1636 ％（+3.1636） 1表 8裏 10目 3～11局] [51.2269 ％（+1.2269） 1表 9裏 10目 2～11局] [49.8644 ％（-0.1356） 1表 10裏 10目 1～10局]
0.88,1,10,10,[88.0074 ％（+38.0074） 1表 1裏 1目 1～1局] [79.9621 ％（+29.9621） 1表 1裏 2目 2～3局] [78.6470 ％（+28.6470） 1表 2裏 2目 1～2局] [74.4390 ％（+24.4390） 1表 1裏 3目 3～5局] [72.7795 ％（+22.7795） 1表 2裏 3目 2～4局] [71.4121 ％（+21.4121） 1表 3裏 3目 1～3局] [70.6851 ％（+20.6851） 1表 1裏 4目 4～7局] [67.2129 ％（+17.2129） 1表 3裏 4目 2～5局] [65.9229 ％（+15.9229） 1表 4裏 4目 1～4局] [64.5733 ％（+14.5733） 1表 3裏 5目 3～6局] [62.8949 ％（+12.8949） 1表 4裏 5目 2～6局] [61.6266 ％（+11.6266） 1表 5裏 5目 1～5局] [61.1861 ％（+11.1861） 1表 4裏 6目 3～7局] [59.5082 ％（+9.5082） 1表 5裏 6目 2～7局] [58.3155 ％（+8.3155） 1表 6裏 6目 1～6局] [56.9882 ％（+6.9882） 1表 6裏 7目 2～8局] [55.7150 ％（+5.7150） 1表 7裏 7目 1～7局] [54.9160 ％（+4.9160） 1表 7裏 8目 2～9局] [53.6747 ％（+3.6747） 1表 8裏 8目 1～8局] [53.4346 ％（+3.4346） 1表 8裏 9目 2～10局] [52.1598 ％（+2.1598） 1表 9裏 9目 1～9局] [53.9367 ％（+3.9367） 1表 8裏 10目 3～11局] [52.2138 ％（+2.2138） 1表 9裏 10目 2～11局] [50.9692 ％（+0.9692） 1表 10裏 10目 1～10局] [54.6123 ％（+4.6123） 1表 8裏 11目 3～12局] [51.1846 ％（+1.1846） 1表 10裏 11目 2～12局]
0.89,1,10,10,[88.9907 ％（+38.9907） 1表 1裏 1目 1～1局] [81.4106 ％（+31.4106） 1表 1裏 2目 2～3局] [80.2800 ％（+30.2800） 1表 2裏 2目 1～2局] [76.0064 ％（+26.0064） 1表 1裏 3目 3～5局] [74.4488 ％（+24.4488） 1表 2裏 3目 2～4局] [73.3922 ％（+23.3922） 1表 3裏 3目 1～3局] [72.0933 ％（+22.0933） 1表 1裏 4目 4～7局] [68.9882 ％（+18.9882） 1表 3裏 4目 2～5局] [67.9638 ％（+17.9638） 1表 4裏 4目 1～4局] [67.7002 ％（+17.7002） 1表 2裏 5目 3～7局] [66.1933 ％（+16.1933） 1表 3裏 5目 3～6局] [64.6567 ％（+14.6567） 1表 4裏 5目 2～6局] [63.5857 ％（+13.5857） 1表 5裏 5目 1～5局] [61.1872 ％（+11.1872） 1表 5裏 6目 2～7局] [60.1905 ％（+10.1905） 1表 6裏 6目 1～6局] [59.9664 ％（+9.9664） 1表 5裏 7目 3～8局] [58.5224 ％（+8.5224） 1表 6裏 7目 2～8局] [57.4000 ％（+7.4000） 1表 7裏 7目 1～7局] [56.3756 ％（+6.3756） 1表 7裏 8目 2～9局] [55.2391 ％（+5.2391） 1表 8裏 8目 1～8局] [54.6024 ％（+4.6024） 1表 8裏 9目 2～10局] [53.4962 ％（+3.4962） 1表 9裏 9目 1～9局] [54.8602 ％（+4.8602） 1表 8裏 10目 3～11局] [53.2910 ％（+3.2910） 1表 9裏 10目 2～11局] [52.2432 ％（+2.2432） 1表 10裏 10目 1～10局]
0.9,1,10,10,[90.0042 ％（+40.0042） 1表 1裏 1目 1～1局] [82.8148 ％（+32.8148） 1表 1裏 2目 2～3局] [81.8820 ％（+31.8820） 1表 2裏 2目 1～2局] [77.5897 ％（+27.5897） 1表 1裏 3目 3～5局] [76.2321 ％（+26.2321） 1表 2裏 3目 2～4局] [75.3420 ％（+25.3420） 1表 3裏 3目 1～3局] [73.6521 ％（+23.6521） 1表 1裏 4目 4～7局] [70.9691 ％（+20.9691） 1表 3裏 4目 2～5局] [70.0243 ％（+20.0243） 1表 4裏 4目 1～4局] [69.2435 ％（+19.2435） 1表 2裏 5目 3～7局] [67.9562 ％（+17.9562） 1表 3裏 5目 3～6局] [66.6319 ％（+16.6319） 1表 4裏 5目 2～6局] [65.6768 ％（+15.6768） 1表 5裏 5目 1～5局] [63.1614 ％（+13.1614） 1表 5裏 6目 2～7局] [62.2024 ％（+12.2024） 1表 6裏 6目 1～6局] [61.5953 ％（+11.5953） 1表 5裏 7目 3～8局] [60.3152 ％（+10.3152） 1表 6裏 7目 2～8局] [59.3951 ％（+9.3951） 1表 7裏 7目 1～7局] [59.3623 ％（+9.3623） 1表 6裏 8目 3～9局] [58.0201 ％（+8.0201） 1表 7裏 8目 2～9局] [57.1192 ％（+7.1192） 1表 8裏 8目 1～8局] [56.1725 ％（+6.1725） 1表 8裏 9目 2～10局] [55.3076 ％（+5.3076） 1表 9裏 9目 1～9局] [55.9820 ％（+5.9820） 1表 8裏 10目 3～11局] [54.6763 ％（+4.6763） 1表 9裏 10目 2～11局] [53.7887 ％（+3.7887） 1表 10裏 10目 1～10局]
0.91,1,9,10,[90.9824 ％（+40.9824） 1表 1裏 1目 1～1局] [84.3209 ％（+34.3209） 1表 1裏 2目 2～3局] [83.5386 ％（+33.5386） 1表 2裏 2目 1～2局] [79.1914 ％（+29.1914） 1表 1裏 3目 3～5局] [78.1610 ％（+28.1610） 1表 2裏 3目 2～4局] [77.3758 ％（+27.3758） 1表 3裏 3目 1～3局] [75.3113 ％（+25.3113） 1表 1裏 4目 4～7局] [73.0248 ％（+23.0248） 1表 3裏 4目 2～5局] [72.3438 ％（+22.3438） 1表 4裏 4目 1～4局] [72.3275 ％（+22.3275） 1表 1裏 5目 5～9局] [71.0865 ％（+21.0865） 1表 2裏 5目 3～7局] [69.8817 ％（+19.8817） 1表 3裏 5目 3～6局] [68.7974 ％（+18.7974） 1表 4裏 5目 2～6局] [68.0020 ％（+18.0020） 1表 5裏 5目 1～5局] [65.2126 ％（+15.2126） 1表 5裏 6目 2～7局] [64.4783 ％（+14.4783） 1表 6裏 6目 1～6局] [63.4282 ％（+13.4282） 1表 5裏 7目 3～8局] [62.3297 ％（+12.3297） 1表 6裏 7目 2～8局] [61.6018 ％（+11.6018） 1表 7裏 7目 1～7局] [61.0408 ％（+11.0408） 1表 6裏 8目 3～9局] [59.8567 ％（+9.8567） 1表 7裏 8目 2～9局] [59.2078 ％（+9.2078） 1表 8裏 8目 1～8局] [59.0645 ％（+9.0645） 1表 7裏 9目 3～10局] [57.9974 ％（+7.9974） 1表 8裏 9目 2～10局] [57.2293 ％（+7.2293） 1表 9裏 9目 1～9局] [57.3744 ％（+7.3744） 1表 8裏 10目 3～11局] [56.3595 ％（+6.3595） 1表 9裏 10目 2～11局]
0.92,1,9,9,[91.9824 ％（+41.9824） 1表 1裏 1目 1～1局] [85.8173 ％（+35.8173） 1表 1裏 2目 2～3局] [85.2241 ％（+35.2241） 1表 2裏 2目 1～2局] [80.9755 ％（+30.9755） 1表 1裏 3目 3～5局] [80.0873 ％（+30.0873） 1表 2裏 3目 2～4局] [79.4886 ％（+29.4886） 1表 3裏 3目 1～3局] [77.2386 ％（+27.2386） 1表 1裏 4目 4～7局] [75.2270 ％（+25.2270） 1表 3裏 4目 2～5局] [74.5887 ％（+24.5887） 1表 4裏 4目 1～4局] [74.1954 ％（+24.1954） 1表 1裏 5目 5～9局] [73.0952 ％（+23.0952） 1表 2裏 5目 3～7局] [72.0587 ％（+22.0587） 1表 3裏 5目 3～6局] [71.1190 ％（+21.1190） 1表 4裏 5目 2～6局] [70.5300 ％（+20.5300） 1表 5裏 5目 1～5局] [67.6196 ％（+17.6196） 1表 5裏 6目 2～7局] [67.0790 ％（+17.0790） 1表 6裏 6目 1～6局] [66.6041 ％（+16.6041） 1表 4裏 7目 3～8局] [64.7216 ％（+14.7216） 1表 6裏 7目 2～8局] [64.0509 ％（+14.0509） 1表 7裏 7目 1～7局] [63.1221 ％（+13.1221） 1表 6裏 8目 3～9局] [62.2212 ％（+12.2212） 1表 7裏 8目 2～9局] [61.6420 ％（+11.6420） 1表 8裏 8目 1～8局] [60.9692 ％（+10.9692） 1表 7裏 9目 3～10局] [60.1148 ％（+10.1148） 1表 8裏 9目 2～10局] [59.5454 ％（+9.5454） 1表 9裏 9目 1～9局] [59.1840 ％（+9.1840） 1表 8裏 10目 3～11局]
0.93,1,8,8,[92.9934 ％（+42.9934） 1表 1裏 1目 1～1局] [87.4514 ％（+37.4514） 1表 1裏 2目 2～3局] [86.9131 ％（+36.9131） 1表 2裏 2目 1～2局] [82.9415 ％（+32.9415） 1表 1裏 3目 3～5局] [82.1581 ％（+32.1581） 1表 2裏 3目 2～4局] [81.7565 ％（+31.7565） 1表 3裏 3目 1～3局] [79.2624 ％（+29.2624） 1表 1裏 4目 4～7局] [77.5684 ％（+27.5684） 1表 3裏 4目 2～5局] [77.1298 ％（+27.1298） 1表 4裏 4目 1～4局] [76.2298 ％（+26.2298） 1表 1裏 5目 5～9局] [75.3247 ％（+25.3247） 1表 2裏 5目 3～7局] [74.4063 ％（+24.4063） 1表 3裏 5目 3～6局] [73.6649 ％（+23.6649） 1表 4裏 5目 2～6局] [73.2681 ％（+23.2681） 1表 5裏 5目 1～5局] [72.8581 ％（+22.8581） 1表 2裏 6目 4～8局] [70.3044 ％（+20.3044） 1表 5裏 6目 2～7局] [69.8599 ％（+19.8599） 1表 6裏 6目 1～6局] [69.0132 ％（+19.0132） 1表 4裏 7目 3～8局] [67.3710 ％（+17.3710） 1表 6裏 7目 2～8局] [66.9660 ％（+16.9660） 1表 7裏 7目 1～7局] [66.4867 ％（+16.4867） 1表 5裏 8目 3～9局] [64.8631 ％（+14.8631） 1表 7裏 8目 2～9局] [64.4650 ％（+14.4650） 1表 8裏 8目 1～8局] [64.2451 ％（+14.2451） 1表 6裏 9目 3～10局]
0.94,1,7,8,[93.9949 ％（+43.9949） 1表 1裏 1目 1～1局] [89.0366 ％（+39.0366） 1表 1裏 2目 2～3局] [88.7108 ％（+38.7108） 1表 2裏 2目 1～2局] [84.8874 ％（+34.8874） 1表 1裏 3目 3～5局] [84.3469 ％（+34.3469） 1表 2裏 3目 2～4局] [83.9873 ％（+33.9873） 1表 3裏 3目 1～3局] [81.4928 ％（+31.4928） 1表 1裏 4目 4～7局] [80.2017 ％（+30.2017） 1表 3裏 4目 2～5局] [79.8750 ％（+29.8750） 1表 4裏 4目 1～4局] [78.5773 ％（+28.5773） 1表 1裏 5目 5～9局] [77.7791 ％（+27.7791） 1表 2裏 5目 3～7局] [77.0916 ％（+27.0916） 1表 3裏 5目 3～6局] [76.5498 ％（+26.5498） 1表 4裏 5目 2～6局] [76.2310 ％（+26.2310） 1表 5裏 5目 1～5局] [76.1466 ％（+26.1466） 1表 1裏 6目 6～11局] [75.3274 ％（+25.3274） 1表 2裏 6目 4～8局] [73.3096 ％（+23.3096） 1表 5裏 6目 2～7局] [72.9519 ％（+22.9519） 1表 6裏 6目 1～6局] [72.5213 ％（+22.5213） 1表 3裏 7目 3～9局] [71.7271 ％（+21.7271） 1表 4裏 7目 3～8局] [70.4842 ％（+20.4842） 1表 6裏 7目 2～8局] [70.1132 ％（+20.1132） 1表 7裏 7目 1～7局] [67.9438 ％（+17.9438） 1表 7裏 8目 2～9局]
0.95,1,7,7,[94.9796 ％（+44.9796） 1表 1裏 1目 1～1局] [90.7331 ％（+40.7331） 1表 1裏 2目 2～3局] [90.5046 ％（+40.5046） 1表 2裏 2目 1～2局] [87.0348 ％（+37.0348） 1表 1裏 3目 3～5局] [86.6528 ％（+36.6528） 1表 2裏 3目 2～4局] [86.4347 ％（+36.4347） 1表 3裏 3目 1～3局] [83.8948 ％（+33.8948） 1表 1裏 4目 4～7局] [82.9557 ％（+32.9557） 1表 3裏 4目 2～5局] [82.7185 ％（+32.7185） 1表 4裏 4目 1～4局] [81.1841 ％（+31.1841） 1表 1裏 5目 5～9局] [80.5724 ％（+30.5724） 1表 2裏 5目 3～7局] [80.0623 ％（+30.0623） 1表 3裏 5目 3～6局] [79.6960 ％（+29.6960） 1表 4裏 5目 2～6局] [79.4414 ％（+29.4414） 1表 5裏 5目 1～5局] [78.8551 ％（+28.8551） 1表 1裏 6目 6～11局] [78.1639 ％（+28.1639） 1表 2裏 6目 4～8局] [76.6899 ％（+26.6899） 1表 5裏 6目 2～7局] [76.3968 ％（+26.3968） 1表 6裏 6目 1～6局] [76.1490 ％（+26.1490） 1表 2裏 7目 5～10局] [75.4422 ％（+25.4422） 1表 3裏 7目 3～9局] [74.9145 ％（+24.9145） 1表 4裏 7目 3～8局] [73.9444 ％（+23.9444） 1表 6裏 7目 2～8局] [73.7218 ％（+23.7218） 1表 7裏 7目 1～7局] [73.6753 ％（+23.6753） 1表 3裏 8目 4～10局]
0.96,1,7,7,[95.9973 ％（+45.9973） 1表 1裏 1目 1～1局] [92.4754 ％（+42.4754） 1表 1裏 2目 2～3局] [92.2770 ％（+42.2770） 1表 2裏 2目 1～2局] [89.3553 ％（+39.3553） 1表 1裏 3目 3～5局] [89.1144 ％（+39.1144） 1表 2裏 3目 2～4局] [88.9169 ％（+38.9169） 1表 3裏 3目 1～3局] [86.5912 ％（+36.5912） 1表 1裏 4目 4～7局] [85.9402 ％（+35.9402） 1表 3裏 4目 2～5局] [85.8343 ％（+35.8343） 1表 4裏 4目 1～4局] [84.1243 ％（+34.1243） 1表 1裏 5目 5～9局] [83.6834 ％（+33.6834） 1表 2裏 5目 3～7局] [83.3418 ％（+33.3418） 1表 3裏 5目 3～6局] [83.0160 ％（+33.0160） 1表 4裏 5目 2～6局] [82.9235 ％（+32.9235） 1表 5裏 5目 1～5局] [81.9348 ％（+31.9348） 1表 1裏 6目 6～11局] [81.3830 ％（+31.3830） 1表 2裏 6目 4～8局] [80.4288 ％（+30.4288） 1表 5裏 6目 2～7局] [80.2373 ％（+30.2373） 1表 6裏 6目 1～6局] [79.9829 ％（+29.9829） 1表 1裏 7目 7～13局] [79.4691 ％（+29.4691） 1表 2裏 7目 5～10局] [79.0347 ％（+29.0347） 1表 3裏 7目 3～9局] [78.5912 ％（+28.5912） 1表 4裏 7目 3～8局] [77.9626 ％（+27.9626） 1表 6裏 7目 2～8局] [77.7763 ％（+27.7763） 1表 7裏 7目 1～7局] [77.7367 ％（+27.7367） 1表 2裏 8目 5～11局] [77.1632 ％（+27.1632） 1表 3裏 8目 4～10局]
0.97,1,7,7,[97.0029 ％（+47.0029） 1表 1裏 1目 1～1局] [94.2760 ％（+44.2760） 1表 1裏 2目 2～3局] [94.2122 ％（+44.2122） 1表 2裏 2目 1～2局] [91.7867 ％（+41.7867） 1表 1裏 3目 3～5局] [91.6249 ％（+41.6249） 1表 2裏 3目 2～4局] [91.5381 ％（+41.5381） 1表 3裏 3目 1～3局] [89.5158 ％（+39.5158） 1表 1裏 4目 4～7局] [89.1234 ％（+39.1234） 1表 3裏 4目 2～5局] [89.0510 ％（+39.0510） 1表 4裏 4目 1～4局] [87.3802 ％（+37.3802） 1表 1裏 5目 5～9局] [87.1217 ％（+37.1217） 1表 2裏 5目 3～7局] [86.8671 ％（+36.8671） 1表 3裏 5目 3～6局] [86.7461 ％（+36.7461） 1表 4裏 5目 2～6局] [86.6874 ％（+36.6874） 1表 5裏 5目 1～5局] [85.5213 ％（+35.5213） 1表 1裏 6目 6～11局] [85.2109 ％（+35.2109） 1表 2裏 6目 4～8局] [84.5608 ％（+34.5608） 1表 5裏 6目 2～7局] [84.4835 ％（+34.4835） 1表 6裏 6目 1～6局] [83.7719 ％（+33.7719） 1表 1裏 7目 7～13局] [83.3870 ％（+33.3870） 1表 2裏 7目 5～10局] [83.1187 ％（+33.1187） 1表 3裏 7目 3～9局] [82.8376 ％（+32.8376） 1表 4裏 7目 3～8局] [82.4604 ％（+32.4604） 1表 6裏 7目 2～8局] [82.3977 ％（+32.3977） 1表 7裏 7目 1～7局] [82.1523 ％（+32.1523） 1表 1裏 8目 8～15局] [81.7617 ％（+31.7617） 1表 2裏 8目 5～11局] [81.4990 ％（+31.4990） 1表 3裏 8目 4～10局]
0.98,1,9,9,[97.9935 ％（+47.9935） 1表 1裏 1目 1～1局] [96.1364 ％（+46.1364） 1表 1裏 2目 2～3局] [96.0813 ％（+46.0813） 1表 2裏 2目 1～2局] [94.3453 ％（+44.3453） 1表 1裏 3目 3～5局] [94.2662 ％（+44.2662） 1表 2裏 3目 2～4局] [94.2306 ％（+44.2306） 1表 3裏 3目 1～3局] [92.6513 ％（+42.6513） 1表 1裏 4目 4～7局] [92.5548 ％（+42.5548） 1表 3裏 4目 2～5局] [92.4751 ％（+42.4751） 1表 4裏 4目 1～4局] [91.1022 ％（+41.1022） 1表 1裏 5目 5～9局] [90.9493 ％（+40.9493） 1表 2裏 5目 3～7局] [90.8512 ％（+40.8512） 1表 3裏 5目 3～6局] [90.7969 ％（+40.7969） 1表 4裏 5目 2～6局] [90.7490 ％（+40.7490） 1表 5裏 5目 1～5局] [89.6039 ％（+39.6039） 1表 1裏 6目 6～11局] [89.5130 ％（+39.5130） 1表 2裏 6目 4～8局] [89.1914 ％（+39.1914） 1表 5裏 6目 2～7局] [89.1356 ％（+39.1356） 1表 6裏 6目 1～6局] [88.2332 ％（+38.2332） 1表 1裏 7目 7～13局] [88.0397 ％（+38.0397） 1表 2裏 7目 5～10局] [87.9154 ％（+37.9154） 1表 3裏 7目 3～9局] [87.8062 ％（+37.8062） 1表 4裏 7目 3～8局] [87.5835 ％（+37.5835） 1表 6裏 7目 2～8局] [87.5645 ％（+37.5645） 1表 7裏 7目 1～7局] [86.8860 ％（+36.8860） 1表 1裏 8目 8～15局] [86.6902 ％（+36.6902） 1表 2裏 8目 5～11局] [86.5709 ％（+36.5709） 1表 3裏 8目 4～10局] [86.0662 ％（+36.0662） 1表 7裏 8目 2～9局] [85.6649 ％（+35.6649） 1表 1裏 9目 9～17局] [85.4252 ％（+35.4252） 1表 2裏 9目 6～13局] [85.1073 ％（+35.1073） 1表 4裏 9目 3～11局] [84.9421 ％（+34.9421） 1表 5裏 9目 3～10局] [84.6669 ％（+34.6669） 1表 8裏 9目 2～10局] [84.6043 ％（+34.6043） 1表 9裏 9目 1～9局] [84.4974 ％（+34.4974） 1表 1裏 10目 10～19局] [84.3403 ％（+34.3403） 1表 2裏 10目 7～14局]
0.99,1,12,13,[98.9938 ％（+48.9938） 1表 1裏 1目 1～1局] [98.0418 ％（+48.0418） 1表 1裏 2目 2～3局] [98.0337 ％（+48.0337） 1表 2裏 2目 1～2局] [97.0591 ％（+47.0591） 1表 1裏 3目 3～5局] [96.1700 ％（+46.1700） 1表 1裏 4目 4～7局] [96.1121 ％（+46.1121） 1表 3裏 4目 2～5局] [95.2724 ％（+45.2724） 1表 1裏 5目 5～9局] [95.2273 ％（+45.2273） 1表 2裏 5目 3～7局] [95.1908 ％（+45.1908） 1表 4裏 5目 2～6局] [95.1834 ％（+45.1834） 1表 5裏 5目 1～5局] [94.4190 ％（+44.4190） 1表 1裏 6目 6～11局] [94.3875 ％（+44.3875） 1表 2裏 6目 4～8局] [94.3137 ％（+44.3137） 1表 5裏 6目 2～7局] [93.6303 ％（+43.6303） 1表 1裏 7目 7～13局] [93.5419 ％（+43.5419） 1表 2裏 7目 5～10局] [93.5381 ％（+43.5381） 1表 3裏 7目 3～9局] [93.4883 ％（+43.4883） 1表 4裏 7目 3～8局] [93.4066 ％（+43.4066） 1表 6裏 7目 2～8局] [93.3925 ％（+43.3925） 1表 7裏 7目 1～7局] [92.7694 ％（+42.7694） 1表 1裏 8目 8～15局] [92.7307 ％（+42.7307） 1表 2裏 8目 5～11局] [92.7132 ％（+42.7132） 1表 3裏 8目 4～10局] [92.5073 ％（+42.5073） 1表 7裏 8目 2～9局] [92.0143 ％（+42.0143） 1表 1裏 9目 9～17局] [91.9065 ％（+41.9065） 1表 2裏 9目 6～13局] [91.7987 ％（+41.7987） 1表 4裏 9目 3～11局] [91.7693 ％（+41.7693） 1表 5裏 9目 3～10局] [91.6975 ％（+41.6975） 1表 8裏 9目 2～10局] [91.6771 ％（+41.6771） 1表 9裏 9目 1～9局] [91.1952 ％（+41.1952） 1表 1裏 10目 10～19局] [91.1403 ％（+41.1403） 1表 2裏 10目 7～14局] [91.0785 ％（+41.0785） 1表 3裏 10目 5～13局] [91.0316 ％（+41.0316） 1表 4裏 10目 4～12局] [90.8350 ％（+40.8350） 1表 9裏 10目 2～11局] [90.4840 ％（+40.4840） 1表 1裏 11目 11～21局] [90.4379 ％（+40.4379） 1表 2裏 11目 7～16局] [90.3327 ％（+40.3327） 1表 3裏 11目 5～14局] [90.2310 ％（+40.2310） 1表 5裏 11目 3～13局] [90.1728 ％（+40.1728） 1表 6裏 11目 3～12局] [90.0672 ％（+40.0672） 1表 10裏 11目 2～12局] [90.0406 ％（+40.0406） 1表 11裏 11目 1～11局] [89.7351 ％（+39.7351） 1表 1裏 12目 12～23局] [89.6686 ％（+39.6686） 1表 2裏 12目 8～17局] [89.6281 ％（+39.6281） 1表 3裏 12目 6～15局] [89.4764 ％（+39.4764） 1表 5裏 12目 4～14局] [89.2473 ％（+39.2473） 1表 11裏 12目 2～13局] [89.2317 ％（+39.2317） 1表 12裏 12目 1～12局] [89.0914 ％（+39.0914） 1表 1裏 13目 13～25局] [88.9818 ％（+38.9818） 1表 2裏 13目 9～19局] [88.8595 ％（+38.8595） 1表 3裏 13目 7～17局] [88.8416 ％（+38.8416） 1表 4裏 13目 5～16局] [88.7026 ％（+38.7026） 1表 5裏 13目 5～15局] [88.6215 ％（+38.6215） 1表 7裏 13目 3～14局] [88.4455 ％（+38.4455） 1表 12裏 13目 2～14局] [88.4028 ％（+38.4028） 1表 1裏 14目 14～27局] [88.2996 ％（+38.2996） 1表 2裏 14目 9～20局] [88.2231 ％（+38.2231） 1表 3裏 14目 7～18局]
