turn_system_name,failure_rate,p,span,t_step,h_step,shortest_coins,upper_limit_coins,expected_a_win_rate,expected_no_win_match_rate
alternating,0.0,0.5,1,1,1,1,1,0.5,0.0
alternating,0.0,0.51,3,1,1,3,5,0.5037510006,0.0
alternating,0.0,0.52,3,1,1,3,5,0.5075080191999999,0.0
alternating,0.0,0.53,3,1,1,3,5,0.5112771457999999,0.0
alternating,0.0,0.54,3,1,1,3,5,0.5150646144,0.0
alternating,0.0,0.55,3,2,1,2,5,0.4840721875,0.0
alternating,0.0,0.56,3,2,1,2,5,0.4871602176,0.0
alternating,0.0,0.57,3,2,1,2,5,0.4902951956999999,0.0
alternating,0.0,0.58,3,2,1,2,5,0.4934947168,0.0
alternating,0.0,0.59,3,2,1,2,5,0.4967768199,0.0
alternating,0.0,0.6,3,2,1,2,5,0.5001599999999999,0.0
alternating,0.0,0.61,3,2,1,2,5,0.5036632201,0.0
alternating,0.0,0.62,3,2,1,2,5,0.5073059232,0.0
alternating,0.0,0.63,3,2,1,2,5,0.5111080443,0.0
alternating,0.0,0.64,2,2,1,1,3,0.492544,0.0
alternating,0.0,0.65,2,2,1,1,3,0.502125,0.0
alternating,0.0,0.66,2,2,1,1,3,0.511896,0.0
alternating,0.0,0.67,2,2,1,1,3,0.5218630000000001,0.0
alternating,0.0,0.68,2,2,1,1,3,0.5320320000000001,0.0
alternating,0.0,0.69,3,3,1,1,5,0.4721409248999999,0.0
alternating,0.0,0.7,3,3,1,1,5,0.4809699999999999,0.0
alternating,0.0,0.71,3,3,1,1,5,0.4901171251,0.0
alternating,0.0,0.72,3,3,1,1,5,0.4996012031999999,0.0
alternating,0.0,0.73,3,3,1,1,5,0.5094417493,0.0
alternating,0.0,0.74,3,3,1,1,5,0.5196589024,0.0
alternating,0.0,0.75,3,3,1,1,5,0.5302734375,0.0
alternating,0.0,0.76,3,3,1,1,5,0.5413067776,0.0
alternating,0.0,0.77,3,3,1,1,5,0.5527810057,0.0
alternating,0.0,0.78,3,3,1,1,5,0.5647188768,0.0
alternating,0.0,0.79,3,3,1,1,5,0.5771438299,0.0
alternating,0.0,0.8,3,3,1,1,5,0.5900800000000002,0.0
alternating,0.0,0.81,3,3,1,1,5,0.6035522301000001,0.0
alternating,0.0,0.82,3,3,1,1,5,0.6175860831999999,0.0
alternating,0.0,0.83,3,3,1,1,5,0.6322078542999999,0.0
alternating,0.0,0.84,3,3,1,1,5,0.6474445823999999,0.0
alternating,0.0,0.85,3,3,1,1,5,0.6633240624999999,0.0
alternating,0.0,0.86,3,3,1,1,5,0.6798748576,0.0
alternating,0.0,0.87,3,3,1,1,5,0.6971263107000001,0.0
alternating,0.0,0.88,3,3,1,1,5,0.7151085568,0.0
alternating,0.0,0.89,3,3,1,1,5,0.7338525349,0.0
alternating,0.0,0.9,3,3,1,1,5,0.7533900000000001,0.0
alternating,0.0,0.91,3,3,1,1,5,0.7737535351000001,0.0
alternating,0.0,0.92,3,3,1,1,5,0.7949765632000001,0.0
alternating,0.0,0.93,3,3,1,1,5,0.8170933593,0.0
alternating,0.0,0.94,3,3,1,1,5,0.8401390623999998,0.0
alternating,0.0,0.95,3,3,1,1,5,0.8641496874999999,0.0
alternating,0.05,0.5,1,1,1,1,2,0.4999999999999999,0.0025
alternating,0.05,0.51,3,1,1,3,6,0.5027894031003997,0.0114981508430903
alternating,0.05,0.52,3,1,1,3,6,0.5055833125828336,0.01150366441132
alternating,0.05,0.53,3,1,1,3,6,0.5083862886643375,0.0115128683528153
alternating,0.05,0.54,3,1,1,3,6,0.5112029992375821,0.0115257846592449
alternating,0.05,0.55,3,1,1,3,6,0.5140382737228124,0.0115424441189453
alternating,0.05,0.56,3,2,1,2,6,0.4860689014913963,0.0019168001269599
alternating,0.05,0.57,3,2,1,2,6,0.4885116235790954,0.0020502658851076
alternating,0.05,0.58,3,2,1,2,6,0.4909978242222307,0.0021908060987725
alternating,0.05,0.59,3,2,1,2,6,0.4935414315129268,0.0023386698139576
alternating,0.05,0.6,3,2,1,2,6,0.4961566963586294,0.002494110475
alternating,0.05,0.61,3,2,1,2,6,0.4988582019203605,0.0026573859245701
alternating,0.05,0.62,3,2,1,2,6,0.5016608731761495,0.0028287584036724
alternating,0.05,0.63,3,2,1,2,6,0.504579986616644,0.0030084945516451
alternating,0.05,0.64,3,2,1,2,6,0.5076311800801789,0.0031968654061599
alternating,0.05,0.65,2,2,1,1,4,0.492761944667292,0.0038193125
alternating,0.05,0.66,2,2,1,1,4,0.5012069546321423,0.00393754
alternating,0.05,0.67,2,2,1,1,4,0.5098053911228718,0.0040575724999999
alternating,0.05,0.68,2,2,1,1,4,0.5185620056319582,0.00417941
alternating,0.05,0.69,3,2,1,2,6,0.5254422374776917,0.0042780344787451
alternating,0.05,0.7,3,3,1,1,6,0.4711248961091717,0.0044250571703124
alternating,0.05,0.71,3,3,1,1,6,0.4786566124445682,0.0046826505010014
alternating,0.05,0.72,3,3,1,1,6,0.4864302747769539,0.0049513403515599
alternating,0.05,0.73,3,3,1,1,6,0.4944600776082959,0.0052314412028514
alternating,0.05,0.74,3,3,1,1,6,0.5027606790669968,0.0055232719340724
alternating,0.05,0.75,3,3,1,1,6,0.5113472122295526,0.0058271558227539
alternating,0.05,0.76,3,3,1,1,6,0.5202352966601184,0.00614342054476
alternating,0.05,0.77,3,3,1,1,6,0.5294410501791621,0.0064723981742889
alternating,0.05,0.78,3,3,1,1,6,0.5389811008728354,0.0068144251838725
alternating,0.05,0.79,3,3,1,1,6,0.5488725993551874,0.0071698424443764
alternating,0.05,0.8,3,3,1,1,6,0.5591332312958783,0.007538995225
alternating,0.05,0.81,3,3,1,1,6,0.569781230226537,0.0079222331932764
alternating,0.05,0.82,3,3,1,1,6,0.580835390639509,0.0083199104150725
alternating,0.05,0.83,3,3,1,1,6,0.5923150813932785,0.0087323853545889
alternating,0.05,0.84,3,3,1,1,6,0.6042402594394871,0.0091600208743599
alternating,0.05,0.85,3,3,1,1,6,0.6166314838870709,0.0096031842352539
alternating,0.05,0.86,3,3,1,1,6,0.6295099304197144,0.0100622470964724
alternating,0.05,0.87,3,3,1,1,6,0.6428974060835065,0.0105375855155514
alternating,0.05,0.88,3,3,1,1,6,0.6568163644623983,0.01102957994836
alternating,0.05,0.89,3,3,1,1,6,0.6712899212598242,0.0115386152491014
alternating,0.05,0.9,3,3,1,1,6,0.6863418703056203,0.0120650806703125
alternating,0.05,0.91,3,3,1,1,6,0.7019967000082048,0.0126093698628638
alternating,0.05,0.92,3,3,1,1,6,0.7182796102728952,0.01317188087596
alternating,0.05,0.93,3,3,1,1,6,0.7352165299080333,0.0137530161571389
alternating,0.05,0.94,3,3,1,1,6,0.7528341345416673,0.0143531825522725
alternating,0.05,0.95,3,3,1,1,6,0.7711598650724553,0.0149727913055664
alternating,0.1,0.5,1,1,1,1,2,0.5,0.01
alternating,0.1,0.51,3,1,1,3,6,0.502071145036672,0.03752007968098
alternating,0.1,0.52,3,1,1,3,6,0.504145689967101,0.03753795789568
alternating,0.1,0.53,3,1,1,3,6,0.5062270751690809,0.0375678021593799
alternating,0.1,0.54,3,1,1,3,6,0.5083188220025531,0.0376096833308799
alternating,0.1,0.55,3,1,1,3,6,0.5104245733360149,0.0376637006125
alternating,0.1,0.56,3,1,1,3,6,0.512548134115808,0.03772998155008
alternating,0.1,0.57,3,2,1,2,6,0.4875343593011696,0.0072169356484899
alternating,0.1,0.58,3,2,1,2,6,0.4894857724786683,0.0076751026350399
alternating,0.1,0.59,3,2,1,2,6,0.4914746263813146,0.00815675195089
alternating,0.1,0.6,3,2,1,2,6,0.4935119162450938,0.0086626864
alternating,0.1,0.61,3,2,1,2,6,0.4956088815756096,0.0091937229580899
alternating,0.1,0.62,3,2,1,2,6,0.4977770151773745,0.00975069277264
alternating,0.1,0.63,3,2,1,2,6,0.5000280725100834,0.01033444116289
alternating,0.1,0.64,3,2,1,2,6,0.5023740813915105,0.01094582761984
alternating,0.1,0.65,3,2,1,2,6,0.5048273520677398,0.01158572580625
alternating,0.1,0.66,2,2,1,1,4,0.4927767195365293,0.01421344
alternating,0.1,0.67,2,2,1,1,4,0.5002074495661284,0.01464436
alternating,0.1,0.68,2,2,1,1,4,0.5077626975412702,0.01508176
alternating,0.1,0.69,2,2,1,1,4,0.5154463330055646,0.01552564
alternating,0.1,0.7,3,2,1,2,6,0.519154614368098,0.0152444629
alternating,0.1,0.71,3,2,1,2,6,0.5225271588871749,0.01607457199969
alternating,0.1,0.72,3,3,1,1,6,0.4771908416802295,0.01624765682944
alternating,0.1,0.73,3,3,1,1,6,0.4837956738410304,0.01715836142809
alternating,0.1,0.74,3,3,1,1,6,0.4905947552665274,0.01810697366224
alternating,0.1,0.75,3,3,1,1,6,0.497599386996547,0.01909453515625
alternating,0.1,0.76,3,3,1,1,6,0.5048212753795378,0.02012210170624
alternating,0.1,0.77,3,3,1,1,6,0.5122725466965495,0.02119074328009
alternating,0.1,0.78,3,3,1,1,6,0.519965762439918,0.02230154401744
alternating,0.1,0.79,3,3,1,1,6,0.5279139352873762,0.02345560222969
alternating,0.1,0.8,3,3,1,1,6,0.5361305458148886,0.0246540304
alternating,0.1,0.81,3,3,1,1,6,0.544629559994261,0.02589795518329
alternating,0.1,0.82,3,3,1,1,6,0.5534254475245765,0.0271885174062399
alternating,0.1,0.83,3,3,1,1,6,0.5625332010496826,0.0285268720672899
alternating,0.1,0.84,3,3,1,1,6,0.571968356317401,0.0299141883366399
alternating,0.1,0.85,3,3,1,1,6,0.5817470133398133,0.03135164955625
alternating,0.1,0.86,3,3,1,1,6,0.5918858586179835,0.03284045323984
alternating,0.1,0.87,3,3,1,1,6,0.6024021884987396,0.03438181107289
alternating,0.1,0.88,3,3,1,1,6,0.6133139337357644,0.03597694891264
alternating,0.1,0.89,3,3,1,1,6,0.6246396853322562,0.03762710678809
alternating,0.1,0.9,3,3,1,1,6,0.6363987217477768,0.0393335389
alternating,0.1,0.91,3,3,1,1,6,0.6486110375577379,0.04109751362089
alternating,0.1,0.92,3,3,1,1,6,0.6612973736602831,0.04292031349504
alternating,0.1,0.93,3,3,1,1,6,0.6744792491320943,0.04480323523849
alternating,0.1,0.94,3,3,1,1,6,0.6881789948420655,0.04674758973904
alternating,0.1,0.95,3,3,1,1,6,0.7024197889397332,0.0487547020562499
alternating,0.15,0.5,1,1,1,1,2,0.5,0.0225
alternating,0.15,0.51,3,1,1,3,6,0.5015192616347206,0.0688318410281878
alternating,0.15,0.52,3,1,1,3,6,0.5030410665504886,0.0688642429978799
alternating,0.15,0.53,3,1,1,3,6,0.5045679881980333,0.0689183308457127
alternating,0.15,0.54,3,1,1,3,6,0.5061026603870538,0.068994231419205
alternating,0.15,0.55,3,1,1,3,6,0.5076478075149504,0.0690921223048828
alternating,0.15,0.56,3,1,1,3,6,0.5092062748552758,0.0692122318282799
alternating,0.15,0.57,3,1,1,3,6,0.5107810589268651,0.0693548390539378
alternating,0.15,0.58,3,2,1,2,6,0.4887983183099216,0.0154187794419525
alternating,0.15,0.59,3,2,1,2,6,0.490366203841132,0.0162943571870563
alternating,0.15,0.6,3,2,1,2,6,0.4919641377740795,0.017213494275
alternating,0.15,0.61,3,2,1,2,6,0.4936007312547898,0.0181776255750689
alternating,0.15,0.62,3,2,1,2,6,0.4952847827847486,0.0191882113260525
alternating,0.15,0.63,3,2,1,2,6,0.4970252870940816,0.0202467371362439
alternating,0.15,0.64,3,2,1,2,6,0.4988314444946122,0.0213547139834399
alternating,0.15,0.65,3,2,1,2,6,0.5007126707446082,0.0225136782149414
alternating,0.15,0.66,3,2,1,2,6,0.5026786074592406,0.0237251915475525
alternating,0.15,0.67,3,2,1,2,6,0.5047391331031162,0.0249908410675813
alternating,0.15,0.68,2,2,1,1,4,0.4991839413787656,0.03057381
alternating,0.15,0.69,2,2,1,1,4,0.5057970247312009,0.0314646524999999
alternating,0.15,0.7,3,2,1,2,6,0.5115908295653403,0.0291288581578124
alternating,0.15,0.71,3,2,1,2,6,0.5141336532672011,0.0306274306806688
alternating,0.15,0.72,3,2,1,2,6,0.5168244415929958,0.0321884553650399
alternating,0.15,0.73,3,2,1,2,6,0.5196747628186038,0.0338136715142564
alternating,0.15,0.74,3,3,1,1,6,0.4821336093720791,0.0335117196096525
alternating,0.15,0.75,3,3,1,1,6,0.4878704749833196,0.0353092022094726
alternating,0.15,0.76,3,3,1,1,6,0.4937603050543893,0.0371786970308399
alternating,0.15,0.77,3,3,1,1,6,0.4998121481081317,0.0391221194712876
alternating,0.15,0.78,3,3,1,1,6,0.50603542488158,0.0411414102978525
alternating,0.15,0.79,3,3,1,1,6,0.5124399467311961,0.0432385356470751
alternating,0.15,0.8,3,3,1,1,6,0.5190359351953742,0.045415487025
alternating,0.15,0.81,3,3,1,1,6,0.5258340428026571,0.0476742813071751
alternating,0.15,0.82,3,3,1,1,6,0.5328453752216555,0.0500169607386524
alternating,0.15,0.83,3,3,1,1,6,0.5400815148568797,0.0524455929339876
alternating,0.15,0.84,3,3,1,1,6,0.5475545460038085,0.0549622708772399
alternating,0.15,0.85,3,3,1,1,6,0.5552770816864572,0.0575691129219726
alternating,0.15,0.86,3,3,1,1,6,0.5632622923117347,0.0602682627912524
alternating,0.15,0.87,3,3,1,1,6,0.5715239362869761,0.0630618895776501
alternating,0.15,0.88,3,3,1,1,6,0.5800763927604188,0.06595218774324
alternating,0.15,0.89,3,3,1,1,6,0.5889346966591619,0.0689413771196001
alternating,0.15,0.9,3,3,1,1,6,0.5981145762155069,0.0720317029078125
alternating,0.15,0.91,3,3,1,1,6,0.6076324931906457,0.0752254356784626
alternating,0.15,0.92,3,3,1,1,6,0.6175056860247685,0.07852487137164
alternating,0.15,0.93,3,3,1,1,6,0.6277522161648872,0.0819323312969376
alternating,0.15,0.94,3,3,1,1,6,0.6383910178464476,0.0854501621334524
alternating,0.15,0.95,3,3,1,1,6,0.6494419516323571,0.0890807359297851
alternating,0.2,0.5,2,1,1,2,4,0.5,0.0784
alternating,0.2,0.51,2,1,1,2,4,0.5022231358126203,0.07841024
alternating,0.2,0.52,2,1,1,2,4,0.5044517534112628,0.07844096
alternating,0.2,0.53,2,1,1,2,4,0.5066913358002468,0.07849216
alternating,0.2,0.54,2,1,1,2,4,0.5089473684210528,0.07856384
alternating,0.2,0.55,2,1,1,2,4,0.5112253403723258,0.078656
alternating,0.2,0.56,2,1,1,2,4,0.5135307456315858,0.07876864
alternating,0.2,0.57,2,1,1,2,4,0.5158690842792186,0.07890176
alternating,0.2,0.58,2,1,1,2,4,0.5182458637253158,0.07905536
alternating,0.2,0.59,2,1,1,2,4,0.5206665999399461,0.07922944
alternating,0.2,0.6,2,1,1,2,4,0.5231368186874307,0.079424
alternating,0.2,0.61,2,1,1,2,4,0.5256620567652068,0.07963904
alternating,0.2,0.62,2,1,1,2,4,0.5282478632478633,0.07987456
alternating,0.2,0.63,2,1,1,2,4,0.5308998007369393,0.08013056
alternating,0.2,0.64,2,2,1,1,4,0.4705828444177979,0.04354304
alternating,0.2,0.65,2,2,1,1,4,0.4759581881533101,0.044864
alternating,0.2,0.66,2,2,1,1,4,0.4814038478055485,0.04620544
alternating,0.2,0.67,2,2,1,1,4,0.486922407027126,0.04756736
alternating,0.2,0.68,2,2,1,1,4,0.4925164735776735,0.04894976
alternating,0.2,0.69,2,2,1,1,4,0.4981886800590905,0.05035264
alternating,0.2,0.7,2,2,1,1,4,0.5039416846652267,0.0517759999999999
alternating,0.2,0.71,2,2,1,1,4,0.5097781719464844,0.05321984
alternating,0.2,0.72,2,2,1,1,4,0.5157008535898435,0.0546841599999999
alternating,0.2,0.73,2,2,1,1,4,0.521712469214829,0.05616896
alternating,0.2,0.74,2,2,1,1,4,0.5278157871859515,0.0576742399999999
alternating,0.2,0.75,2,2,1,1,4,0.5340136054421772,0.0592
alternating,0.2,0.76,2,2,1,1,4,0.5403087523439888,0.06074624
alternating,0.2,0.77,2,2,1,1,4,0.5467040875386316,0.06231296
alternating,0.2,0.78,2,2,1,1,4,0.5532025028441412,0.06390016
alternating,0.2,0.79,2,2,1,1,4,0.559806923152785,0.06550784
alternating,0.2,0.8,2,2,1,1,4,0.5665203073545556,0.067136
alternating,0.2,0.81,2,2,1,1,4,0.5733456492813866,0.06878464
alternating,0.2,0.82,2,2,1,1,4,0.5802859786727772,0.07045376
alternating,0.2,0.83,2,2,1,1,4,0.5873443621635343,0.07214336
alternating,0.2,0.84,2,2,1,1,4,0.5945239042943702,0.07385344
alternating,0.2,0.85,2,2,1,1,4,0.6018277485461093,0.075584
alternating,0.2,0.86,2,2,1,1,4,0.6092590783982953,0.07733504
alternating,0.2,0.87,2,2,1,1,4,0.6168211184130059,0.07910656
alternating,0.2,0.88,2,2,1,1,4,0.6245171353447126,0.08089856
alternating,0.2,0.89,2,2,1,1,4,0.6323504392770629,0.08271104
alternating,0.2,0.9,2,2,1,1,4,0.640324384787472,0.084544
alternating,0.2,0.91,2,2,1,1,4,0.6484423721404635,0.08639744
alternating,0.2,0.92,2,2,1,1,4,0.6567078485107152,0.08827136
alternating,0.2,0.93,2,2,1,1,4,0.6651243092368123,0.09016576
alternating,0.2,0.94,2,2,1,1,4,0.6736952991067402,0.09208064
alternating,0.2,0.95,2,2,1,1,4,0.6824244136761797,0.094016
alternating,0.25,0.5,1,1,1,1,2,0.5,0.0625
alternating,0.25,0.51,2,1,1,2,4,0.5017770543745428,0.1093890625
alternating,0.25,0.52,2,1,1,2,4,0.5035585405394024,0.10943125
alternating,0.25,0.53,2,1,1,2,4,0.5053488916846078,0.1095015625
alternating,0.25,0.54,2,1,1,2,4,0.5071525438005392,0.1095999999999999
alternating,0.25,0.55,2,1,1,2,4,0.5089739370804266,0.1097265624999999
alternating,0.25,0.56,2,1,1,2,4,0.5108175173256377,0.10988125
alternating,0.25,0.57,2,1,1,2,4,0.5126877373546902,0.1100640625
alternating,0.25,0.58,2,1,1,2,4,0.5145890584169265,0.110275
alternating,0.25,0.59,2,1,1,2,4,0.516525951611798,0.1105140624999999
alternating,0.25,0.6,2,1,1,2,4,0.5185028993147073,0.11078125
alternating,0.25,0.61,2,1,1,2,4,0.5205243966103661,0.1110765624999999
alternating,0.25,0.62,2,1,1,2,4,0.5225949527346387,0.1114
alternating,0.25,0.63,2,1,1,2,4,0.5247190925258453,0.1117515624999999
alternating,0.25,0.64,2,1,1,2,4,0.5269013578865118,0.1121312499999999
alternating,0.25,0.65,2,2,1,1,4,0.4733610659326911,0.0633203125
alternating,0.25,0.66,2,2,1,1,4,0.4780292029363392,0.0651625
alternating,0.25,0.67,2,2,1,1,4,0.4827520310702247,0.0670328125
alternating,0.25,0.68,2,2,1,1,4,0.4875316672372475,0.06893125
alternating,0.25,0.69,2,2,1,1,4,0.4923702558307309,0.0708578124999999
alternating,0.25,0.7,2,2,1,1,4,0.4972699696663294,0.0728124999999999
alternating,0.25,0.71,2,2,1,1,4,0.5022330109384578,0.0747953124999999
alternating,0.25,0.72,2,2,1,1,4,0.5072616122022058,0.07680625
alternating,0.25,0.73,2,2,1,1,4,0.5123580373817508,0.0788453125
alternating,0.25,0.74,2,2,1,1,4,0.517524582806316,0.0809124999999999
alternating,0.25,0.75,2,2,1,1,4,0.5227635782747604,0.0830078125
alternating,0.25,0.76,2,2,1,1,4,0.5280773881499395,0.08513125
alternating,0.25,0.77,2,2,1,1,4,0.5334684124840151,0.0872828125
alternating,0.25,0.78,2,2,1,1,4,0.5389390881759399,0.0894624999999999
alternating,0.25,0.79,2,2,1,1,4,0.5444918901624032,0.0916703125
alternating,0.25,0.8,2,2,1,1,4,0.5501293326435595,0.09390625
alternating,0.25,0.81,2,2,1,1,4,0.5558539703449383,0.0961703125
alternating,0.25,0.82,2,2,1,1,4,0.5616683998169792,0.0984625
alternating,0.25,0.83,2,2,1,1,4,0.5675752607736938,0.1007828124999999
alternating,0.25,0.84,2,2,1,1,4,0.5735772374720381,0.10313125
alternating,0.25,0.85,2,2,1,1,4,0.5796770601336302,0.1055078124999999
alternating,0.25,0.86,2,2,1,1,4,0.5858775064105259,0.1079125
alternating,0.25,0.87,2,2,1,1,4,0.5921814028968401,0.1103453124999999
alternating,0.25,0.88,2,2,1,1,4,0.5985916266880825,0.11280625
alternating,0.25,0.89,2,2,1,1,4,0.6051111069901504,0.1152953125
alternating,0.25,0.9,2,2,1,1,4,0.6117428267800213,0.1178125
alternating,0.25,0.91,2,2,1,1,4,0.6184898245202682,0.1203578125
alternating,0.25,0.92,2,2,1,1,4,0.6253551959296237,0.12293125
alternating,0.25,0.93,2,2,1,1,4,0.632342095811914,0.1255328125
alternating,0.25,0.94,2,2,1,1,4,0.6394537399458039,0.1281624999999999
alternating,0.25,0.95,2,2,1,1,4,0.646693407037886,0.1308203124999999
alternating,0.3,0.5,2,1,1,2,5,0.5000000000000001,0.0685799999999999
alternating,0.3,0.51,2,1,1,2,5,0.5026288007468311,0.0685852919999999
alternating,0.3,0.52,2,1,1,2,5,0.5052615799715755,0.068601168
alternating,0.3,0.53,2,1,1,2,5,0.5079023166042549,0.068627628
alternating,0.3,0.54,2,1,1,2,5,0.5105549904792188,0.068664672
alternating,0.3,0.55,2,1,1,2,5,0.5132235827875746,0.0687122999999999
alternating,0.3,0.56,2,1,1,2,5,0.5159120765299472,0.0687705119999999
alternating,0.3,0.57,2,1,1,2,5,0.5186244569696677,0.068839308
alternating,0.3,0.58,2,1,1,2,5,0.5213647120864989,0.0689186879999999
alternating,0.3,0.59,2,1,1,2,5,0.5241368330310199,0.0690086519999999
alternating,0.3,0.6,2,1,1,2,5,0.5269448145797552,0.0691092
alternating,0.3,0.61,2,1,1,2,5,0.5297926555911832,0.069220332
alternating,0.3,0.62,2,2,1,1,5,0.4674567074856057,0.0329436719999999
alternating,0.3,0.63,2,2,1,1,5,0.4722026067923001,0.0339359219999999
alternating,0.3,0.64,2,2,1,1,5,0.477017848515378,0.0349440479999999
alternating,0.3,0.65,2,2,1,1,5,0.4819045105299673,0.0359680499999999
alternating,0.3,0.66,2,2,1,1,5,0.4868646865454151,0.0370079279999999
alternating,0.3,0.67,2,2,1,1,5,0.4919004865351177,0.0380636819999999
alternating,0.3,0.68,2,2,1,1,5,0.4970140371731508,0.0391353119999999
alternating,0.3,0.69,2,2,1,1,5,0.502207482277902,0.0402228179999999
alternating,0.3,0.7,2,2,1,1,5,0.50748298326292,0.0413261999999999
alternating,0.3,0.71,2,2,1,1,5,0.5128427195951831,0.0424454579999999
alternating,0.3,0.72,2,2,1,1,5,0.5182888892610176,0.0435805919999999
alternating,0.3,0.73,2,2,1,1,5,0.5238237092398821,0.044731602
alternating,0.3,0.74,2,2,1,1,5,0.5294494159862518,0.045898488
alternating,0.3,0.75,2,2,1,1,5,0.5351682659198382,0.0470812499999999
alternating,0.3,0.76,2,2,1,1,5,0.5409825359243852,0.0482798879999999
alternating,0.3,0.77,2,2,1,1,5,0.5468945238552922,0.0494944019999999
alternating,0.3,0.78,2,2,1,1,5,0.5529065490563195,0.0507247919999999
alternating,0.3,0.79,2,2,1,1,5,0.5590209528856342,0.0519710579999999
alternating,0.3,0.8,2,2,1,1,5,0.5652400992514733,0.0532331999999999
alternating,0.3,0.81,2,2,1,1,5,0.5715663751576907,0.0545112179999999
alternating,0.3,0.82,2,2,1,1,5,0.5780021912594807,0.0558051119999999
alternating,0.3,0.83,2,2,1,1,5,0.5845499824295667,0.0571148819999999
alternating,0.3,0.84,2,2,1,1,5,0.5912122083351521,0.0584405279999999
alternating,0.3,0.85,2,2,1,1,5,0.5979913540259468,0.0597820499999999
alternating,0.3,0.86,1,1,1,1,2,0.6938461538461537,0.09
alternating,0.3,0.87,1,1,1,1,2,0.6992307692307691,0.09
alternating,0.3,0.88,1,1,1,1,2,0.7046153846153845,0.09
alternating,0.3,0.89,1,1,1,1,2,0.71,0.09
alternating,0.3,0.9,1,1,1,1,2,0.7153846153846153,0.09
alternating,0.3,0.91,1,1,1,1,2,0.7207692307692307,0.09
alternating,0.3,0.92,1,1,1,1,2,0.7261538461538461,0.09
alternating,0.3,0.93,1,1,1,1,2,0.7315384615384614,0.09
alternating,0.3,0.94,1,1,1,1,2,0.7369230769230768,0.09
alternating,0.3,0.95,1,1,1,1,2,0.7423076923076922,0.09
alternating,0.35,0.5,1,1,1,1,2,0.5,0.1224999999999999
alternating,0.35,0.51,1,1,1,1,2,0.5048148148148148,0.1224999999999999
alternating,0.35,0.52,1,1,1,1,2,0.5096296296296297,0.1224999999999999
alternating,0.35,0.53,1,1,1,1,2,0.5144444444444445,0.1224999999999999
alternating,0.35,0.54,1,1,1,1,2,0.5192592592592593,0.1224999999999999
alternating,0.35,0.55,1,1,1,1,2,0.5240740740740741,0.1224999999999999
alternating,0.35,0.56,1,1,1,1,2,0.528888888888889,0.1224999999999999
alternating,0.35,0.57,1,1,1,1,2,0.5337037037037037,0.1224999999999999
alternating,0.35,0.58,1,1,1,1,2,0.5385185185185185,0.1224999999999999
alternating,0.35,0.59,1,1,1,1,2,0.5433333333333333,0.1224999999999999
alternating,0.35,0.6,1,1,1,1,2,0.5481481481481482,0.1224999999999999
alternating,0.35,0.61,1,1,1,1,2,0.552962962962963,0.1224999999999999
alternating,0.35,0.62,1,1,1,1,2,0.5577777777777778,0.1224999999999999
alternating,0.35,0.63,1,1,1,1,2,0.5625925925925926,0.1224999999999999
alternating,0.35,0.64,1,1,1,1,2,0.5674074074074075,0.1224999999999999
alternating,0.35,0.65,1,1,1,1,2,0.5722222222222223,0.1224999999999999
alternating,0.35,0.66,1,1,1,1,2,0.5770370370370371,0.1224999999999999
alternating,0.35,0.67,1,1,1,1,2,0.5818518518518518,0.1224999999999999
alternating,0.35,0.68,1,1,1,1,2,0.5866666666666667,0.1224999999999999
alternating,0.35,0.69,1,1,1,1,2,0.5914814814814815,0.1224999999999999
alternating,0.35,0.7,1,1,1,1,2,0.5962962962962963,0.1224999999999999
alternating,0.35,0.71,1,1,1,1,2,0.601111111111111,0.1224999999999999
alternating,0.35,0.72,1,1,1,1,2,0.6059259259259259,0.1224999999999999
alternating,0.35,0.73,1,1,1,1,2,0.6107407407407407,0.1224999999999999
alternating,0.35,0.74,1,1,1,1,2,0.6155555555555556,0.1224999999999999
alternating,0.35,0.75,1,1,1,1,2,0.6203703703703705,0.1224999999999999
alternating,0.35,0.76,1,1,1,1,2,0.6251851851851853,0.1224999999999999
alternating,0.35,0.77,1,1,1,1,2,0.63,0.1224999999999999
alternating,0.35,0.78,1,1,1,1,2,0.6348148148148148,0.1224999999999999
alternating,0.35,0.79,1,1,1,1,2,0.6396296296296298,0.1224999999999999
alternating,0.35,0.8,1,1,1,1,2,0.6444444444444445,0.1224999999999999
alternating,0.35,0.81,1,1,1,1,2,0.6492592592592593,0.1224999999999999
alternating,0.35,0.82,1,1,1,1,2,0.6540740740740741,0.1224999999999999
alternating,0.35,0.83,1,1,1,1,2,0.6588888888888889,0.1224999999999999
alternating,0.35,0.84,1,1,1,1,2,0.6637037037037038,0.1224999999999999
alternating,0.35,0.85,1,1,1,1,2,0.6685185185185185,0.1224999999999999
alternating,0.35,0.86,1,1,1,1,2,0.6733333333333335,0.1224999999999999
alternating,0.35,0.87,1,1,1,1,2,0.6781481481481482,0.1224999999999999
alternating,0.35,0.88,1,1,1,1,2,0.682962962962963,0.1224999999999999
alternating,0.35,0.89,1,1,1,1,2,0.6877777777777778,0.1224999999999999
alternating,0.35,0.9,1,1,1,1,2,0.6925925925925928,0.1224999999999999
alternating,0.35,0.91,1,1,1,1,2,0.6974074074074075,0.1224999999999999
alternating,0.35,0.92,1,1,1,1,2,0.7022222222222223,0.1224999999999999
alternating,0.35,0.93,1,1,1,1,2,0.707037037037037,0.1224999999999999
alternating,0.35,0.94,1,1,1,1,2,0.711851851851852,0.1224999999999999
alternating,0.35,0.95,1,1,1,1,2,0.7166666666666667,0.1224999999999999
alternating,0.4,0.5,1,1,1,1,2,0.5,0.16
alternating,0.4,0.51,1,1,1,1,2,0.5042857142857142,0.16
alternating,0.4,0.52,1,1,1,1,2,0.5085714285714286,0.16
alternating,0.4,0.53,1,1,1,1,2,0.5128571428571429,0.16
alternating,0.4,0.54,1,1,1,1,2,0.5171428571428571,0.16
alternating,0.4,0.55,1,1,1,1,2,0.5214285714285715,0.16
alternating,0.4,0.56,1,1,1,1,2,0.5257142857142857,0.16
alternating,0.4,0.57,1,1,1,1,2,0.53,0.16
alternating,0.4,0.58,1,1,1,1,2,0.5342857142857143,0.16
alternating,0.4,0.59,1,1,1,1,2,0.5385714285714285,0.16
alternating,0.4,0.6,1,1,1,1,2,0.5428571428571428,0.16
alternating,0.4,0.61,1,1,1,1,2,0.5471428571428572,0.16
alternating,0.4,0.62,1,1,1,1,2,0.5514285714285714,0.16
alternating,0.4,0.63,1,1,1,1,2,0.5557142857142857,0.16
alternating,0.4,0.64,1,1,1,1,2,0.56,0.16
alternating,0.4,0.65,1,1,1,1,2,0.5642857142857143,0.16
alternating,0.4,0.66,1,1,1,1,2,0.5685714285714286,0.16
alternating,0.4,0.67,1,1,1,1,2,0.5728571428571428,0.16
alternating,0.4,0.68,1,1,1,1,2,0.5771428571428572,0.16
alternating,0.4,0.69,1,1,1,1,2,0.5814285714285714,0.16
alternating,0.4,0.7,1,1,1,1,2,0.5857142857142857,0.16
alternating,0.4,0.71,1,1,1,1,2,0.59,0.16
alternating,0.4,0.72,1,1,1,1,2,0.5942857142857143,0.16
alternating,0.4,0.73,1,1,1,1,2,0.5985714285714286,0.16
alternating,0.4,0.74,1,1,1,1,2,0.6028571428571428,0.16
alternating,0.4,0.75,1,1,1,1,2,0.6071428571428571,0.16
alternating,0.4,0.76,1,1,1,1,2,0.6114285714285713,0.16
alternating,0.4,0.77,1,1,1,1,2,0.6157142857142857,0.16
alternating,0.4,0.78,1,1,1,1,2,0.6199999999999999,0.16
alternating,0.4,0.79,1,1,1,1,2,0.6242857142857142,0.16
alternating,0.4,0.8,1,1,1,1,2,0.6285714285714286,0.16
alternating,0.4,0.81,1,1,1,1,2,0.6328571428571428,0.16
alternating,0.4,0.82,1,1,1,1,2,0.637142857142857,0.16
alternating,0.4,0.83,1,1,1,1,2,0.6414285714285713,0.16
alternating,0.4,0.84,1,1,1,1,2,0.6457142857142857,0.16
alternating,0.4,0.85,1,1,1,1,2,0.65,0.16
alternating,0.4,0.86,1,1,1,1,2,0.6542857142857142,0.16
alternating,0.4,0.87,1,1,1,1,2,0.6585714285714286,0.16
alternating,0.4,0.88,1,1,1,1,2,0.6628571428571429,0.16
alternating,0.4,0.89,1,1,1,1,2,0.6671428571428571,0.16
alternating,0.4,0.9,1,1,1,1,2,0.6714285714285715,0.16
alternating,0.4,0.91,1,1,1,1,2,0.6757142857142857,0.16
alternating,0.4,0.92,1,1,1,1,2,0.68,0.16
alternating,0.4,0.93,1,1,1,1,2,0.6842857142857144,0.16
alternating,0.4,0.94,1,1,1,1,2,0.6885714285714285,0.16
alternating,0.4,0.95,1,1,1,1,2,0.6928571428571428,0.16
alternating,0.45,0.5,1,1,1,1,2,0.5000000000000001,0.2025
alternating,0.45,0.51,1,1,1,1,2,0.503793103448276,0.2025
alternating,0.45,0.52,1,1,1,1,2,0.5075862068965519,0.2025
alternating,0.45,0.53,1,1,1,1,2,0.5113793103448276,0.2025
alternating,0.45,0.54,1,1,1,1,2,0.5151724137931035,0.2025
alternating,0.45,0.55,1,1,1,1,2,0.5189655172413794,0.2025
alternating,0.45,0.56,1,1,1,1,2,0.5227586206896553,0.2025
alternating,0.45,0.57,1,1,1,1,2,0.526551724137931,0.2025
alternating,0.45,0.58,1,1,1,1,2,0.530344827586207,0.2025
alternating,0.45,0.59,1,1,1,1,2,0.5341379310344828,0.2025
alternating,0.45,0.6,1,1,1,1,2,0.5379310344827587,0.2025
alternating,0.45,0.61,1,1,1,1,2,0.5417241379310346,0.2025
alternating,0.45,0.62,1,1,1,1,2,0.5455172413793105,0.2025
alternating,0.45,0.63,1,1,1,1,2,0.5493103448275863,0.2025
alternating,0.45,0.64,1,1,1,1,2,0.5531034482758622,0.2025
alternating,0.45,0.65,1,1,1,1,2,0.556896551724138,0.2025
alternating,0.45,0.66,1,1,1,1,2,0.5606896551724139,0.2025
alternating,0.45,0.67,1,1,1,1,2,0.5644827586206898,0.2025
alternating,0.45,0.68,1,1,1,1,2,0.5682758620689656,0.2025
alternating,0.45,0.69,1,1,1,1,2,0.5720689655172414,0.2025
alternating,0.45,0.7,1,1,1,1,2,0.5758620689655174,0.2025
alternating,0.45,0.71,1,1,1,1,2,0.5796551724137932,0.2025
alternating,0.45,0.72,1,1,1,1,2,0.583448275862069,0.2025
alternating,0.45,0.73,1,1,1,1,2,0.5872413793103449,0.2025
alternating,0.45,0.74,1,1,1,1,2,0.5910344827586208,0.2025
alternating,0.45,0.75,1,1,1,1,2,0.5948275862068967,0.2025
alternating,0.45,0.76,1,1,1,1,2,0.5986206896551726,0.2025
alternating,0.45,0.77,1,1,1,1,2,0.6024137931034483,0.2025
alternating,0.45,0.78,1,1,1,1,2,0.6062068965517242,0.2025
alternating,0.45,0.79,1,1,1,1,2,0.6100000000000001,0.2025
alternating,0.45,0.8,1,1,1,1,2,0.613793103448276,0.2025
alternating,0.45,0.81,1,1,1,1,2,0.6175862068965519,0.2025
alternating,0.45,0.82,1,1,1,1,2,0.6213793103448277,0.2025
alternating,0.45,0.83,1,1,1,1,2,0.6251724137931035,0.2025
alternating,0.45,0.84,1,1,1,1,2,0.6289655172413794,0.2025
alternating,0.45,0.85,1,1,1,1,2,0.6327586206896552,0.2025
alternating,0.45,0.86,1,1,1,1,2,0.6365517241379312,0.2025
alternating,0.45,0.87,1,1,1,1,2,0.6403448275862069,0.2025
alternating,0.45,0.88,1,1,1,1,2,0.6441379310344829,0.2025
alternating,0.45,0.89,1,1,1,1,2,0.6479310344827588,0.2025
alternating,0.45,0.9,1,1,1,1,2,0.6517241379310346,0.2025
alternating,0.45,0.91,1,1,1,1,2,0.6555172413793106,0.2025
alternating,0.45,0.92,1,1,1,1,2,0.6593103448275864,0.2025
alternating,0.45,0.93,1,1,1,1,2,0.6631034482758622,0.2025
alternating,0.45,0.94,1,1,1,1,2,0.6668965517241381,0.2025
alternating,0.45,0.95,1,1,1,1,2,0.6706896551724139,0.2025
alternating,0.5,0.5,1,1,1,1,2,0.5,0.25
alternating,0.5,0.51,1,1,1,1,2,0.5033333333333333,0.25
alternating,0.5,0.52,1,1,1,1,2,0.5066666666666666,0.25
alternating,0.5,0.53,1,1,1,1,2,0.51,0.25
alternating,0.5,0.54,1,1,1,1,2,0.5133333333333333,0.25
alternating,0.5,0.55,1,1,1,1,2,0.5166666666666666,0.25
alternating,0.5,0.56,1,1,1,1,2,0.52,0.25
alternating,0.5,0.57,1,1,1,1,2,0.5233333333333332,0.25
alternating,0.5,0.58,1,1,1,1,2,0.5266666666666666,0.25
alternating,0.5,0.59,1,1,1,1,2,0.5299999999999999,0.25
alternating,0.5,0.6,1,1,1,1,2,0.5333333333333333,0.25
alternating,0.5,0.61,1,1,1,1,2,0.5366666666666666,0.25
alternating,0.5,0.62,1,1,1,1,2,0.54,0.25
alternating,0.5,0.63,1,1,1,1,2,0.5433333333333332,0.25
alternating,0.5,0.64,1,1,1,1,2,0.5466666666666666,0.25
alternating,0.5,0.65,1,1,1,1,2,0.5499999999999999,0.25
alternating,0.5,0.66,1,1,1,1,2,0.5533333333333333,0.25
alternating,0.5,0.67,1,1,1,1,2,0.5566666666666666,0.25
alternating,0.5,0.68,1,1,1,1,2,0.56,0.25
alternating,0.5,0.69,1,1,1,1,2,0.5633333333333332,0.25
alternating,0.5,0.7,1,1,1,1,2,0.5666666666666667,0.25
alternating,0.5,0.71,1,1,1,1,2,0.57,0.25
alternating,0.5,0.72,1,1,1,1,2,0.5733333333333333,0.25
alternating,0.5,0.73,1,1,1,1,2,0.5766666666666667,0.25
alternating,0.5,0.74,1,1,1,1,2,0.58,0.25
alternating,0.5,0.75,1,1,1,1,2,0.5833333333333333,0.25
alternating,0.5,0.76,1,1,1,1,2,0.5866666666666667,0.25
alternating,0.5,0.77,1,1,1,1,2,0.59,0.25
alternating,0.5,0.78,1,1,1,1,2,0.5933333333333333,0.25
alternating,0.5,0.79,1,1,1,1,2,0.5966666666666667,0.25
alternating,0.5,0.8,1,1,1,1,2,0.6,0.25
alternating,0.5,0.81,1,1,1,1,2,0.6033333333333333,0.25
alternating,0.5,0.82,1,1,1,1,2,0.6066666666666666,0.25
alternating,0.5,0.83,1,1,1,1,2,0.61,0.25
alternating,0.5,0.84,1,1,1,1,2,0.6133333333333333,0.25
alternating,0.5,0.85,1,1,1,1,2,0.6166666666666667,0.25
alternating,0.5,0.86,1,1,1,1,2,0.6199999999999999,0.25
alternating,0.5,0.87,1,1,1,1,2,0.6233333333333333,0.25
alternating,0.5,0.88,1,1,1,1,2,0.6266666666666666,0.25
alternating,0.5,0.89,1,1,1,1,2,0.63,0.25
alternating,0.5,0.9,1,1,1,1,2,0.6333333333333333,0.25
alternating,0.5,0.91,1,1,1,1,2,0.6366666666666667,0.25
alternating,0.5,0.92,1,1,1,1,2,0.6399999999999999,0.25
alternating,0.5,0.93,1,1,1,1,2,0.6433333333333333,0.25
alternating,0.5,0.94,1,1,1,1,2,0.6466666666666666,0.25
alternating,0.5,0.95,1,1,1,1,2,0.6499999999999999,0.25
alternating,0.55,0.5,1,1,1,1,3,0.5000000000000001,0.166375
alternating,0.55,0.51,1,1,1,1,3,0.5040620782726045,0.166375
alternating,0.55,0.52,1,1,1,1,3,0.5081241565452091,0.166375
alternating,0.55,0.53,1,1,1,1,3,0.5121862348178138,0.166375
alternating,0.55,0.54,1,1,1,1,3,0.5162483130904184,0.166375
alternating,0.55,0.55,1,1,1,1,3,0.5203103913630229,0.166375
alternating,0.55,0.56,1,1,1,1,3,0.5243724696356276,0.166375
alternating,0.55,0.57,1,1,1,1,3,0.5284345479082321,0.166375
alternating,0.55,0.58,1,1,1,1,3,0.5324966261808367,0.166375
alternating,0.55,0.59,1,1,1,1,3,0.5365587044534412,0.166375
alternating,0.55,0.6,1,1,1,1,3,0.5406207827260459,0.166375
alternating,0.55,0.61,1,1,1,1,3,0.5446828609986505,0.166375
alternating,0.55,0.62,1,1,1,1,3,0.5487449392712551,0.166375
alternating,0.55,0.63,1,1,1,1,3,0.5528070175438596,0.166375
alternating,0.55,0.64,1,1,1,1,3,0.5568690958164643,0.166375
alternating,0.55,0.65,1,1,1,1,3,0.5609311740890689,0.166375
alternating,0.55,0.66,1,1,1,1,3,0.5649932523616734,0.166375
alternating,0.55,0.67,1,1,1,1,3,0.569055330634278,0.166375
alternating,0.55,0.68,1,1,1,1,3,0.5731174089068826,0.166375
alternating,0.55,0.69,1,1,1,1,3,0.5771794871794871,0.166375
alternating,0.55,0.7,1,1,1,1,3,0.5812415654520917,0.166375
alternating,0.55,0.71,1,1,1,1,3,0.5853036437246963,0.166375
alternating,0.55,0.72,1,1,1,1,3,0.589365721997301,0.166375
alternating,0.55,0.73,1,1,1,1,3,0.5934278002699056,0.166375
alternating,0.55,0.74,1,1,1,1,3,0.5974898785425101,0.166375
alternating,0.55,0.75,1,1,1,1,3,0.6015519568151148,0.166375
alternating,0.55,0.76,1,1,1,1,3,0.6056140350877193,0.166375
alternating,0.55,0.77,1,1,1,1,3,0.6096761133603239,0.166375
alternating,0.55,0.78,1,1,1,1,3,0.6137381916329285,0.166375
alternating,0.55,0.79,1,1,1,1,3,0.6178002699055332,0.166375
alternating,0.55,0.8,1,1,1,1,3,0.6218623481781377,0.166375
alternating,0.55,0.81,1,1,1,1,3,0.6259244264507423,0.166375
alternating,0.55,0.82,1,1,1,1,3,0.6299865047233468,0.166375
alternating,0.55,0.83,1,1,1,1,3,0.6340485829959515,0.166375
alternating,0.55,0.84,1,1,1,1,3,0.6381106612685561,0.166375
alternating,0.55,0.85,1,1,1,1,3,0.6421727395411605,0.166375
alternating,0.55,0.86,1,1,1,1,3,0.6462348178137651,0.166375
alternating,0.55,0.87,1,1,1,1,3,0.6502968960863698,0.166375
alternating,0.55,0.88,1,1,1,1,3,0.6543589743589744,0.166375
alternating,0.55,0.89,1,1,1,1,3,0.6584210526315789,0.166375
alternating,0.55,0.9,1,1,1,1,3,0.6624831309041835,0.166375
alternating,0.55,0.91,1,1,1,1,3,0.6665452091767882,0.166375
alternating,0.55,0.92,1,1,1,1,3,0.6706072874493927,0.166375
alternating,0.55,0.93,1,1,1,1,3,0.6746693657219973,0.166375
alternating,0.55,0.94,1,1,1,1,3,0.678731443994602,0.166375
alternating,0.55,0.95,1,1,1,1,3,0.6827935222672065,0.166375
alternating,0.6,0.5,1,1,1,1,3,0.5,0.216
alternating,0.6,0.51,1,1,1,1,3,0.5038775510204082,0.216
alternating,0.6,0.52,1,1,1,1,3,0.5077551020408164,0.216
alternating,0.6,0.53,1,1,1,1,3,0.5116326530612245,0.216
alternating,0.6,0.54,1,1,1,1,3,0.5155102040816326,0.216
alternating,0.6,0.55,1,1,1,1,3,0.5193877551020408,0.216
alternating,0.6,0.56,1,1,1,1,3,0.5232653061224489,0.216
alternating,0.6,0.57,1,1,1,1,3,0.5271428571428571,0.216
alternating,0.6,0.58,1,1,1,1,3,0.5310204081632652,0.216
alternating,0.6,0.59,1,1,1,1,3,0.5348979591836734,0.216
alternating,0.6,0.6,1,1,1,1,3,0.5387755102040817,0.216
alternating,0.6,0.61,1,1,1,1,3,0.5426530612244899,0.216
alternating,0.6,0.62,1,1,1,1,3,0.546530612244898,0.216
alternating,0.6,0.63,1,1,1,1,3,0.5504081632653062,0.216
alternating,0.6,0.64,1,1,1,1,3,0.5542857142857142,0.216
alternating,0.6,0.65,1,1,1,1,3,0.5581632653061224,0.216
alternating,0.6,0.66,1,1,1,1,3,0.5620408163265307,0.216
alternating,0.6,0.67,1,1,1,1,3,0.5659183673469388,0.216
alternating,0.6,0.68,1,1,1,1,3,0.5697959183673469,0.216
alternating,0.6,0.69,1,1,1,1,3,0.5736734693877551,0.216
alternating,0.6,0.7,1,1,1,1,3,0.5775510204081632,0.216
alternating,0.6,0.71,1,1,1,1,3,0.5814285714285714,0.216
alternating,0.6,0.72,1,1,1,1,3,0.5853061224489795,0.216
alternating,0.6,0.73,1,1,1,1,3,0.5891836734693877,0.216
alternating,0.6,0.74,1,1,1,1,3,0.5930612244897959,0.216
alternating,0.6,0.75,1,1,1,1,3,0.5969387755102041,0.216
alternating,0.6,0.76,1,1,1,1,3,0.6008163265306122,0.216
alternating,0.6,0.77,1,1,1,1,3,0.6046938775510206,0.216
alternating,0.6,0.78,1,1,1,1,3,0.6085714285714287,0.216
alternating,0.6,0.79,1,1,1,1,3,0.6124489795918369,0.216
alternating,0.6,0.8,1,1,1,1,3,0.616326530612245,0.216
alternating,0.6,0.81,1,1,1,1,3,0.6202040816326532,0.216
alternating,0.6,0.82,1,1,1,1,3,0.6240816326530613,0.216
alternating,0.6,0.83,1,1,1,1,3,0.6279591836734694,0.216
alternating,0.6,0.84,1,1,1,1,3,0.6318367346938776,0.216
alternating,0.6,0.85,1,1,1,1,3,0.6357142857142857,0.216
alternating,0.6,0.86,1,1,1,1,3,0.639591836734694,0.216
alternating,0.6,0.87,1,1,1,1,3,0.6434693877551021,0.216
alternating,0.6,0.88,1,1,1,1,3,0.6473469387755102,0.216
alternating,0.6,0.89,1,1,1,1,3,0.6512244897959184,0.216
alternating,0.6,0.9,1,1,1,1,3,0.6551020408163266,0.216
alternating,0.6,0.91,1,1,1,1,3,0.6589795918367348,0.216
alternating,0.6,0.92,1,1,1,1,3,0.6628571428571429,0.216
alternating,0.6,0.93,1,1,1,1,3,0.6667346938775511,0.216
alternating,0.6,0.94,1,1,1,1,3,0.6706122448979592,0.216
alternating,0.6,0.95,1,1,1,1,3,0.6744897959183674,0.216
alternating,0.65,0.5,1,1,1,1,3,0.5,0.274625
alternating,0.65,0.51,1,1,1,1,3,0.5037273823884199,0.274625
alternating,0.65,0.52,1,1,1,1,3,0.5074547647768397,0.274625
alternating,0.65,0.53,1,1,1,1,3,0.5111821471652594,0.274625
alternating,0.65,0.54,1,1,1,1,3,0.5149095295536792,0.274625
alternating,0.65,0.55,1,1,1,1,3,0.518636911942099,0.274625
alternating,0.65,0.56,1,1,1,1,3,0.5223642943305188,0.274625
alternating,0.65,0.57,1,1,1,1,3,0.5260916767189385,0.274625
alternating,0.65,0.58,1,1,1,1,3,0.5298190591073583,0.274625
alternating,0.65,0.59,1,1,1,1,3,0.5335464414957781,0.274625
alternating,0.65,0.6,1,1,1,1,3,0.5372738238841979,0.274625
alternating,0.65,0.61,1,1,1,1,3,0.5410012062726177,0.274625
alternating,0.65,0.62,1,1,1,1,3,0.5447285886610375,0.274625
alternating,0.65,0.63,1,1,1,1,3,0.5484559710494573,0.274625
alternating,0.65,0.64,1,1,1,1,3,0.552183353437877,0.274625
alternating,0.65,0.65,1,1,1,1,3,0.5559107358262968,0.274625
alternating,0.65,0.66,1,1,1,1,3,0.5596381182147165,0.274625
alternating,0.65,0.67,1,1,1,1,3,0.5633655006031364,0.274625
alternating,0.65,0.68,1,1,1,1,3,0.5670928829915561,0.274625
alternating,0.65,0.69,1,1,1,1,3,0.570820265379976,0.274625
alternating,0.65,0.7,1,1,1,1,3,0.5745476477683957,0.274625
alternating,0.65,0.71,1,1,1,1,3,0.5782750301568155,0.274625
alternating,0.65,0.72,1,1,1,1,3,0.5820024125452353,0.274625
alternating,0.65,0.73,1,1,1,1,3,0.5857297949336552,0.274625
alternating,0.65,0.74,1,1,1,1,3,0.5894571773220749,0.274625
alternating,0.65,0.75,1,1,1,1,3,0.5931845597104946,0.274625
alternating,0.65,0.76,1,1,1,1,3,0.5969119420989144,0.274625
alternating,0.65,0.77,1,1,1,1,3,0.6006393244873341,0.274625
alternating,0.65,0.78,1,1,1,1,3,0.604366706875754,0.274625
alternating,0.65,0.79,1,1,1,1,3,0.6080940892641737,0.274625
alternating,0.65,0.8,1,1,1,1,3,0.6118214716525936,0.274625
alternating,0.65,0.81,1,1,1,1,3,0.6155488540410132,0.274625
alternating,0.65,0.82,1,1,1,1,3,0.6192762364294331,0.274625
alternating,0.65,0.83,1,1,1,1,3,0.6230036188178529,0.274625
alternating,0.65,0.84,1,1,1,1,3,0.6267310012062727,0.274625
alternating,0.65,0.85,1,1,1,1,3,0.6304583835946925,0.274625
alternating,0.65,0.86,1,1,1,1,3,0.6341857659831123,0.274625
alternating,0.65,0.87,1,1,1,1,3,0.6379131483715321,0.274625
alternating,0.65,0.88,1,1,1,1,3,0.6416405307599519,0.274625
alternating,0.65,0.89,1,1,1,1,3,0.6453679131483716,0.274625
alternating,0.65,0.9,1,1,1,1,3,0.6490952955367915,0.274625
alternating,0.65,0.91,1,1,1,1,3,0.6528226779252112,0.274625
alternating,0.65,0.92,1,1,1,1,3,0.6565500603136311,0.274625
alternating,0.65,0.93,1,1,1,1,3,0.6602774427020508,0.274625
alternating,0.65,0.94,1,1,1,1,3,0.6640048250904704,0.274625
alternating,0.65,0.95,1,1,1,1,3,0.6677322074788903,0.274625
alternating,0.7,0.5,1,1,1,1,4,0.5,0.2400999999999999
alternating,0.7,0.51,1,1,1,1,4,0.5017647058823529,0.2400999999999999
alternating,0.7,0.52,1,1,1,1,4,0.5035294117647059,0.2400999999999999
alternating,0.7,0.53,1,1,1,1,4,0.5052941176470589,0.2400999999999999
alternating,0.7,0.54,1,1,1,1,4,0.5070588235294118,0.2400999999999999
alternating,0.7,0.55,1,1,1,1,4,0.5088235294117648,0.2400999999999999
alternating,0.7,0.56,1,1,1,1,4,0.5105882352941177,0.2400999999999999
alternating,0.7,0.57,1,1,1,1,4,0.5123529411764706,0.2400999999999999
alternating,0.7,0.58,1,1,1,1,4,0.5141176470588236,0.2400999999999999
alternating,0.7,0.59,1,1,1,1,4,0.5158823529411765,0.2400999999999999
alternating,0.7,0.6,1,1,1,1,4,0.5176470588235295,0.2400999999999999
alternating,0.7,0.61,1,1,1,1,4,0.5194117647058825,0.2400999999999999
alternating,0.7,0.62,1,1,1,1,4,0.5211764705882354,0.2400999999999999
alternating,0.7,0.63,1,1,1,1,4,0.5229411764705884,0.2400999999999999
alternating,0.7,0.64,1,1,1,1,4,0.5247058823529412,0.2400999999999999
alternating,0.7,0.65,1,1,1,1,4,0.5264705882352941,0.2400999999999999
alternating,0.7,0.66,1,1,1,1,4,0.5282352941176471,0.2400999999999999
alternating,0.7,0.67,1,1,1,1,4,0.5300000000000001,0.2400999999999999
alternating,0.7,0.68,1,1,1,1,4,0.531764705882353,0.2400999999999999
alternating,0.7,0.69,1,1,1,1,4,0.5335294117647059,0.2400999999999999
alternating,0.7,0.7,1,1,1,1,4,0.5352941176470588,0.2400999999999999
alternating,0.7,0.71,1,1,1,1,4,0.5370588235294118,0.2400999999999999
alternating,0.7,0.72,1,1,1,1,4,0.5388235294117648,0.2400999999999999
alternating,0.7,0.73,1,1,1,1,4,0.5405882352941177,0.2400999999999999
alternating,0.7,0.74,1,1,1,1,4,0.5423529411764707,0.2400999999999999
alternating,0.7,0.75,1,1,1,1,4,0.5441176470588236,0.2400999999999999
alternating,0.7,0.76,1,1,1,1,4,0.5458823529411765,0.2400999999999999
alternating,0.7,0.77,1,1,1,1,4,0.5476470588235295,0.2400999999999999
alternating,0.7,0.78,1,1,1,1,4,0.5494117647058825,0.2400999999999999
alternating,0.7,0.79,1,1,1,1,4,0.5511764705882354,0.2400999999999999
alternating,0.7,0.8,1,1,1,1,4,0.5529411764705883,0.2400999999999999
alternating,0.7,0.81,1,1,1,1,4,0.5547058823529413,0.2400999999999999
alternating,0.7,0.82,1,1,1,1,4,0.5564705882352942,0.2400999999999999
alternating,0.7,0.83,1,1,1,1,4,0.5582352941176472,0.2400999999999999
alternating,0.7,0.84,1,1,1,1,4,0.5599999999999999,0.2400999999999999
alternating,0.7,0.85,1,1,1,1,4,0.5617647058823529,0.2400999999999999
alternating,0.7,0.86,1,1,1,1,4,0.5635294117647058,0.2400999999999999
alternating,0.7,0.87,1,1,1,1,4,0.5652941176470587,0.2400999999999999
alternating,0.7,0.88,1,1,1,1,4,0.5670588235294118,0.2400999999999999
alternating,0.7,0.89,1,1,1,1,4,0.568823529411765,0.2400999999999999
alternating,0.7,0.9,1,1,1,1,4,0.5705882352941178,0.2400999999999999
alternating,0.7,0.91,1,1,1,1,4,0.5723529411764707,0.2400999999999999
alternating,0.7,0.92,1,1,1,1,4,0.5741176470588237,0.2400999999999999
alternating,0.7,0.93,1,1,1,1,4,0.5758823529411766,0.2400999999999999
alternating,0.7,0.94,1,1,1,1,4,0.5776470588235295,0.2400999999999999
alternating,0.7,0.95,1,1,1,1,4,0.5794117647058824,0.2400999999999999
frozen,0.0,0.5,1,1,1,1,1,0.5,0.0
frozen,0.0,0.51,1,1,1,1,1,0.51,0.0
frozen,0.0,0.52,1,1,1,1,1,0.52,0.0
frozen,0.0,0.53,1,1,1,1,1,0.53,0.0
frozen,0.0,0.54,1,1,1,1,1,0.54,0.0
frozen,0.0,0.55,1,1,1,1,1,0.55,0.0
frozen,0.0,0.56,1,1,1,1,1,0.56,0.0
frozen,0.0,0.57,1,1,1,1,1,0.57,0.0
frozen,0.0,0.58,1,1,1,1,1,0.58,0.0
frozen,0.0,0.59,1,1,1,1,1,0.59,0.0
frozen,0.0,0.6,1,1,1,1,1,0.6,0.0
frozen,0.0,0.61,1,1,1,1,1,0.61,0.0
frozen,0.0,0.62,1,1,1,1,1,0.62,0.0
frozen,0.0,0.63,1,1,1,1,1,0.63,0.0
frozen,0.0,0.64,1,1,1,1,1,0.64,0.0
frozen,0.0,0.65,1,1,1,1,1,0.65,0.0
frozen,0.0,0.66,1,1,1,1,1,0.66,0.0
frozen,0.0,0.67,1,1,1,1,1,0.67,0.0
frozen,0.0,0.68,1,1,1,1,1,0.68,0.0
frozen,0.0,0.69,1,1,1,1,1,0.69,0.0
frozen,0.0,0.7,1,1,1,1,1,0.7,0.0
frozen,0.0,0.71,1,1,1,1,1,0.71,0.0
frozen,0.0,0.72,1,1,1,1,1,0.72,0.0
frozen,0.0,0.73,1,1,1,1,1,0.73,0.0
frozen,0.0,0.74,1,1,1,1,1,0.74,0.0
frozen,0.0,0.75,1,1,1,1,1,0.75,0.0
frozen,0.0,0.76,1,1,1,1,1,0.76,0.0
frozen,0.0,0.77,1,1,1,1,1,0.77,0.0
frozen,0.0,0.78,1,1,1,1,1,0.78,0.0
frozen,0.0,0.79,1,1,1,1,1,0.79,0.0
frozen,0.0,0.8,1,1,1,1,1,0.8,0.0
frozen,0.0,0.81,1,1,1,1,1,0.81,0.0
frozen,0.0,0.82,1,1,1,1,1,0.82,0.0
frozen,0.0,0.83,1,1,1,1,1,0.83,0.0
frozen,0.0,0.84,1,1,1,1,1,0.84,0.0
frozen,0.0,0.85,1,1,1,1,1,0.85,0.0
frozen,0.0,0.86,1,1,1,1,1,0.86,0.0
frozen,0.0,0.87,1,1,1,1,1,0.87,0.0
frozen,0.0,0.88,1,1,1,1,1,0.88,0.0
frozen,0.0,0.89,1,1,1,1,1,0.89,0.0
frozen,0.0,0.9,1,1,1,1,1,0.9,0.0
frozen,0.0,0.91,1,1,1,1,1,0.91,0.0
frozen,0.0,0.92,1,1,1,1,1,0.92,0.0
frozen,0.0,0.93,1,1,1,1,1,0.93,0.0
frozen,0.0,0.94,1,1,1,1,1,0.94,0.0
frozen,0.0,0.95,1,1,1,1,1,0.95,0.0
frozen,0.05,0.5,1,1,1,1,2,0.4999999999999999,0.0025
frozen,0.05,0.51,1,1,1,1,2,0.51,0.0025
frozen,0.05,0.52,1,1,1,1,2,0.5199999999999999,0.0025
frozen,0.05,0.53,1,1,1,1,2,0.5299999999999999,0.0025
frozen,0.05,0.54,1,1,1,1,2,0.5399999999999999,0.0025
frozen,0.05,0.55,1,1,1,1,2,0.5499999999999999,0.0025
frozen,0.05,0.56,1,1,1,1,2,0.5599999999999999,0.0025
frozen,0.05,0.57,1,1,1,1,2,0.57,0.0025
frozen,0.05,0.58,1,1,1,1,2,0.5799999999999998,0.0025
frozen,0.05,0.59,1,1,1,1,2,0.59,0.0025
frozen,0.05,0.6,1,1,1,1,2,0.5999999999999999,0.0025
frozen,0.05,0.61,1,1,1,1,2,0.61,0.0025
frozen,0.05,0.62,1,1,1,1,2,0.6199999999999999,0.0025
frozen,0.05,0.63,1,1,1,1,2,0.6299999999999999,0.0025
frozen,0.05,0.64,1,1,1,1,2,0.6399999999999999,0.0025
frozen,0.05,0.65,1,1,1,1,2,0.6499999999999999,0.0025
frozen,0.05,0.66,1,1,1,1,2,0.6599999999999999,0.0025
frozen,0.05,0.67,1,1,1,1,2,0.6699999999999999,0.0025
frozen,0.05,0.68,1,1,1,1,2,0.6799999999999999,0.0025
frozen,0.05,0.69,1,1,1,1,2,0.69,0.0025
frozen,0.05,0.7,1,1,1,1,2,0.6999999999999998,0.0025
frozen,0.05,0.71,1,1,1,1,2,0.71,0.0025
frozen,0.05,0.72,1,1,1,1,2,0.7199999999999999,0.0025
frozen,0.05,0.73,1,1,1,1,2,0.73,0.0025
frozen,0.05,0.74,1,1,1,1,2,0.7399999999999999,0.0025
frozen,0.05,0.75,1,1,1,1,2,0.7499999999999999,0.0025
frozen,0.05,0.76,1,1,1,1,2,0.76,0.0025
frozen,0.05,0.77,1,1,1,1,2,0.7699999999999999,0.0025
frozen,0.05,0.78,1,1,1,1,2,0.78,0.0025
frozen,0.05,0.79,1,1,1,1,2,0.7899999999999999,0.0025
frozen,0.05,0.8,1,1,1,1,2,0.8,0.0025
frozen,0.05,0.81,1,1,1,1,2,0.8099999999999999,0.0025
frozen,0.05,0.82,1,1,1,1,2,0.82,0.0025
frozen,0.05,0.83,1,1,1,1,2,0.83,0.0025
frozen,0.05,0.84,1,1,1,1,2,0.84,0.0025
frozen,0.05,0.85,1,1,1,1,2,0.85,0.0025
frozen,0.05,0.86,1,1,1,1,2,0.86,0.0025
frozen,0.05,0.87,1,1,1,1,2,0.87,0.0025
frozen,0.05,0.88,1,1,1,1,2,0.8799999999999999,0.0025
frozen,0.05,0.89,1,1,1,1,2,0.8899999999999998,0.0025
frozen,0.05,0.9,1,1,1,1,2,0.8999999999999999,0.0025
frozen,0.05,0.91,1,1,1,1,2,0.9099999999999998,0.0025
frozen,0.05,0.92,1,1,1,1,2,0.92,0.0025
frozen,0.05,0.93,1,1,1,1,2,0.9299999999999998,0.0025
frozen,0.05,0.94,1,1,1,1,2,0.9399999999999998,0.0025
frozen,0.05,0.95,1,1,1,1,2,0.9499999999999998,0.0025
frozen,0.1,0.5,1,1,1,1,2,0.5,0.01
frozen,0.1,0.51,1,1,1,1,2,0.51,0.01
frozen,0.1,0.52,1,1,1,1,2,0.52,0.01
frozen,0.1,0.53,1,1,1,1,2,0.5300000000000001,0.01
frozen,0.1,0.54,1,1,1,1,2,0.5400000000000001,0.01
frozen,0.1,0.55,1,1,1,1,2,0.5500000000000002,0.01
frozen,0.1,0.56,1,1,1,1,2,0.5600000000000002,0.01
frozen,0.1,0.57,1,1,1,1,2,0.5700000000000001,0.01
frozen,0.1,0.58,1,1,1,1,2,0.5800000000000001,0.01
frozen,0.1,0.59,1,1,1,1,2,0.5900000000000001,0.01
frozen,0.1,0.6,1,1,1,1,2,0.6000000000000001,0.01
frozen,0.1,0.61,1,1,1,1,2,0.6100000000000001,0.01
frozen,0.1,0.62,1,1,1,1,2,0.6200000000000001,0.01
frozen,0.1,0.63,1,1,1,1,2,0.6300000000000001,0.01
frozen,0.1,0.64,1,1,1,1,2,0.6400000000000001,0.01
frozen,0.1,0.65,1,1,1,1,2,0.6500000000000001,0.01
frozen,0.1,0.66,1,1,1,1,2,0.6600000000000001,0.01
frozen,0.1,0.67,1,1,1,1,2,0.6700000000000002,0.01
frozen,0.1,0.68,1,1,1,1,2,0.6800000000000002,0.01
frozen,0.1,0.69,1,1,1,1,2,0.6900000000000001,0.01
frozen,0.1,0.7,1,1,1,1,2,0.7000000000000001,0.01
frozen,0.1,0.71,1,1,1,1,2,0.71,0.01
frozen,0.1,0.72,1,1,1,1,2,0.7200000000000001,0.01
frozen,0.1,0.73,1,1,1,1,2,0.7300000000000001,0.01
frozen,0.1,0.74,1,1,1,1,2,0.7400000000000001,0.01
frozen,0.1,0.75,1,1,1,1,2,0.7500000000000001,0.01
frozen,0.1,0.76,1,1,1,1,2,0.7600000000000001,0.01
frozen,0.1,0.77,1,1,1,1,2,0.7700000000000001,0.01
frozen,0.1,0.78,1,1,1,1,2,0.7800000000000001,0.01
frozen,0.1,0.79,1,1,1,1,2,0.7900000000000001,0.01
frozen,0.1,0.8,1,1,1,1,2,0.8,0.01
frozen,0.1,0.81,1,1,1,1,2,0.8100000000000002,0.01
frozen,0.1,0.82,1,1,1,1,2,0.8200000000000001,0.01
frozen,0.1,0.83,1,1,1,1,2,0.8300000000000001,0.01
frozen,0.1,0.84,1,1,1,1,2,0.8400000000000001,0.01
frozen,0.1,0.85,1,1,1,1,2,0.8500000000000001,0.01
frozen,0.1,0.86,1,1,1,1,2,0.8600000000000001,0.01
frozen,0.1,0.87,1,1,1,1,2,0.8700000000000001,0.01
frozen,0.1,0.88,1,1,1,1,2,0.8800000000000001,0.01
frozen,0.1,0.89,1,1,1,1,2,0.89,0.01
frozen,0.1,0.9,1,1,1,1,2,0.9,0.01
frozen,0.1,0.91,1,1,1,1,2,0.91,0.01
frozen,0.1,0.92,1,1,1,1,2,0.9200000000000002,0.01
frozen,0.1,0.93,1,1,1,1,2,0.9300000000000002,0.01
frozen,0.1,0.94,1,1,1,1,2,0.94,0.01
frozen,0.1,0.95,1,1,1,1,2,0.95,0.01
frozen,0.15,0.5,1,1,1,1,2,0.5,0.0225
frozen,0.15,0.51,1,1,1,1,2,0.51,0.0225
frozen,0.15,0.52,1,1,1,1,2,0.52,0.0225
frozen,0.15,0.53,1,1,1,1,2,0.5300000000000001,0.0225
frozen,0.15,0.54,1,1,1,1,2,0.54,0.0225
frozen,0.15,0.55,1,1,1,1,2,0.55,0.0225
frozen,0.15,0.56,1,1,1,1,2,0.56,0.0225
frozen,0.15,0.57,1,1,1,1,2,0.5700000000000001,0.0225
frozen,0.15,0.58,1,1,1,1,2,0.58,0.0225
frozen,0.15,0.59,1,1,1,1,2,0.59,0.0225
frozen,0.15,0.6,1,1,1,1,2,0.6000000000000001,0.0225
frozen,0.15,0.61,1,1,1,1,2,0.61,0.0225
frozen,0.15,0.62,1,1,1,1,2,0.62,0.0225
frozen,0.15,0.63,1,1,1,1,2,0.63,0.0225
frozen,0.15,0.64,1,1,1,1,2,0.6400000000000001,0.0225
frozen,0.15,0.65,1,1,1,1,2,0.65,0.0225
frozen,0.15,0.66,1,1,1,1,2,0.6600000000000001,0.0225
frozen,0.15,0.67,1,1,1,1,2,0.67,0.0225
frozen,0.15,0.68,1,1,1,1,2,0.6800000000000002,0.0225
frozen,0.15,0.69,1,1,1,1,2,0.69,0.0225
frozen,0.15,0.7,1,1,1,1,2,0.7000000000000001,0.0225
frozen,0.15,0.71,1,1,1,1,2,0.71,0.0225
frozen,0.15,0.72,1,1,1,1,2,0.72,0.0225
frozen,0.15,0.73,1,1,1,1,2,0.73,0.0225
frozen,0.15,0.74,1,1,1,1,2,0.7400000000000001,0.0225
frozen,0.15,0.75,1,1,1,1,2,0.75,0.0225
frozen,0.15,0.76,1,1,1,1,2,0.76,0.0225
frozen,0.15,0.77,1,1,1,1,2,0.77,0.0225
frozen,0.15,0.78,1,1,1,1,2,0.7800000000000001,0.0225
frozen,0.15,0.79,1,1,1,1,2,0.79,0.0225
frozen,0.15,0.8,1,1,1,1,2,0.8,0.0225
frozen,0.15,0.81,1,1,1,1,2,0.81,0.0225
frozen,0.15,0.82,1,1,1,1,2,0.8200000000000001,0.0225
frozen,0.15,0.83,1,1,1,1,2,0.8299999999999998,0.0225
frozen,0.15,0.84,1,1,1,1,2,0.84,0.0225
frozen,0.15,0.85,1,1,1,1,2,0.85,0.0225
frozen,0.15,0.86,1,1,1,1,2,0.8600000000000001,0.0225
frozen,0.15,0.87,1,1,1,1,2,0.8699999999999999,0.0225
frozen,0.15,0.88,1,1,1,1,2,0.88,0.0225
frozen,0.15,0.89,1,1,1,1,2,0.89,0.0225
frozen,0.15,0.9,1,1,1,1,2,0.9000000000000001,0.0225
frozen,0.15,0.91,1,1,1,1,2,0.91,0.0225
frozen,0.15,0.92,1,1,1,1,2,0.92,0.0225
frozen,0.15,0.93,1,1,1,1,2,0.93,0.0225
frozen,0.15,0.94,1,1,1,1,2,0.94,0.0225
frozen,0.15,0.95,1,1,1,1,2,0.95,0.0225
frozen,0.2,0.5,1,1,1,1,2,0.5000000000000001,0.04
frozen,0.2,0.51,1,1,1,1,2,0.5100000000000001,0.04
frozen,0.2,0.52,1,1,1,1,2,0.52,0.04
frozen,0.2,0.53,1,1,1,1,2,0.53,0.04
frozen,0.2,0.54,1,1,1,1,2,0.5400000000000001,0.04
frozen,0.2,0.55,1,1,1,1,2,0.55,0.04
frozen,0.2,0.56,1,1,1,1,2,0.5600000000000002,0.04
frozen,0.2,0.57,1,1,1,1,2,0.57,0.04
frozen,0.2,0.58,1,1,1,1,2,0.58,0.04
frozen,0.2,0.59,1,1,1,1,2,0.5900000000000001,0.04
frozen,0.2,0.6,1,1,1,1,2,0.6,0.04
frozen,0.2,0.61,1,1,1,1,2,0.6100000000000001,0.04
frozen,0.2,0.62,1,1,1,1,2,0.62,0.04
frozen,0.2,0.63,1,1,1,1,2,0.63,0.04
frozen,0.2,0.64,1,1,1,1,2,0.6400000000000001,0.04
frozen,0.2,0.65,1,1,1,1,2,0.65,0.04
frozen,0.2,0.66,1,1,1,1,2,0.6600000000000001,0.04
frozen,0.2,0.67,1,1,1,1,2,0.67,0.04
frozen,0.2,0.68,1,1,1,1,2,0.68,0.04
frozen,0.2,0.69,1,1,1,1,2,0.69,0.04
frozen,0.2,0.7,1,1,1,1,2,0.7,0.04
frozen,0.2,0.71,1,1,1,1,2,0.7100000000000001,0.04
frozen,0.2,0.72,1,1,1,1,2,0.72,0.04
frozen,0.2,0.73,1,1,1,1,2,0.73,0.04
frozen,0.2,0.74,1,1,1,1,2,0.74,0.04
frozen,0.2,0.75,1,1,1,1,2,0.7500000000000001,0.04
frozen,0.2,0.76,1,1,1,1,2,0.7600000000000002,0.04
frozen,0.2,0.77,1,1,1,1,2,0.7700000000000001,0.04
frozen,0.2,0.78,1,1,1,1,2,0.7800000000000001,0.04
frozen,0.2,0.79,1,1,1,1,2,0.7900000000000003,0.04
frozen,0.2,0.8,1,1,1,1,2,0.8000000000000002,0.04
frozen,0.2,0.81,1,1,1,1,2,0.8100000000000003,0.04
frozen,0.2,0.82,1,1,1,1,2,0.8200000000000001,0.04
frozen,0.2,0.83,1,1,1,1,2,0.8300000000000001,0.04
frozen,0.2,0.84,1,1,1,1,2,0.8400000000000001,0.04
frozen,0.2,0.85,1,1,1,1,2,0.8500000000000001,0.04
frozen,0.2,0.86,1,1,1,1,2,0.8600000000000002,0.04
frozen,0.2,0.87,1,1,1,1,2,0.8700000000000001,0.04
frozen,0.2,0.88,1,1,1,1,2,0.8800000000000002,0.04
frozen,0.2,0.89,1,1,1,1,2,0.8900000000000001,0.04
frozen,0.2,0.9,1,1,1,1,2,0.9000000000000001,0.04
frozen,0.2,0.91,1,1,1,1,2,0.9100000000000004,0.04
frozen,0.2,0.92,1,1,1,1,2,0.9200000000000002,0.04
frozen,0.2,0.93,1,1,1,1,2,0.9300000000000004,0.04
frozen,0.2,0.94,1,1,1,1,2,0.94,0.04
frozen,0.2,0.95,1,1,1,1,2,0.95,0.04
frozen,0.25,0.5,1,1,1,1,2,0.5,0.0625
frozen,0.25,0.51,1,1,1,1,2,0.51,0.0625
frozen,0.25,0.52,1,1,1,1,2,0.52,0.0625
frozen,0.25,0.53,1,1,1,1,2,0.53,0.0625
frozen,0.25,0.54,1,1,1,1,2,0.54,0.0625
frozen,0.25,0.55,1,1,1,1,2,0.55,0.0625
frozen,0.25,0.56,1,1,1,1,2,0.56,0.0625
frozen,0.25,0.57,1,1,1,1,2,0.5700000000000001,0.0625
frozen,0.25,0.58,1,1,1,1,2,0.58,0.0625
frozen,0.25,0.59,1,1,1,1,2,0.59,0.0625
frozen,0.25,0.6,1,1,1,1,2,0.6,0.0625
frozen,0.25,0.61,1,1,1,1,2,0.61,0.0625
frozen,0.25,0.62,1,1,1,1,2,0.6199999999999999,0.0625
frozen,0.25,0.63,1,1,1,1,2,0.6300000000000001,0.0625
frozen,0.25,0.64,1,1,1,1,2,0.64,0.0625
frozen,0.25,0.65,1,1,1,1,2,0.65,0.0625
frozen,0.25,0.66,1,1,1,1,2,0.66,0.0625
frozen,0.25,0.67,1,1,1,1,2,0.67,0.0625
frozen,0.25,0.68,1,1,1,1,2,0.6799999999999999,0.0625
frozen,0.25,0.69,1,1,1,1,2,0.69,0.0625
frozen,0.25,0.7,1,1,1,1,2,0.6999999999999998,0.0625
frozen,0.25,0.71,1,1,1,1,2,0.7099999999999999,0.0625
frozen,0.25,0.72,1,1,1,1,2,0.7200000000000001,0.0625
frozen,0.25,0.73,1,1,1,1,2,0.73,0.0625
frozen,0.25,0.74,1,1,1,1,2,0.7399999999999999,0.0625
frozen,0.25,0.75,1,1,1,1,2,0.75,0.0625
frozen,0.25,0.76,1,1,1,1,2,0.7600000000000001,0.0625
frozen,0.25,0.77,1,1,1,1,2,0.77,0.0625
frozen,0.25,0.78,1,1,1,1,2,0.7799999999999999,0.0625
frozen,0.25,0.79,1,1,1,1,2,0.79,0.0625
frozen,0.25,0.8,1,1,1,1,2,0.8000000000000002,0.0625
frozen,0.25,0.81,1,1,1,1,2,0.81,0.0625
frozen,0.25,0.82,1,1,1,1,2,0.8200000000000001,0.0625
frozen,0.25,0.83,1,1,1,1,2,0.83,0.0625
frozen,0.25,0.84,1,1,1,1,2,0.84,0.0625
frozen,0.25,0.85,1,1,1,1,2,0.85,0.0625
frozen,0.25,0.86,1,1,1,1,2,0.86,0.0625
frozen,0.25,0.87,1,1,1,1,2,0.8699999999999999,0.0625
frozen,0.25,0.88,1,1,1,1,2,0.88,0.0625
frozen,0.25,0.89,1,1,1,1,2,0.89,0.0625
frozen,0.25,0.9,1,1,1,1,2,0.9,0.0625
frozen,0.25,0.91,1,1,1,1,2,0.91,0.0625
frozen,0.25,0.92,1,1,1,1,2,0.92,0.0625
frozen,0.25,0.93,1,1,1,1,2,0.93,0.0625
frozen,0.25,0.94,1,1,1,1,2,0.94,0.0625
frozen,0.25,0.95,1,1,1,1,2,0.9499999999999998,0.0625
frozen,0.3,0.5,1,1,1,1,2,0.4999999999999999,0.09
frozen,0.3,0.51,1,1,1,1,2,0.5099999999999999,0.09
frozen,0.3,0.52,1,1,1,1,2,0.5199999999999999,0.09
frozen,0.3,0.53,1,1,1,1,2,0.5299999999999999,0.09
frozen,0.3,0.54,1,1,1,1,2,0.5399999999999999,0.09
frozen,0.3,0.55,1,1,1,1,2,0.5499999999999998,0.09
frozen,0.3,0.56,1,1,1,1,2,0.5599999999999999,0.09
frozen,0.3,0.57,1,1,1,1,2,0.5699999999999998,0.09
frozen,0.3,0.58,1,1,1,1,2,0.5799999999999998,0.09
frozen,0.3,0.59,1,1,1,1,2,0.5899999999999999,0.09
frozen,0.3,0.6,1,1,1,1,2,0.6,0.09
frozen,0.3,0.61,1,1,1,1,2,0.6099999999999999,0.09
frozen,0.3,0.62,1,1,1,1,2,0.62,0.09
frozen,0.3,0.63,1,1,1,1,2,0.6299999999999999,0.09
frozen,0.3,0.64,1,1,1,1,2,0.6399999999999998,0.09
frozen,0.3,0.65,1,1,1,1,2,0.6499999999999998,0.09
frozen,0.3,0.66,1,1,1,1,2,0.6599999999999998,0.09
frozen,0.3,0.67,1,1,1,1,2,0.6699999999999998,0.09
frozen,0.3,0.68,1,1,1,1,2,0.6799999999999999,0.09
frozen,0.3,0.69,1,1,1,1,2,0.6899999999999998,0.09
frozen,0.3,0.7,1,1,1,1,2,0.6999999999999998,0.09
frozen,0.3,0.71,1,1,1,1,2,0.7099999999999999,0.09
frozen,0.3,0.72,1,1,1,1,2,0.72,0.09
frozen,0.3,0.73,1,1,1,1,2,0.7299999999999999,0.09
frozen,0.3,0.74,1,1,1,1,2,0.7399999999999999,0.09
frozen,0.3,0.75,1,1,1,1,2,0.7499999999999998,0.09
frozen,0.3,0.76,1,1,1,1,2,0.7599999999999998,0.09
frozen,0.3,0.77,1,1,1,1,2,0.7699999999999998,0.09
frozen,0.3,0.78,1,1,1,1,2,0.7799999999999998,0.09
frozen,0.3,0.79,1,1,1,1,2,0.7899999999999998,0.09
frozen,0.3,0.8,1,1,1,1,2,0.7999999999999999,0.09
frozen,0.3,0.81,1,1,1,1,2,0.8099999999999997,0.09
frozen,0.3,0.82,1,1,1,1,2,0.8199999999999998,0.09
frozen,0.3,0.83,1,1,1,1,2,0.8299999999999998,0.09
frozen,0.3,0.84,1,1,1,1,2,0.8399999999999999,0.09
frozen,0.3,0.85,1,1,1,1,2,0.8499999999999999,0.09
frozen,0.3,0.86,1,1,1,1,2,0.8599999999999999,0.09
frozen,0.3,0.87,1,1,1,1,2,0.8699999999999999,0.09
frozen,0.3,0.88,1,1,1,1,2,0.8799999999999999,0.09
frozen,0.3,0.89,1,1,1,1,2,0.8899999999999998,0.09
frozen,0.3,0.9,1,1,1,1,2,0.8999999999999998,0.09
frozen,0.3,0.91,1,1,1,1,2,0.91,0.09
frozen,0.3,0.92,1,1,1,1,2,0.92,0.09
frozen,0.3,0.93,1,1,1,1,2,0.93,0.09
frozen,0.3,0.94,1,1,1,1,2,0.9399999999999998,0.09
frozen,0.3,0.95,1,1,1,1,2,0.9499999999999998,0.09
frozen,0.35,0.5,1,1,1,1,2,0.5,0.1224999999999999
frozen,0.35,0.51,1,1,1,1,2,0.51,0.1224999999999999
frozen,0.35,0.52,1,1,1,1,2,0.52,0.1224999999999999
frozen,0.35,0.53,1,1,1,1,2,0.53,0.1224999999999999
frozen,0.35,0.54,1,1,1,1,2,0.54,0.1224999999999999
frozen,0.35,0.55,1,1,1,1,2,0.5500000000000002,0.1224999999999999
frozen,0.35,0.56,1,1,1,1,2,0.56,0.1224999999999999
frozen,0.35,0.57,1,1,1,1,2,0.5700000000000001,0.1224999999999999
frozen,0.35,0.58,1,1,1,1,2,0.5800000000000001,0.1224999999999999
frozen,0.35,0.59,1,1,1,1,2,0.59,0.1224999999999999
frozen,0.35,0.6,1,1,1,1,2,0.6,0.1224999999999999
frozen,0.35,0.61,1,1,1,1,2,0.6100000000000001,0.1224999999999999
frozen,0.35,0.62,1,1,1,1,2,0.62,0.1224999999999999
frozen,0.35,0.63,1,1,1,1,2,0.63,0.1224999999999999
frozen,0.35,0.64,1,1,1,1,2,0.6400000000000001,0.1224999999999999
frozen,0.35,0.65,1,1,1,1,2,0.6500000000000001,0.1224999999999999
frozen,0.35,0.66,1,1,1,1,2,0.66,0.1224999999999999
frozen,0.35,0.67,1,1,1,1,2,0.67,0.1224999999999999
frozen,0.35,0.68,1,1,1,1,2,0.68,0.1224999999999999
frozen,0.35,0.69,1,1,1,1,2,0.69,0.1224999999999999
frozen,0.35,0.7,1,1,1,1,2,0.7,0.1224999999999999
frozen,0.35,0.71,1,1,1,1,2,0.71,0.1224999999999999
frozen,0.35,0.72,1,1,1,1,2,0.72,0.1224999999999999
frozen,0.35,0.73,1,1,1,1,2,0.7299999999999999,0.1224999999999999
frozen,0.35,0.74,1,1,1,1,2,0.74,0.1224999999999999
frozen,0.35,0.75,1,1,1,1,2,0.7500000000000001,0.1224999999999999
frozen,0.35,0.76,1,1,1,1,2,0.7600000000000001,0.1224999999999999
frozen,0.35,0.77,1,1,1,1,2,0.77,0.1224999999999999
frozen,0.35,0.78,1,1,1,1,2,0.78,0.1224999999999999
frozen,0.35,0.79,1,1,1,1,2,0.7900000000000001,0.1224999999999999
frozen,0.35,0.8,1,1,1,1,2,0.7999999999999999,0.1224999999999999
frozen,0.35,0.81,1,1,1,1,2,0.8100000000000002,0.1224999999999999
frozen,0.35,0.82,1,1,1,1,2,0.8200000000000001,0.1224999999999999
frozen,0.35,0.83,1,1,1,1,2,0.8300000000000001,0.1224999999999999
frozen,0.35,0.84,1,1,1,1,2,0.8400000000000001,0.1224999999999999
frozen,0.35,0.85,1,1,1,1,2,0.85,0.1224999999999999
frozen,0.35,0.86,1,1,1,1,2,0.8600000000000001,0.1224999999999999
frozen,0.35,0.87,1,1,1,1,2,0.87,0.1224999999999999
frozen,0.35,0.88,1,1,1,1,2,0.8800000000000001,0.1224999999999999
frozen,0.35,0.89,1,1,1,1,2,0.89,0.1224999999999999
frozen,0.35,0.9,1,1,1,1,2,0.9000000000000001,0.1224999999999999
frozen,0.35,0.91,1,1,1,1,2,0.91,0.1224999999999999
frozen,0.35,0.92,1,1,1,1,2,0.9200000000000002,0.1224999999999999
frozen,0.35,0.93,1,1,1,1,2,0.9300000000000002,0.1224999999999999
frozen,0.35,0.94,1,1,1,1,2,0.94,0.1224999999999999
frozen,0.35,0.95,1,1,1,1,2,0.9499999999999998,0.1224999999999999
frozen,0.4,0.5,1,1,1,1,2,0.5,0.16
frozen,0.4,0.51,1,1,1,1,2,0.51,0.16
frozen,0.4,0.52,1,1,1,1,2,0.52,0.16
frozen,0.4,0.53,1,1,1,1,2,0.53,0.16
frozen,0.4,0.54,1,1,1,1,2,0.54,0.16
frozen,0.4,0.55,1,1,1,1,2,0.55,0.16
frozen,0.4,0.56,1,1,1,1,2,0.56,0.16
frozen,0.4,0.57,1,1,1,1,2,0.57,0.16
frozen,0.4,0.58,1,1,1,1,2,0.58,0.16
frozen,0.4,0.59,1,1,1,1,2,0.59,0.16
frozen,0.4,0.6,1,1,1,1,2,0.6,0.16
frozen,0.4,0.61,1,1,1,1,2,0.61,0.16
frozen,0.4,0.62,1,1,1,1,2,0.62,0.16
frozen,0.4,0.63,1,1,1,1,2,0.63,0.16
frozen,0.4,0.64,1,1,1,1,2,0.6400000000000001,0.16
frozen,0.4,0.65,1,1,1,1,2,0.65,0.16
frozen,0.4,0.66,1,1,1,1,2,0.66,0.16
frozen,0.4,0.67,1,1,1,1,2,0.67,0.16
frozen,0.4,0.68,1,1,1,1,2,0.68,0.16
frozen,0.4,0.69,1,1,1,1,2,0.69,0.16
frozen,0.4,0.7,1,1,1,1,2,0.7,0.16
frozen,0.4,0.71,1,1,1,1,2,0.7100000000000001,0.16
frozen,0.4,0.72,1,1,1,1,2,0.72,0.16
frozen,0.4,0.73,1,1,1,1,2,0.73,0.16
frozen,0.4,0.74,1,1,1,1,2,0.74,0.16
frozen,0.4,0.75,1,1,1,1,2,0.7499999999999999,0.16
frozen,0.4,0.76,1,1,1,1,2,0.76,0.16
frozen,0.4,0.77,1,1,1,1,2,0.7699999999999999,0.16
frozen,0.4,0.78,1,1,1,1,2,0.78,0.16
frozen,0.4,0.79,1,1,1,1,2,0.7899999999999999,0.16
frozen,0.4,0.8,1,1,1,1,2,0.7999999999999999,0.16
frozen,0.4,0.81,1,1,1,1,2,0.81,0.16
frozen,0.4,0.82,1,1,1,1,2,0.8199999999999998,0.16
frozen,0.4,0.83,1,1,1,1,2,0.83,0.16
frozen,0.4,0.84,1,1,1,1,2,0.84,0.16
frozen,0.4,0.85,1,1,1,1,2,0.85,0.16
frozen,0.4,0.86,1,1,1,1,2,0.8600000000000001,0.16
frozen,0.4,0.87,1,1,1,1,2,0.87,0.16
frozen,0.4,0.88,1,1,1,1,2,0.8800000000000001,0.16
frozen,0.4,0.89,1,1,1,1,2,0.89,0.16
frozen,0.4,0.9,1,1,1,1,2,0.9,0.16
frozen,0.4,0.91,1,1,1,1,2,0.91,0.16
frozen,0.4,0.92,1,1,1,1,2,0.92,0.16
frozen,0.4,0.93,1,1,1,1,2,0.9300000000000002,0.16
frozen,0.4,0.94,1,1,1,1,2,0.94,0.16
frozen,0.4,0.95,1,1,1,1,2,0.95,0.16
frozen,0.45,0.5,1,1,1,1,2,0.5000000000000001,0.2025
frozen,0.45,0.51,1,1,1,1,2,0.51,0.2025
frozen,0.45,0.52,1,1,1,1,2,0.5200000000000001,0.2025
frozen,0.45,0.53,1,1,1,1,2,0.53,0.2025
frozen,0.45,0.54,1,1,1,1,2,0.5400000000000001,0.2025
frozen,0.45,0.55,1,1,1,1,2,0.55,0.2025
frozen,0.45,0.56,1,1,1,1,2,0.5600000000000002,0.2025
frozen,0.45,0.57,1,1,1,1,2,0.5700000000000001,0.2025
frozen,0.45,0.58,1,1,1,1,2,0.5800000000000001,0.2025
frozen,0.45,0.59,1,1,1,1,2,0.5900000000000001,0.2025
frozen,0.45,0.6,1,1,1,1,2,0.6000000000000001,0.2025
frozen,0.45,0.61,1,1,1,1,2,0.6100000000000001,0.2025
frozen,0.45,0.62,1,1,1,1,2,0.6200000000000001,0.2025
frozen,0.45,0.63,1,1,1,1,2,0.6300000000000001,0.2025
frozen,0.45,0.64,1,1,1,1,2,0.6400000000000001,0.2025
frozen,0.45,0.65,1,1,1,1,2,0.6500000000000001,0.2025
frozen,0.45,0.66,1,1,1,1,2,0.6600000000000001,0.2025
frozen,0.45,0.67,1,1,1,1,2,0.6700000000000002,0.2025
frozen,0.45,0.68,1,1,1,1,2,0.6800000000000002,0.2025
frozen,0.45,0.69,1,1,1,1,2,0.6900000000000002,0.2025
frozen,0.45,0.7,1,1,1,1,2,0.7000000000000001,0.2025
frozen,0.45,0.71,1,1,1,1,2,0.7100000000000001,0.2025
frozen,0.45,0.72,1,1,1,1,2,0.7200000000000001,0.2025
frozen,0.45,0.73,1,1,1,1,2,0.7300000000000001,0.2025
frozen,0.45,0.74,1,1,1,1,2,0.7400000000000001,0.2025
frozen,0.45,0.75,1,1,1,1,2,0.7500000000000001,0.2025
frozen,0.45,0.76,1,1,1,1,2,0.7600000000000001,0.2025
frozen,0.45,0.77,1,1,1,1,2,0.7700000000000001,0.2025
frozen,0.45,0.78,1,1,1,1,2,0.7800000000000002,0.2025
frozen,0.45,0.79,1,1,1,1,2,0.7900000000000001,0.2025
frozen,0.45,0.8,1,1,1,1,2,0.8000000000000003,0.2025
frozen,0.45,0.81,1,1,1,1,2,0.8100000000000002,0.2025
frozen,0.45,0.82,1,1,1,1,2,0.8200000000000001,0.2025
frozen,0.45,0.83,1,1,1,1,2,0.8300000000000002,0.2025
frozen,0.45,0.84,1,1,1,1,2,0.8400000000000001,0.2025
frozen,0.45,0.85,1,1,1,1,2,0.8500000000000001,0.2025
frozen,0.45,0.86,1,1,1,1,2,0.8600000000000002,0.2025
frozen,0.45,0.87,1,1,1,1,2,0.8700000000000001,0.2025
frozen,0.45,0.88,1,1,1,1,2,0.8800000000000002,0.2025
frozen,0.45,0.89,1,1,1,1,2,0.8900000000000001,0.2025
frozen,0.45,0.9,1,1,1,1,2,0.9000000000000002,0.2025
frozen,0.45,0.91,1,1,1,1,2,0.91,0.2025
frozen,0.45,0.92,1,1,1,1,2,0.9200000000000004,0.2025
frozen,0.45,0.93,1,1,1,1,2,0.9300000000000002,0.2025
frozen,0.45,0.94,1,1,1,1,2,0.9400000000000002,0.2025
frozen,0.45,0.95,1,1,1,1,2,0.95,0.2025
frozen,0.5,0.5,1,1,1,1,2,0.5,0.25
frozen,0.5,0.51,1,1,1,1,2,0.51,0.25
frozen,0.5,0.52,1,1,1,1,2,0.52,0.25
frozen,0.5,0.53,1,1,1,1,2,0.53,0.25
frozen,0.5,0.54,1,1,1,1,2,0.54,0.25
frozen,0.5,0.55,1,1,1,1,2,0.55,0.25
frozen,0.5,0.56,1,1,1,1,2,0.56,0.25
frozen,0.5,0.57,1,1,1,1,2,0.57,0.25
frozen,0.5,0.58,1,1,1,1,2,0.5799999999999998,0.25
frozen,0.5,0.59,1,1,1,1,2,0.59,0.25
frozen,0.5,0.6,1,1,1,1,2,0.5999999999999999,0.25
frozen,0.5,0.61,1,1,1,1,2,0.61,0.25
frozen,0.5,0.62,1,1,1,1,2,0.6199999999999999,0.25
frozen,0.5,0.63,1,1,1,1,2,0.63,0.25
frozen,0.5,0.64,1,1,1,1,2,0.6399999999999999,0.25
frozen,0.5,0.65,1,1,1,1,2,0.65,0.25
frozen,0.5,0.66,1,1,1,1,2,0.6599999999999999,0.25
frozen,0.5,0.67,1,1,1,1,2,0.67,0.25
frozen,0.5,0.68,1,1,1,1,2,0.6799999999999999,0.25
frozen,0.5,0.69,1,1,1,1,2,0.69,0.25
frozen,0.5,0.7,1,1,1,1,2,0.6999999999999998,0.25
frozen,0.5,0.71,1,1,1,1,2,0.71,0.25
frozen,0.5,0.72,1,1,1,1,2,0.72,0.25
frozen,0.5,0.73,1,1,1,1,2,0.73,0.25
frozen,0.5,0.74,1,1,1,1,2,0.7399999999999999,0.25
frozen,0.5,0.75,1,1,1,1,2,0.75,0.25
frozen,0.5,0.76,1,1,1,1,2,0.76,0.25
frozen,0.5,0.77,1,1,1,1,2,0.77,0.25
frozen,0.5,0.78,1,1,1,1,2,0.7799999999999999,0.25
frozen,0.5,0.79,1,1,1,1,2,0.79,0.25
frozen,0.5,0.8,1,1,1,1,2,0.8,0.25
frozen,0.5,0.81,1,1,1,1,2,0.81,0.25
frozen,0.5,0.82,1,1,1,1,2,0.82,0.25
frozen,0.5,0.83,1,1,1,1,2,0.8299999999999998,0.25
frozen,0.5,0.84,1,1,1,1,2,0.84,0.25
frozen,0.5,0.85,1,1,1,1,2,0.8499999999999999,0.25
frozen,0.5,0.86,1,1,1,1,2,0.86,0.25
frozen,0.5,0.87,1,1,1,1,2,0.8699999999999999,0.25
frozen,0.5,0.88,1,1,1,1,2,0.88,0.25
frozen,0.5,0.89,1,1,1,1,2,0.8899999999999999,0.25
frozen,0.5,0.9,1,1,1,1,2,0.9,0.25
frozen,0.5,0.91,1,1,1,1,2,0.91,0.25
frozen,0.5,0.92,1,1,1,1,2,0.92,0.25
frozen,0.5,0.93,1,1,1,1,2,0.93,0.25
frozen,0.5,0.94,1,1,1,1,2,0.94,0.25
frozen,0.5,0.95,1,1,1,1,2,0.9499999999999998,0.25
frozen,0.55,0.5,1,1,1,1,3,0.5000000000000001,0.166375
frozen,0.55,0.51,1,1,1,1,3,0.51,0.166375
frozen,0.55,0.52,1,1,1,1,3,0.52,0.166375
frozen,0.55,0.53,1,1,1,1,3,0.53,0.166375
frozen,0.55,0.54,1,1,1,1,3,0.54,0.166375
frozen,0.55,0.55,1,1,1,1,3,0.55,0.166375
frozen,0.55,0.56,1,1,1,1,3,0.56,0.166375
frozen,0.55,0.57,1,1,1,1,3,0.57,0.166375
frozen,0.55,0.58,1,1,1,1,3,0.58,0.166375
frozen,0.55,0.59,1,1,1,1,3,0.59,0.166375
frozen,0.55,0.6,1,1,1,1,3,0.6000000000000001,0.166375
frozen,0.55,0.61,1,1,1,1,3,0.61,0.166375
frozen,0.55,0.62,1,1,1,1,3,0.6200000000000001,0.166375
frozen,0.55,0.63,1,1,1,1,3,0.63,0.166375
frozen,0.55,0.64,1,1,1,1,3,0.64,0.166375
frozen,0.55,0.65,1,1,1,1,3,0.6499999999999999,0.166375
frozen,0.55,0.66,1,1,1,1,3,0.66,0.166375
frozen,0.55,0.67,1,1,1,1,3,0.67,0.166375
frozen,0.55,0.68,1,1,1,1,3,0.6799999999999999,0.166375
frozen,0.55,0.69,1,1,1,1,3,0.69,0.166375
frozen,0.55,0.7,1,1,1,1,3,0.7,0.166375
frozen,0.55,0.71,1,1,1,1,3,0.71,0.166375
frozen,0.55,0.72,1,1,1,1,3,0.7200000000000001,0.166375
frozen,0.55,0.73,1,1,1,1,3,0.73,0.166375
frozen,0.55,0.74,1,1,1,1,3,0.74,0.166375
frozen,0.55,0.75,1,1,1,1,3,0.75,0.166375
frozen,0.55,0.76,1,1,1,1,3,0.76,0.166375
frozen,0.55,0.77,1,1,1,1,3,0.7700000000000001,0.166375
frozen,0.55,0.78,1,1,1,1,3,0.78,0.166375
frozen,0.55,0.79,1,1,1,1,3,0.79,0.166375
frozen,0.55,0.8,1,1,1,1,3,0.8000000000000002,0.166375
frozen,0.55,0.81,1,1,1,1,3,0.81,0.166375
frozen,0.55,0.82,1,1,1,1,3,0.82,0.166375
frozen,0.55,0.83,1,1,1,1,3,0.8299999999999998,0.166375
frozen,0.55,0.84,1,1,1,1,3,0.8400000000000001,0.166375
frozen,0.55,0.85,1,1,1,1,3,0.85,0.166375
frozen,0.55,0.86,1,1,1,1,3,0.86,0.166375
frozen,0.55,0.87,1,1,1,1,3,0.87,0.166375
frozen,0.55,0.88,1,1,1,1,3,0.88,0.166375
frozen,0.55,0.89,1,1,1,1,3,0.89,0.166375
frozen,0.55,0.9,1,1,1,1,3,0.9000000000000001,0.166375
frozen,0.55,0.91,1,1,1,1,3,0.91,0.166375
frozen,0.55,0.92,1,1,1,1,3,0.92,0.166375
frozen,0.55,0.93,1,1,1,1,3,0.9300000000000002,0.166375
frozen,0.55,0.94,1,1,1,1,3,0.9399999999999998,0.166375
frozen,0.55,0.95,1,1,1,1,3,0.95,0.166375
frozen,0.6,0.5,1,1,1,1,3,0.5,0.216
frozen,0.6,0.51,1,1,1,1,3,0.51,0.216
frozen,0.6,0.52,1,1,1,1,3,0.52,0.216
frozen,0.6,0.53,1,1,1,1,3,0.53,0.216
frozen,0.6,0.54,1,1,1,1,3,0.54,0.216
frozen,0.6,0.55,1,1,1,1,3,0.55,0.216
frozen,0.6,0.56,1,1,1,1,3,0.56,0.216
frozen,0.6,0.57,1,1,1,1,3,0.57,0.216
frozen,0.6,0.58,1,1,1,1,3,0.58,0.216
frozen,0.6,0.59,1,1,1,1,3,0.5899999999999999,0.216
frozen,0.6,0.6,1,1,1,1,3,0.6,0.216
frozen,0.6,0.61,1,1,1,1,3,0.61,0.216
frozen,0.6,0.62,1,1,1,1,3,0.6199999999999999,0.216
frozen,0.6,0.63,1,1,1,1,3,0.63,0.216
frozen,0.6,0.64,1,1,1,1,3,0.64,0.216
frozen,0.6,0.65,1,1,1,1,3,0.65,0.216
frozen,0.6,0.66,1,1,1,1,3,0.66,0.216
frozen,0.6,0.67,1,1,1,1,3,0.6699999999999999,0.216
frozen,0.6,0.68,1,1,1,1,3,0.68,0.216
frozen,0.6,0.69,1,1,1,1,3,0.6899999999999998,0.216
frozen,0.6,0.7,1,1,1,1,3,0.7,0.216
frozen,0.6,0.71,1,1,1,1,3,0.7099999999999999,0.216
frozen,0.6,0.72,1,1,1,1,3,0.72,0.216
frozen,0.6,0.73,1,1,1,1,3,0.7299999999999999,0.216
frozen,0.6,0.74,1,1,1,1,3,0.74,0.216
frozen,0.6,0.75,1,1,1,1,3,0.7500000000000001,0.216
frozen,0.6,0.76,1,1,1,1,3,0.76,0.216
frozen,0.6,0.77,1,1,1,1,3,0.7700000000000001,0.216
frozen,0.6,0.78,1,1,1,1,3,0.78,0.216
frozen,0.6,0.79,1,1,1,1,3,0.79,0.216
frozen,0.6,0.8,1,1,1,1,3,0.8000000000000003,0.216
frozen,0.6,0.81,1,1,1,1,3,0.81,0.216
frozen,0.6,0.82,1,1,1,1,3,0.82,0.216
frozen,0.6,0.83,1,1,1,1,3,0.83,0.216
frozen,0.6,0.84,1,1,1,1,3,0.8400000000000001,0.216
frozen,0.6,0.85,1,1,1,1,3,0.8500000000000001,0.216
frozen,0.6,0.86,1,1,1,1,3,0.8599999999999999,0.216
frozen,0.6,0.87,1,1,1,1,3,0.87,0.216
frozen,0.6,0.88,1,1,1,1,3,0.8800000000000001,0.216
frozen,0.6,0.89,1,1,1,1,3,0.8900000000000002,0.216
frozen,0.6,0.9,1,1,1,1,3,0.9000000000000001,0.216
frozen,0.6,0.91,1,1,1,1,3,0.91,0.216
frozen,0.6,0.92,1,1,1,1,3,0.9200000000000002,0.216
frozen,0.6,0.93,1,1,1,1,3,0.9300000000000002,0.216
frozen,0.6,0.94,1,1,1,1,3,0.94,0.216
frozen,0.6,0.95,1,1,1,1,3,0.95,0.216
frozen,0.65,0.5,1,1,1,1,3,0.5,0.274625
frozen,0.65,0.51,1,1,1,1,3,0.5100000000000001,0.274625
frozen,0.65,0.52,1,1,1,1,3,0.5200000000000001,0.274625
frozen,0.65,0.53,1,1,1,1,3,0.5300000000000001,0.274625
frozen,0.65,0.54,1,1,1,1,3,0.5400000000000001,0.274625
frozen,0.65,0.55,1,1,1,1,3,0.5500000000000002,0.274625
frozen,0.65,0.56,1,1,1,1,3,0.5600000000000002,0.274625
frozen,0.65,0.57,1,1,1,1,3,0.5700000000000002,0.274625
frozen,0.65,0.58,1,1,1,1,3,0.5800000000000001,0.274625
frozen,0.65,0.59,1,1,1,1,3,0.5900000000000001,0.274625
frozen,0.65,0.6,1,1,1,1,3,0.6000000000000001,0.274625
frozen,0.65,0.61,1,1,1,1,3,0.6100000000000001,0.274625
frozen,0.65,0.62,1,1,1,1,3,0.6200000000000001,0.274625
frozen,0.65,0.63,1,1,1,1,3,0.63,0.274625
frozen,0.65,0.64,1,1,1,1,3,0.64,0.274625
frozen,0.65,0.65,1,1,1,1,3,0.65,0.274625
frozen,0.65,0.66,1,1,1,1,3,0.6600000000000001,0.274625
frozen,0.65,0.67,1,1,1,1,3,0.67,0.274625
frozen,0.65,0.68,1,1,1,1,3,0.6800000000000002,0.274625
frozen,0.65,0.69,1,1,1,1,3,0.6900000000000001,0.274625
frozen,0.65,0.7,1,1,1,1,3,0.7,0.274625
frozen,0.65,0.71,1,1,1,1,3,0.7100000000000001,0.274625
frozen,0.65,0.72,1,1,1,1,3,0.7200000000000001,0.274625
frozen,0.65,0.73,1,1,1,1,3,0.7300000000000002,0.274625
frozen,0.65,0.74,1,1,1,1,3,0.7400000000000001,0.274625
frozen,0.65,0.75,1,1,1,1,3,0.7500000000000001,0.274625
frozen,0.65,0.76,1,1,1,1,3,0.76,0.274625
frozen,0.65,0.77,1,1,1,1,3,0.7700000000000001,0.274625
frozen,0.65,0.78,1,1,1,1,3,0.78,0.274625
frozen,0.65,0.79,1,1,1,1,3,0.7900000000000001,0.274625
frozen,0.65,0.8,1,1,1,1,3,0.8,0.274625
frozen,0.65,0.81,1,1,1,1,3,0.8100000000000002,0.274625
frozen,0.65,0.82,1,1,1,1,3,0.8200000000000001,0.274625
frozen,0.65,0.83,1,1,1,1,3,0.8300000000000002,0.274625
frozen,0.65,0.84,1,1,1,1,3,0.8400000000000001,0.274625
frozen,0.65,0.85,1,1,1,1,3,0.8500000000000001,0.274625
frozen,0.65,0.86,1,1,1,1,3,0.8600000000000001,0.274625
frozen,0.65,0.87,1,1,1,1,3,0.8700000000000001,0.274625
frozen,0.65,0.88,1,1,1,1,3,0.8800000000000002,0.274625
frozen,0.65,0.89,1,1,1,1,3,0.8900000000000003,0.274625
frozen,0.65,0.9,1,1,1,1,3,0.9000000000000002,0.274625
frozen,0.65,0.91,1,1,1,1,3,0.91,0.274625
frozen,0.65,0.92,1,1,1,1,3,0.9200000000000004,0.274625
frozen,0.65,0.93,1,1,1,1,3,0.9300000000000002,0.274625
frozen,0.65,0.94,1,1,1,1,3,0.9400000000000002,0.274625
frozen,0.65,0.95,1,1,1,1,3,0.95,0.274625
frozen,0.7,0.5,1,1,1,1,4,0.5,0.2400999999999999
frozen,0.7,0.51,1,1,1,1,4,0.5100000000000001,0.2400999999999999
frozen,0.7,0.52,1,1,1,1,4,0.5200000000000001,0.2400999999999999
frozen,0.7,0.53,1,1,1,1,4,0.53,0.2400999999999999
frozen,0.7,0.54,1,1,1,1,4,0.54,0.2400999999999999
frozen,0.7,0.55,1,1,1,1,4,0.55,0.2400999999999999
frozen,0.7,0.56,1,1,1,1,4,0.5600000000000002,0.2400999999999999
frozen,0.7,0.57,1,1,1,1,4,0.5700000000000001,0.2400999999999999
frozen,0.7,0.58,1,1,1,1,4,0.5800000000000001,0.2400999999999999
frozen,0.7,0.59,1,1,1,1,4,0.5900000000000001,0.2400999999999999
frozen,0.7,0.6,1,1,1,1,4,0.6,0.2400999999999999
frozen,0.7,0.61,1,1,1,1,4,0.6100000000000001,0.2400999999999999
frozen,0.7,0.62,1,1,1,1,4,0.6200000000000001,0.2400999999999999
frozen,0.7,0.63,1,1,1,1,4,0.63,0.2400999999999999
frozen,0.7,0.64,1,1,1,1,4,0.64,0.2400999999999999
frozen,0.7,0.65,1,1,1,1,4,0.65,0.2400999999999999
frozen,0.7,0.66,1,1,1,1,4,0.66,0.2400999999999999
frozen,0.7,0.67,1,1,1,1,4,0.67,0.2400999999999999
frozen,0.7,0.68,1,1,1,1,4,0.6800000000000002,0.2400999999999999
frozen,0.7,0.69,1,1,1,1,4,0.6900000000000001,0.2400999999999999
frozen,0.7,0.7,1,1,1,1,4,0.7000000000000001,0.2400999999999999
frozen,0.7,0.71,1,1,1,1,4,0.7100000000000001,0.2400999999999999
frozen,0.7,0.72,1,1,1,1,4,0.7200000000000001,0.2400999999999999
frozen,0.7,0.73,1,1,1,1,4,0.7300000000000001,0.2400999999999999
frozen,0.7,0.74,1,1,1,1,4,0.7400000000000001,0.2400999999999999
frozen,0.7,0.75,1,1,1,1,4,0.75,0.2400999999999999
frozen,0.7,0.76,1,1,1,1,4,0.7600000000000001,0.2400999999999999
frozen,0.7,0.77,1,1,1,1,4,0.7700000000000001,0.2400999999999999
frozen,0.7,0.78,1,1,1,1,4,0.78,0.2400999999999999
frozen,0.7,0.79,1,1,1,1,4,0.7900000000000001,0.2400999999999999
frozen,0.7,0.8,1,1,1,1,4,0.8,0.2400999999999999
frozen,0.7,0.81,1,1,1,1,4,0.81,0.2400999999999999
frozen,0.7,0.82,1,1,1,1,4,0.82,0.2400999999999999
frozen,0.7,0.83,1,1,1,1,4,0.83,0.2400999999999999
frozen,0.7,0.84,1,1,1,1,4,0.8399999999999999,0.2400999999999999
frozen,0.7,0.85,1,1,1,1,4,0.8500000000000001,0.2400999999999999
frozen,0.7,0.86,1,1,1,1,4,0.8599999999999999,0.2400999999999999
frozen,0.7,0.87,1,1,1,1,4,0.87,0.2400999999999999
frozen,0.7,0.88,1,1,1,1,4,0.8800000000000001,0.2400999999999999
frozen,0.7,0.89,1,1,1,1,4,0.8900000000000001,0.2400999999999999
frozen,0.7,0.9,1,1,1,1,4,0.9000000000000002,0.2400999999999999
frozen,0.7,0.91,1,1,1,1,4,0.9100000000000004,0.2400999999999999
frozen,0.7,0.92,1,1,1,1,4,0.9200000000000002,0.2400999999999999
frozen,0.7,0.93,1,1,1,1,4,0.9300000000000004,0.2400999999999999
frozen,0.7,0.94,1,1,1,1,4,0.94,0.2400999999999999
frozen,0.7,0.95,1,1,1,1,4,0.95,0.2400999999999999
